# 3ds Max Wavefront OBJ Exporter v0.97b - (c)2007 guruware
# File Created: 13.12.2019 14:02:24

mtllib Atom.mtl

#
# object Atom
#

v  44.995720 0.591116 -0.000010
v  44.995720 1.391116 -0.000010
v  42.475960 1.991116 -0.000009
v  42.475960 -0.008884 -0.000009
v  43.688229 0.591116 5.088784
v  42.639709 1.991116 4.966653
v  40.193169 1.391116 4.681681
v  41.241688 -0.008884 4.803812
v  39.841736 0.591116 9.881837
v  38.885532 1.991116 9.644672
v  36.654396 1.391116 9.091290
v  37.610596 -0.008884 9.328453
v  33.679787 0.591116 14.100591
v  32.871471 1.991116 13.762177
v  30.985403 1.391116 12.972545
v  31.793718 -0.008884 13.310960
v  25.560492 0.591116 17.499872
v  24.947039 1.991116 17.079874
v  23.515652 1.391116 16.099884
v  24.129105 -0.008884 16.519880
v  15.955710 0.591116 19.882124
v  15.572774 1.991116 19.404953
v  14.679253 1.391116 18.291555
v  15.062190 -0.008884 18.768726
v  5.423644 0.591116 21.108900
v  5.293476 1.991116 20.602285
v  4.989752 1.391116 19.420187
v  5.119919 -0.008884 19.926800
v  -5.423626 0.591116 21.108904
v  -5.293459 1.991116 20.602289
v  -4.989736 1.391116 19.420191
v  -5.119903 -0.008884 19.926804
v  -15.955694 0.591116 19.882132
v  -15.572758 1.991116 19.404961
v  -14.679238 1.391116 18.291561
v  -15.062175 -0.008884 18.768734
v  -25.560472 0.591116 17.499886
v  -24.947021 1.991116 17.079889
v  -23.515635 1.391116 16.099894
v  -24.129086 -0.008884 16.519890
v  -33.679771 0.591116 14.100609
v  -32.871456 1.991116 13.762194
v  -30.985394 1.391116 12.972560
v  -31.793707 -0.008884 13.310974
v  -39.841724 0.591116 9.881856
v  -38.885525 1.991116 9.644691
v  -36.654392 1.391116 9.091308
v  -37.610592 -0.008884 9.328473
v  -43.688225 0.591116 5.088806
v  -42.639706 1.991116 4.966674
v  -40.193165 1.391116 4.681701
v  -41.241684 -0.008884 4.803833
v  -44.995720 0.591116 0.000013
v  -43.915821 1.991116 0.000013
v  -41.396061 1.391116 0.000012
v  -42.475960 -0.008884 0.000012
v  -43.688229 0.591116 -5.088780
v  -42.639709 1.991116 -4.966650
v  -40.193169 1.391116 -4.681678
v  -41.241688 -0.008884 -4.803809
v  -39.841736 0.591116 -9.881836
v  -38.885532 1.991116 -9.644671
v  -36.654396 1.391116 -9.091290
v  -37.610596 -0.008884 -9.328452
v  -33.679783 0.591116 -14.100593
v  -32.871468 1.991116 -13.762178
v  -30.985399 1.391116 -12.972547
v  -31.793715 -0.008884 -13.310961
v  -25.560484 0.591116 -17.499874
v  -24.947033 1.991116 -17.079878
v  -23.515644 1.391116 -16.099886
v  -24.129095 -0.008884 -16.519882
v  -15.955698 0.591116 -19.882126
v  -15.572762 1.991116 -19.404955
v  -14.679243 1.391116 -18.291557
v  -15.062180 -0.008884 -18.768726
v  -5.423627 0.591116 -21.108900
v  -5.293459 1.991116 -20.602285
v  -4.989737 1.391116 -19.420189
v  -5.119904 -0.008884 -19.926802
v  5.423647 0.591116 -21.108902
v  5.293480 1.991116 -20.602289
v  4.989756 1.391116 -19.420189
v  5.119923 -0.008884 -19.926802
v  15.955718 0.591116 -19.882130
v  15.572780 1.991116 -19.404957
v  14.679259 1.391116 -18.291557
v  15.062198 -0.008884 -18.768732
v  25.560499 0.591116 -17.499878
v  24.947046 1.991116 -17.079882
v  23.515659 1.391116 -16.099886
v  24.129112 -0.008884 -16.519882
v  33.679794 0.591116 -14.100596
v  32.871483 1.991116 -13.762182
v  30.985413 1.391116 -12.972548
v  31.793728 -0.008884 -13.310962
v  39.841743 0.591116 -9.881838
v  38.885548 1.991116 -9.644674
v  36.654408 1.391116 -9.091290
v  37.610607 -0.008884 -9.328455
v  42.639717 -0.008884 -4.966653
v  43.688232 1.391116 -5.088784
v  41.241695 1.991116 -4.803813
v  40.193176 0.591116 -4.681682
v  43.915821 -0.008884 -0.000009
v  43.915821 1.991116 -0.000009
v  41.396061 1.391116 -0.000009
v  41.396061 0.591116 -0.000009
v  42.639709 -0.008884 4.966653
v  43.688229 1.391116 5.088784
v  41.241688 1.991116 4.803812
v  40.193169 0.591116 4.681681
v  38.885532 -0.008884 9.644672
v  39.841736 1.391116 9.881837
v  37.610596 1.991116 9.328453
v  36.654396 0.591116 9.091290
v  32.871471 -0.008884 13.762177
v  33.679787 1.391116 14.100591
v  31.793718 1.991116 13.310960
v  30.985403 0.591116 12.972545
v  24.947039 -0.008884 17.079874
v  25.560492 1.391116 17.499872
v  24.129105 1.991116 16.519880
v  23.515652 0.591116 16.099884
v  15.572774 -0.008884 19.404953
v  15.955710 1.391116 19.882124
v  15.062190 1.991116 18.768726
v  14.679253 0.591116 18.291555
v  5.293476 -0.008884 20.602285
v  5.423644 1.391116 21.108900
v  5.119919 1.991116 19.926800
v  4.989752 0.591116 19.420187
v  -5.293459 -0.008884 20.602289
v  -5.423626 1.391116 21.108904
v  -5.119903 1.991116 19.926804
v  -4.989736 0.591116 19.420191
v  -15.572758 -0.008884 19.404961
v  -15.955694 1.391116 19.882132
v  -15.062175 1.991116 18.768734
v  -14.679238 0.591116 18.291561
v  -24.947021 -0.008884 17.079889
v  -25.560472 1.391116 17.499886
v  -24.129086 1.991116 16.519890
v  -23.515635 0.591116 16.099894
v  -32.871456 -0.008884 13.762194
v  -33.679771 1.391116 14.100609
v  -31.793707 1.991116 13.310974
v  -30.985394 0.591116 12.972560
v  -38.885525 -0.008884 9.644691
v  -39.841724 1.391116 9.881856
v  -37.610592 1.991116 9.328473
v  -36.654392 0.591116 9.091308
v  -42.639706 -0.008884 4.966674
v  -43.688225 1.391116 5.088806
v  -41.241684 1.991116 4.803833
v  -40.193165 0.591116 4.681701
v  -43.915821 -0.008884 0.000013
v  -44.995720 1.391116 0.000013
v  -42.475960 1.991116 0.000012
v  -41.396061 0.591116 0.000012
v  -42.639709 -0.008884 -4.966650
v  -43.688229 1.391116 -5.088780
v  -41.241688 1.991116 -4.803809
v  -40.193169 0.591116 -4.681678
v  -38.885532 -0.008884 -9.644671
v  -39.841736 1.391116 -9.881836
v  -37.610596 1.991116 -9.328452
v  -36.654396 0.591116 -9.091290
v  -32.871468 -0.008884 -13.762178
v  -33.679783 1.391116 -14.100593
v  -31.793715 1.991116 -13.310961
v  -30.985399 0.591116 -12.972547
v  -24.947033 -0.008884 -17.079878
v  -25.560484 1.391116 -17.499874
v  -24.129095 1.991116 -16.519882
v  -23.515644 0.591116 -16.099886
v  -15.572762 -0.008884 -19.404955
v  -15.955698 1.391116 -19.882126
v  -15.062180 1.991116 -18.768726
v  -14.679243 0.591116 -18.291557
v  -5.293459 -0.008884 -20.602285
v  -5.423627 1.391116 -21.108900
v  -5.119904 1.991116 -19.926802
v  -4.989737 0.591116 -19.420189
v  5.293480 -0.008884 -20.602289
v  5.423647 1.391116 -21.108902
v  5.119923 1.991116 -19.926802
v  4.989756 0.591116 -19.420189
v  15.572780 -0.008884 -19.404957
v  15.955718 1.391116 -19.882130
v  15.062198 1.991116 -18.768732
v  14.679259 0.591116 -18.291557
v  24.947046 -0.008884 -17.079882
v  25.560499 1.391116 -17.499878
v  24.129112 1.991116 -16.519882
v  23.515659 0.591116 -16.099886
v  32.871483 -0.008884 -13.762182
v  33.679794 1.391116 -14.100596
v  31.793728 1.991116 -13.310962
v  30.985413 0.591116 -12.972548
v  38.885548 -0.008884 -9.644674
v  39.841743 1.391116 -9.881838
v  37.610607 1.991116 -9.328455
v  36.654408 0.591116 -9.091290
v  43.688232 0.591116 -5.088784
v  42.639717 1.991116 -4.966653
v  40.193176 1.391116 -4.681682
v  41.241695 -0.008884 -4.803813
v  32.016769 32.607895 0.282837
v  31.616770 33.007896 -0.282849
v  29.535028 31.526157 -0.707112
v  30.535028 30.526157 0.707101
v  28.547836 34.227753 3.881157
v  27.167486 34.125275 2.804848
v  25.880011 31.952824 3.027607
v  27.260361 32.055305 4.103916
v  23.431433 33.904396 7.270357
v  22.173878 33.809681 6.112707
v  21.172918 31.655334 6.145671
v  22.430470 31.750053 7.303320
v  16.964899 31.656616 10.253468
v  15.862539 31.615845 9.024223
v  15.223709 29.587376 8.890132
v  16.326065 29.628151 10.119377
v  9.524053 27.615047 12.657123
v  8.600274 27.671272 11.370190
v  8.378126 25.869133 11.101494
v  9.301906 25.812906 12.388426
v  1.541322 22.014565 14.341627
v  0.809131 22.205204 13.014268
v  1.034016 20.716690 12.651240
v  1.766208 20.526052 13.978601
v  -6.519358 15.180656 15.209089
v  -7.058094 15.535307 13.860910
v  -6.381809 14.429492 13.449303
v  -5.843074 14.074841 14.797482
v  -14.189532 7.510478 15.209091
v  -14.544186 8.049212 13.860912
v  -13.438370 7.372928 13.449305
v  -13.083720 6.834192 14.797484
v  -21.023441 -0.550205 14.341631
v  -21.214081 0.181985 13.014272
v  -19.725567 -0.042900 12.651244
v  -19.534929 -0.775091 13.978605
v  -26.623920 -8.532934 12.657129
v  -26.680145 -7.609156 11.370196
v  -24.878006 -7.387011 11.101501
v  -24.821781 -8.310787 12.388433
v  -30.665495 -15.973785 10.253478
v  -30.624722 -14.871428 9.024232
v  -28.596254 -14.232594 8.890141
v  -28.637026 -15.334950 10.119387
v  -32.913273 -22.440319 7.270369
v  -32.818558 -21.182766 6.112719
v  -30.664211 -20.181808 6.145683
v  -30.758932 -21.439358 7.303333
v  -33.236629 -27.556728 3.881171
v  -33.134151 -26.176380 2.804862
v  -30.961700 -24.888901 3.027620
v  -31.064180 -26.269249 4.103929
v  -31.616777 -31.025663 0.282851
v  -31.553173 -29.562059 -0.707099
v  -29.471430 -28.080322 -0.282835
v  -29.535036 -29.543924 0.707115
v  -28.147839 -32.645523 -3.315469
v  -28.167490 -31.143044 -4.219059
v  -26.280010 -29.570591 -3.593290
v  -26.260363 -31.073071 -2.689700
v  -23.031431 -32.322166 -6.704671
v  -23.173878 -30.827450 -7.526921
v  -21.572916 -29.273106 -6.711356
v  -21.430470 -30.767822 -5.889106
v  -16.564896 -30.074387 -9.687784
v  -16.862539 -28.633612 -10.438439
v  -15.623702 -27.205147 -9.455820
v  -15.326059 -28.645918 -8.705166
v  -9.124044 -26.032814 -12.091439
v  -9.600268 -24.689039 -12.784406
v  -8.778120 -23.486897 -11.667182
v  -8.301898 -24.830671 -10.974215
v  -1.141313 -20.432327 -13.775946
v  -1.809121 -19.222965 -14.428483
v  -1.434008 -18.334450 -13.216928
v  -0.766200 -19.543816 -12.564389
v  6.919370 -13.598413 -14.643406
v  6.058105 -12.553064 -15.275124
v  5.981821 -12.047252 -14.014991
v  6.843086 -13.092600 -13.383271
v  14.589548 -5.928230 -14.643406
v  13.544200 -5.066967 -15.275124
v  13.038384 -4.990683 -14.014992
v  14.083734 -5.851946 -13.383270
v  21.423460 2.132456 -13.775947
v  20.214094 2.800262 -14.428483
v  19.325581 2.425147 -13.216929
v  20.534946 1.757339 -12.564391
v  27.023937 10.115190 -12.091439
v  25.680162 10.591411 -12.784406
v  24.478022 9.769262 -11.667182
v  25.821796 9.293041 -10.974215
v  31.065500 17.556038 -9.687783
v  29.624729 17.853682 -10.438438
v  28.196262 16.614845 -9.455820
v  29.637032 16.317204 -8.705165
v  33.313274 24.022572 -6.704672
v  31.818558 24.165020 -7.526921
v  30.264212 22.564056 -6.711355
v  31.758932 22.421612 -5.889106
v  33.134148 28.158628 -2.804847
v  33.236626 29.538975 -3.881156
v  31.064173 28.251499 -4.103915
v  30.961695 26.871149 -3.027606
v  31.553165 31.544292 0.707101
v  30.553165 32.544292 -0.707113
v  29.071426 30.462555 -0.282848
v  29.471424 30.062553 0.282837
v  28.167488 33.125275 4.219061
v  28.147837 34.627754 3.315472
v  26.260361 33.055302 2.689702
v  26.280010 31.552822 3.593292
v  23.173878 32.809681 7.526920
v  23.031431 34.304398 6.704672
v  21.430470 32.750053 5.889107
v  21.572918 31.255335 6.711356
v  16.862539 30.615845 10.438437
v  16.564899 32.056618 9.687781
v  15.326064 30.628151 8.705163
v  15.623709 29.187376 9.455818
v  9.600275 26.671272 12.784404
v  9.124052 28.015049 12.091436
v  8.301905 26.812906 10.974212
v  8.778126 25.469131 11.667180
v  1.809131 21.205204 14.428481
v  1.141322 22.414566 13.775943
v  0.766207 21.526052 12.564387
v  1.434016 20.316689 13.216926
v  -6.058094 14.535307 15.275124
v  -6.919359 15.580656 14.643404
v  -6.843074 15.074841 13.383269
v  -5.981809 14.029492 14.014990
v  -13.544185 7.049212 15.275126
v  -14.589533 7.910478 14.643406
v  -14.083720 7.834192 13.383271
v  -13.038370 6.972928 14.014992
v  -20.214081 -0.818015 14.428485
v  -21.423443 -0.150206 13.775947
v  -20.534929 0.224909 12.564392
v  -19.325567 -0.442900 13.216930
v  -25.680145 -8.609156 12.784410
v  -27.023920 -8.132935 12.091444
v  -25.821781 -7.310787 10.974219
v  -24.478006 -7.787010 11.667187
v  -29.624722 -15.871428 10.438446
v  -31.065493 -15.573784 9.687793
v  -29.637028 -14.334950 8.705173
v  -28.196251 -14.632594 9.455828
v  -31.818554 -22.182766 7.526932
v  -33.313271 -22.040318 6.704684
v  -31.758932 -20.439358 5.889119
v  -30.264212 -20.581808 6.711368
v  -32.134151 -27.176380 4.219075
v  -33.636627 -27.156727 3.315486
v  -32.064182 -25.269249 2.689716
v  -30.561703 -25.288900 3.593305
v  -30.553171 -30.562059 0.707115
v  -32.016777 -30.625664 -0.282834
v  -30.535036 -28.543924 -0.707099
v  -29.071432 -28.480322 0.282850
v  -27.167488 -32.143044 -2.804846
v  -28.547838 -32.245522 -3.881155
v  -27.260363 -30.073071 -4.103914
v  -25.880011 -29.970592 -3.027605
v  -22.173878 -31.827450 -6.112707
v  -23.431431 -31.922165 -7.270357
v  -22.430470 -29.767822 -7.303320
v  -21.172916 -29.673105 -6.145671
v  -15.862537 -29.633612 -9.024225
v  -16.964895 -29.674385 -10.253469
v  -16.326059 -27.645918 -10.119379
v  -15.223702 -27.605146 -8.890134
v  -8.600267 -25.689039 -11.370193
v  -9.524045 -25.632813 -12.657125
v  -9.301899 -23.830671 -12.388429
v  -8.378120 -23.886898 -11.101497
v  -0.809121 -20.222965 -13.014270
v  -1.541313 -20.032326 -14.341631
v  -1.766200 -18.543816 -13.978601
v  -1.034008 -18.734451 -12.651241
v  7.058105 -13.553064 -13.860910
v  6.519370 -13.198413 -15.209090
v  5.843086 -12.092600 -14.797484
v  6.381822 -12.447251 -13.449306
v  14.544199 -6.066967 -13.860910
v  14.189548 -5.528231 -15.209091
v  13.083734 -4.851947 -14.797483
v  13.438384 -5.390682 -13.449306
v  21.214096 1.800262 -13.014271
v  21.023458 2.532455 -14.341631
v  19.534945 2.757339 -13.978604
v  19.725580 2.025147 -12.651244
v  26.680162 9.591411 -11.370192
v  26.623938 10.515189 -12.657124
v  24.821796 10.293041 -12.388428
v  24.878021 9.369263 -11.101496
v  30.624729 16.853682 -9.024225
v  30.665501 17.956039 -10.253469
v  28.637033 17.317204 -10.119379
v  28.596262 16.214848 -8.890135
v  32.818562 23.165020 -6.112707
v  32.913277 24.422573 -7.270358
v  30.758932 23.421612 -7.303320
v  30.664211 22.164057 -6.145670
v  33.636623 29.138975 -3.315470
v  32.134148 29.158628 -4.219060
v  30.561695 27.271149 -3.593291
v  32.064175 27.251499 -2.689701
v  -0.000001 45.986832 -0.399998
v  -0.000001 45.986832 0.400002
v  -0.000001 43.467072 1.000002
v  -0.000001 43.467072 -0.999998
v  5.088792 44.679340 -0.400000
v  4.966661 43.630821 1.000000
v  4.681689 41.184284 0.400000
v  4.803820 42.232800 -1.000000
v  9.881844 40.832848 -0.400001
v  9.644679 39.876648 0.999999
v  9.091296 37.645508 0.399999
v  9.328461 38.601707 -1.000001
v  14.100596 34.670895 -0.400003
v  13.762183 33.862583 0.999997
v  12.972549 31.976515 0.399997
v  13.310965 32.784828 -1.000003
v  17.499876 26.551601 -0.400004
v  17.079880 25.938148 0.999996
v  16.099886 24.506762 0.399996
v  16.519882 25.120214 -1.000004
v  19.882128 16.946821 -0.400005
v  19.404957 16.563885 0.999995
v  18.291557 15.670363 0.399995
v  18.768728 16.053301 -1.000005
v  21.108900 6.414754 -0.400006
v  20.602287 6.284587 0.999994
v  19.420189 5.980864 0.399994
v  19.926802 6.111031 -1.000006
v  21.108900 -4.432514 -0.400007
v  20.602287 -4.302347 0.999994
v  19.420189 -3.998624 0.399994
v  19.926802 -4.128791 -1.000006
v  19.882128 -14.964581 -0.400007
v  19.404957 -14.581645 0.999993
v  18.291559 -13.688126 0.399994
v  18.768730 -14.071062 -1.000006
v  17.499880 -24.569359 -0.400006
v  17.079884 -23.955908 0.999994
v  16.099890 -22.524523 0.399994
v  16.519886 -23.137974 -1.000006
v  14.100602 -32.688660 -0.400006
v  13.762187 -31.880344 0.999994
v  12.972553 -29.994278 0.399995
v  13.310967 -30.802591 -1.000005
v  9.881848 -38.850609 -0.400005
v  9.644684 -37.894409 0.999995
v  9.091300 -35.663273 0.399996
v  9.328465 -36.619473 -1.000004
v  5.088797 -42.697105 -0.400003
v  4.966667 -41.648586 0.999997
v  4.681694 -39.202049 0.399997
v  4.803825 -40.250565 -1.000003
v  0.000004 -44.004601 -0.400002
v  0.000004 -42.924702 0.999998
v  0.000004 -40.404942 0.399998
v  0.000004 -41.484840 -1.000002
v  -5.088789 -42.697109 -0.400000
v  -4.966658 -41.648590 1.000000
v  -4.681685 -39.202053 0.400000
v  -4.803817 -40.250568 -1.000000
v  -9.881843 -38.850616 -0.399999
v  -9.644678 -37.894417 1.000001
v  -9.091296 -35.663277 0.400001
v  -9.328460 -36.619476 -0.999999
v  -14.100598 -32.688660 -0.399997
v  -13.762185 -31.880348 1.000003
v  -12.972551 -29.994280 0.400002
v  -13.310966 -30.802595 -0.999997
v  -17.499880 -24.569363 -0.399996
v  -17.079884 -23.955912 1.000004
v  -16.099890 -22.524525 0.400004
v  -16.519886 -23.137974 -0.999996
v  -19.882130 -14.964578 -0.399995
v  -19.404959 -14.581641 1.000005
v  -18.291559 -13.688123 0.400005
v  -18.768730 -14.071059 -0.999995
v  -21.108900 -4.432507 -0.399994
v  -20.602287 -4.302340 1.000006
v  -19.420191 -3.998617 0.400006
v  -19.926802 -4.128784 -0.999994
v  -21.108900 6.414767 -0.399993
v  -20.602285 6.284599 1.000006
v  -19.420187 5.980875 0.400006
v  -19.926800 6.111042 -0.999994
v  -19.882124 16.946836 -0.399993
v  -19.404953 16.563898 1.000007
v  -18.291555 15.670378 0.400006
v  -18.768726 16.053316 -0.999994
v  -17.499872 26.551617 -0.399994
v  -17.079876 25.938164 1.000006
v  -16.099882 24.506777 0.400006
v  -16.519878 25.120230 -0.999994
v  -14.100589 34.670914 -0.399994
v  -13.762176 33.862598 1.000005
v  -12.972542 31.976528 0.400005
v  -13.310956 32.784843 -0.999995
v  -9.881830 40.832859 -0.399995
v  -9.644667 39.876659 1.000005
v  -9.091284 37.645523 0.400004
v  -9.328447 38.601723 -0.999996
v  -4.966645 43.630829 -0.999997
v  -5.088776 44.679348 0.400003
v  -4.803804 42.232807 1.000003
v  -4.681674 41.184288 -0.399997
v  -0.000001 44.906933 -0.999998
v  -0.000001 44.906933 1.000002
v  -0.000001 42.387173 0.400002
v  -0.000001 42.387173 -0.399998
v  4.966661 43.630821 -1.000000
v  5.088792 44.679340 0.400000
v  4.803820 42.232800 1.000000
v  4.681689 41.184284 -0.400000
v  9.644679 39.876648 -1.000001
v  9.881844 40.832848 0.399999
v  9.328461 38.601707 0.999999
v  9.091296 37.645508 -0.400001
v  13.762183 33.862583 -1.000003
v  14.100596 34.670895 0.399997
v  13.310965 32.784828 0.999997
v  12.972549 31.976515 -0.400003
v  17.079880 25.938148 -1.000004
v  17.499876 26.551601 0.399996
v  16.519882 25.120214 0.999996
v  16.099886 24.506762 -0.400004
v  19.404957 16.563885 -1.000005
v  19.882128 16.946821 0.399995
v  18.768728 16.053301 0.999995
v  18.291557 15.670363 -0.400005
v  20.602287 6.284587 -1.000006
v  21.108900 6.414754 0.399994
v  19.926802 6.111031 0.999994
v  19.420189 5.980864 -0.400006
v  20.602287 -4.302347 -1.000006
v  21.108900 -4.432514 0.399993
v  19.926802 -4.128791 0.999994
v  19.420189 -3.998624 -0.400006
v  19.404957 -14.581645 -1.000007
v  19.882128 -14.964581 0.399993
v  18.768730 -14.071062 0.999994
v  18.291559 -13.688126 -0.400006
v  17.079884 -23.955908 -1.000006
v  17.499880 -24.569359 0.399994
v  16.519886 -23.137974 0.999994
v  16.099890 -22.524523 -0.400006
v  13.762187 -31.880344 -1.000005
v  14.100602 -32.688660 0.399994
v  13.310967 -30.802591 0.999995
v  12.972553 -29.994278 -0.400005
v  9.644684 -37.894409 -1.000005
v  9.881848 -38.850609 0.399995
v  9.328465 -36.619473 0.999996
v  9.091300 -35.663273 -0.400004
v  4.966666 -41.648586 -1.000003
v  5.088797 -42.697105 0.399997
v  4.803825 -40.250565 0.999997
v  4.681694 -39.202049 -0.400003
v  0.000004 -42.924702 -1.000002
v  0.000004 -44.004601 0.399998
v  0.000004 -41.484840 0.999998
v  0.000004 -40.404942 -0.400002
v  -4.966658 -41.648590 -1.000000
v  -5.088789 -42.697109 0.400000
v  -4.803817 -40.250568 1.000000
v  -4.681685 -39.202053 -0.400000
v  -9.644678 -37.894417 -0.999999
v  -9.881843 -38.850616 0.400001
v  -9.328460 -36.619476 1.000001
v  -9.091296 -35.663277 -0.399999
v  -13.762185 -31.880348 -0.999997
v  -14.100598 -32.688660 0.400003
v  -13.310966 -30.802595 1.000003
v  -12.972551 -29.994280 -0.399997
v  -17.079884 -23.955912 -0.999996
v  -17.499880 -24.569363 0.400004
v  -16.519886 -23.137974 1.000004
v  -16.099890 -22.524525 -0.399996
v  -19.404959 -14.581641 -0.999995
v  -19.882130 -14.964578 0.400005
v  -18.768730 -14.071059 1.000005
v  -18.291559 -13.688123 -0.399995
v  -20.602287 -4.302340 -0.999994
v  -21.108900 -4.432507 0.400006
v  -19.926802 -4.128784 1.000006
v  -19.420191 -3.998617 -0.399994
v  -20.602285 6.284599 -0.999994
v  -21.108900 6.414767 0.400007
v  -19.926800 6.111042 1.000006
v  -19.420187 5.980875 -0.399994
v  -19.404953 16.563898 -0.999994
v  -19.882124 16.946836 0.400007
v  -18.768726 16.053316 1.000006
v  -18.291555 15.670378 -0.399994
v  -17.079876 25.938164 -0.999994
v  -17.499872 26.551617 0.400006
v  -16.519878 25.120230 1.000006
v  -16.099882 24.506777 -0.399994
v  -13.762176 33.862598 -0.999994
v  -14.100589 34.670914 0.400006
v  -13.310956 32.784843 1.000005
v  -12.972542 31.976528 -0.399995
v  -9.644667 39.876659 -0.999995
v  -9.881830 40.832859 0.400005
v  -9.328447 38.601723 1.000004
v  -9.091284 37.645523 -0.399996
v  -5.088776 44.679348 -0.399997
v  -4.966644 43.630829 1.000003
v  -4.681674 41.184288 0.400003
v  -4.803804 42.232807 -0.999997
v  -32.016769 32.607895 0.282843
v  -31.616770 33.007893 -0.282842
v  -29.535032 31.526154 -0.707106
v  -30.535032 30.526154 0.707108
v  -33.636631 29.138958 -3.315476
v  -32.134151 29.158611 -4.219066
v  -30.561703 27.271133 -3.593296
v  -32.064178 27.251482 -2.689706
v  -33.313271 24.022552 -6.704675
v  -31.818558 24.164999 -7.526924
v  -30.264215 22.564037 -6.711358
v  -31.758932 22.421591 -5.889110
v  -31.065493 17.556019 -9.687783
v  -29.624725 17.853661 -10.438439
v  -28.196260 16.614826 -9.455819
v  -29.637030 16.317184 -8.705164
v  -27.023932 10.115170 -12.091436
v  -25.680155 10.591392 -12.784404
v  -24.478016 9.769246 -11.667180
v  -25.821791 9.293023 -10.974212
v  -21.423452 2.132438 -13.775942
v  -20.214088 2.800247 -14.428479
v  -19.325575 2.425132 -13.216924
v  -20.534937 1.757324 -12.564386
v  -14.589543 -5.928245 -14.643402
v  -13.544194 -5.066979 -15.275120
v  -13.038381 -4.990695 -14.014986
v  -14.083730 -5.851959 -13.383266
v  -6.919367 -13.598422 -14.643404
v  -6.058102 -12.553073 -15.275122
v  -5.981818 -12.047258 -14.014988
v  -6.843083 -13.092607 -13.383268
v  1.141314 -20.432331 -13.775943
v  1.809123 -19.222969 -14.428479
v  1.434008 -18.334457 -13.216926
v  0.766200 -19.543819 -12.564386
v  9.124042 -26.032812 -12.091438
v  9.600263 -24.689037 -12.784406
v  8.778118 -23.486897 -11.667182
v  8.301896 -24.830669 -10.974215
v  16.564892 -30.074385 -9.687786
v  16.862534 -28.633612 -10.438439
v  15.623700 -27.205143 -9.455822
v  15.326057 -28.645916 -8.705167
v  23.031424 -32.322163 -6.704677
v  23.173872 -30.827446 -7.526927
v  21.572910 -29.273102 -6.711362
v  21.430464 -30.767822 -5.889112
v  28.147835 -32.645523 -3.315480
v  28.167486 -31.143040 -4.219070
v  26.280006 -29.570591 -3.593299
v  26.260359 -31.073071 -2.689709
v  31.616770 -31.025665 0.282840
v  31.553169 -29.562061 -0.707110
v  29.471428 -28.080322 -0.282845
v  29.535032 -29.543924 0.707104
v  33.236633 -27.556730 3.881159
v  33.134155 -26.176382 2.804850
v  30.961700 -24.888905 3.027608
v  31.064180 -26.269253 4.103918
v  32.913277 -22.440323 7.270360
v  32.818562 -21.182768 6.112710
v  30.664217 -20.181808 6.145673
v  30.758936 -21.439360 7.303322
v  30.665499 -15.973783 10.253470
v  30.624725 -14.871426 9.024225
v  28.596258 -14.232593 8.890134
v  28.637030 -15.334951 10.119379
v  26.623926 -8.532931 12.657124
v  26.680153 -7.609155 11.370192
v  24.878010 -7.387008 11.101496
v  24.821787 -8.310784 12.388428
v  21.023443 -0.550198 14.341627
v  21.214083 0.181993 13.014267
v  19.725565 -0.042893 12.651238
v  19.534929 -0.775084 13.978601
v  14.189531 7.510487 15.209085
v  14.544183 8.049222 13.860907
v  13.438370 7.372938 13.449301
v  13.083718 6.834203 14.797481
v  6.519351 15.180667 15.209085
v  7.058087 15.535317 13.860907
v  6.381803 14.429502 13.449301
v  5.843068 14.074851 14.797480
v  -1.541333 22.014576 14.341624
v  -0.809140 22.205214 13.014264
v  -1.034025 20.716702 12.651237
v  -1.766218 20.526064 13.978599
v  -9.524064 27.615057 12.657118
v  -8.600286 27.671282 11.370186
v  -8.378139 25.869141 11.101490
v  -9.301917 25.812916 12.388422
v  -16.964914 31.656624 10.253462
v  -15.862556 31.615854 9.024218
v  -15.223721 29.587383 8.890127
v  -16.326080 29.628155 10.119372
v  -23.431448 33.904400 7.270350
v  -22.173893 33.809681 6.112700
v  -21.172934 31.655338 6.145665
v  -22.430485 31.750055 7.303314
v  -28.167503 33.125271 4.219055
v  -28.147854 34.627750 3.315464
v  -26.260376 33.055298 2.689695
v  -26.280027 31.552820 3.593285
v  -31.553169 31.544291 0.707107
v  -30.553169 32.544289 -0.707106
v  -29.071428 30.462551 -0.282842
v  -29.471428 30.062550 0.282843
v  -33.134151 28.158611 -2.804852
v  -33.236633 29.538960 -3.881162
v  -31.064177 28.251482 -4.103920
v  -30.961700 26.871132 -3.027610
v  -32.818558 23.164999 -6.112710
v  -32.913273 24.422554 -7.270361
v  -30.758932 23.421591 -7.303324
v  -30.664215 22.164038 -6.145673
v  -30.624725 16.853661 -9.024225
v  -30.665495 17.956020 -10.253469
v  -28.637030 17.317184 -10.119378
v  -28.596260 16.214827 -8.890134
v  -26.680157 9.591392 -11.370191
v  -26.623932 10.515170 -12.657123
v  -24.821789 10.293023 -12.388426
v  -24.878016 9.369246 -11.101495
v  -21.214088 1.800247 -13.014266
v  -21.023453 2.532438 -14.341627
v  -19.534937 2.757324 -13.978600
v  -19.725574 2.025132 -12.651238
v  -14.544195 -6.066979 -13.860907
v  -14.189545 -5.528244 -15.209086
v  -13.083729 -4.851960 -14.797479
v  -13.438380 -5.390695 -13.449301
v  -7.058103 -13.553073 -13.860909
v  -6.519368 -13.198422 -15.209088
v  -5.843082 -12.092607 -14.797481
v  -6.381818 -12.447258 -13.449303
v  0.809123 -20.222969 -13.014267
v  1.541314 -20.032330 -14.341627
v  1.766200 -18.543819 -13.978601
v  1.034009 -18.734457 -12.651240
v  8.600264 -25.689037 -11.370193
v  9.524041 -25.632813 -12.657125
v  9.301895 -23.830669 -12.388429
v  8.378119 -23.886898 -11.101497
v  15.862533 -29.633612 -9.024226
v  16.964891 -29.674385 -10.253472
v  16.326057 -27.645916 -10.119381
v  15.223701 -27.605145 -8.890137
v  22.173870 -31.827446 -6.112712
v  23.431423 -31.922161 -7.270363
v  22.430464 -29.767822 -7.303327
v  21.172911 -29.673103 -6.145677
v  27.167486 -32.143040 -2.804856
v  28.547834 -32.245522 -3.881165
v  27.260359 -30.073071 -4.103923
v  25.880007 -29.970592 -3.027614
v  30.553169 -30.562061 0.707104
v  32.016769 -30.625664 -0.282846
v  30.535032 -28.543924 -0.707110
v  29.071428 -28.480322 0.282840
v  32.134151 -27.176382 4.219064
v  33.636631 -27.156731 3.315474
v  32.064182 -25.269253 2.689704
v  30.561703 -25.288904 3.593294
v  31.818562 -22.182768 7.526923
v  33.313274 -22.040321 6.704674
v  31.758936 -20.439360 5.889109
v  30.264219 -20.581808 6.711359
v  29.624725 -15.871426 10.438439
v  31.065496 -15.573784 9.687784
v  29.637032 -14.334951 8.705165
v  28.196257 -14.632592 9.455819
v  25.680153 -8.609155 12.784405
v  27.023926 -8.132932 12.091436
v  25.821787 -7.310785 10.974214
v  24.478010 -7.787007 11.667181
v  20.214081 -0.818006 14.428480
v  21.423443 -0.150198 13.775942
v  20.534931 0.224915 12.564386
v  19.325565 -0.442893 13.216925
v  13.544183 7.049222 15.275120
v  14.589532 7.910487 14.643400
v  14.083719 7.834202 13.383267
v  13.038370 6.972938 14.014987
v  6.058087 14.535317 15.275120
v  6.919351 15.580667 14.643400
v  6.843067 15.074851 13.383265
v  5.981803 14.029503 14.014988
v  -1.809140 21.205214 14.428478
v  -1.141333 22.414577 13.775940
v  -0.766218 21.526064 12.564384
v  -1.434025 20.316700 13.216923
v  -9.600286 26.671282 12.784399
v  -9.124065 28.015057 12.091433
v  -8.301918 26.812916 10.974208
v  -8.778139 25.469141 11.667175
v  -16.862556 30.615854 10.438431
v  -16.564915 32.056625 9.687776
v  -15.326079 30.628155 8.705158
v  -15.623721 29.187382 9.455813
v  -23.173893 32.809681 7.526914
v  -23.031448 34.304401 6.704665
v  -21.430485 32.750053 5.889100
v  -21.572933 31.255339 6.711350
v  -28.547853 34.227749 3.881150
v  -27.167503 34.125271 2.804841
v  -25.880028 31.952820 3.027600
v  -27.260376 32.055302 4.103909
v  34.884621 5.007906 10.160675
v  34.884617 4.468780 8.148628
v  33.878597 4.468780 8.418191
v  33.142136 4.468780 9.154651
v  32.872574 4.468780 10.160674
v  33.142136 4.468780 11.166698
v  33.878597 4.468780 11.903158
v  34.884621 4.468780 12.172721
v  35.890644 4.468780 11.903159
v  36.627102 4.468780 11.166699
v  36.896667 4.468780 10.160675
v  36.627102 4.468780 9.154654
v  35.890644 4.468780 8.418192
v  34.884617 2.995860 6.675707
v  33.142136 2.995860 7.142604
v  31.866550 2.995860 8.418190
v  31.399652 2.995860 10.160675
v  31.866547 2.995860 11.903157
v  33.142136 2.995860 13.178743
v  34.884617 2.995860 13.645642
v  36.627102 2.995860 13.178746
v  37.902691 2.995860 11.903160
v  38.369591 2.995860 10.160677
v  37.902691 2.995860 8.418194
v  36.627102 2.995860 7.142606
v  34.884617 0.983813 6.136581
v  32.872570 0.983813 6.675708
v  31.399652 0.983813 8.148627
v  30.860525 0.983813 10.160674
v  31.399652 0.983813 12.172721
v  32.872574 0.983813 13.645640
v  34.884617 0.983813 14.184768
v  36.896664 0.983813 13.645642
v  38.369587 0.983813 12.172723
v  38.908714 0.983813 10.160678
v  38.369587 0.983813 8.148631
v  36.896667 0.983813 6.675709
v  34.884617 -1.028234 6.675708
v  33.142136 -1.028234 7.142605
v  31.866550 -1.028234 8.418190
v  31.399652 -1.028234 10.160675
v  31.866550 -1.028234 11.903157
v  33.142136 -1.028234 13.178743
v  34.884617 -1.028234 13.645642
v  36.627102 -1.028234 13.178746
v  37.902691 -1.028234 11.903160
v  38.369591 -1.028234 10.160677
v  37.902691 -1.028234 8.418194
v  36.627102 -1.028234 7.142606
v  34.884617 -2.501153 8.148627
v  33.878597 -2.501153 8.418191
v  33.142136 -2.501153 9.154651
v  32.872574 -2.501153 10.160674
v  33.142136 -2.501153 11.166698
v  33.878597 -2.501153 11.903158
v  34.884621 -2.501153 12.172722
v  35.890644 -2.501153 11.903159
v  36.627102 -2.501153 11.166699
v  36.896667 -2.501153 10.160675
v  36.627102 -2.501153 9.154653
v  35.890644 -2.501153 8.418192
v  34.884621 -3.040280 10.160675
v  0.000003 -37.776230 0.000001
v  0.000003 -38.315357 -2.012046
v  -1.006022 -38.315357 -1.742482
v  -1.742479 -38.315357 -1.006023
v  -2.012044 -38.315357 0.000000
v  -1.742478 -38.315357 1.006023
v  -1.006025 -38.315357 1.742483
v  0.000000 -38.315357 2.012048
v  1.006022 -38.315357 1.742485
v  1.742486 -38.315357 1.006026
v  2.012051 -38.315357 0.000002
v  1.742489 -38.315357 -1.006021
v  1.006028 -38.315357 -1.742482
v  0.000003 -39.788280 -3.484966
v  -1.742479 -39.788280 -3.018070
v  -3.018066 -39.788280 -1.742483
v  -3.484961 -39.788280 0.000001
v  -3.018069 -39.788280 1.742484
v  -1.742482 -39.788280 3.018070
v  0.000001 -39.788280 3.484968
v  1.742483 -39.788280 3.018072
v  3.018070 -39.788280 1.742487
v  3.484971 -39.788280 0.000003
v  3.018076 -39.788280 -1.742481
v  1.742488 -39.788280 -3.018068
v  0.000003 -41.800323 -4.024092
v  -2.012045 -41.800323 -3.484965
v  -3.484961 -41.800323 -2.012046
v  -4.024088 -41.800323 -0.000000
v  -3.484964 -41.800323 2.012047
v  -2.012047 -41.800323 3.484967
v  0.000001 -41.800323 4.024094
v  2.012045 -41.800323 3.484969
v  3.484968 -41.800323 2.012050
v  4.024098 -41.800323 0.000004
v  3.484971 -41.800323 -2.012044
v  2.012053 -41.800323 -3.484964
v  0.000003 -43.812370 -3.484966
v  -1.742479 -43.812370 -3.018069
v  -3.018066 -43.812370 -1.742483
v  -3.484961 -43.812370 0.000001
v  -3.018069 -43.812370 1.742484
v  -1.742482 -43.812370 3.018070
v  0.000001 -43.812370 3.484968
v  1.742483 -43.812370 3.018072
v  3.018070 -43.812370 1.742487
v  3.484971 -43.812370 0.000003
v  3.018076 -43.812370 -1.742481
v  1.742488 -43.812370 -3.018068
v  0.000003 -45.285294 -2.012046
v  -1.006022 -45.285294 -1.742484
v  -1.742479 -45.285294 -1.006023
v  -2.012044 -45.285294 0.000000
v  -1.742478 -45.285294 1.006025
v  -1.006025 -45.285294 1.742483
v  0.000000 -45.285294 2.012049
v  1.006022 -45.285294 1.742485
v  1.742489 -45.285294 1.006026
v  2.012051 -45.285294 0.000002
v  1.742489 -45.285294 -1.006021
v  1.006028 -45.285294 -1.742482
v  0.000003 -45.824421 0.000001
v  -23.597305 37.015320 5.575992
v  -23.597307 36.476192 3.563945
v  -24.603327 36.476192 3.833508
v  -25.339787 36.476192 4.569968
v  -25.609350 36.476192 5.575991
v  -25.339785 36.476192 6.582014
v  -24.603325 36.476192 7.318475
v  -23.597305 36.476192 7.588037
v  -22.591284 36.476192 7.318475
v  -21.854824 36.476192 6.582016
v  -21.585258 36.476192 5.575993
v  -21.854822 36.476192 4.569970
v  -22.591280 36.476192 3.833508
v  -23.597307 35.003273 2.091024
v  -25.339787 35.003273 2.557922
v  -26.615377 35.003273 3.833507
v  -27.082270 35.003273 5.575991
v  -26.615376 35.003273 7.318474
v  -25.339792 35.003273 8.594060
v  -23.597305 35.003273 9.060959
v  -21.854824 35.003273 8.594062
v  -20.579237 35.003273 7.318477
v  -20.112339 35.003273 5.575994
v  -20.579235 35.003273 3.833510
v  -21.854822 35.003273 2.557922
v  -23.597307 32.991226 1.551898
v  -25.609352 32.991226 2.091024
v  -27.082272 32.991226 3.563944
v  -27.621401 32.991226 5.575991
v  -27.082270 32.991226 7.588037
v  -25.609356 32.991226 9.060957
v  -23.597305 32.991226 9.600084
v  -21.585258 32.991226 9.060960
v  -20.112341 32.991226 7.588040
v  -19.573212 32.991226 5.575994
v  -20.112341 32.991226 3.563947
v  -21.585257 32.991226 2.091026
v  -23.597307 30.979177 2.091024
v  -25.339787 30.979177 2.557922
v  -26.615377 30.979177 3.833508
v  -27.082270 30.979177 5.575991
v  -26.615376 30.979177 7.318474
v  -25.339792 30.979177 8.594060
v  -23.597305 30.979177 9.060959
v  -21.854824 30.979177 8.594062
v  -20.579237 30.979177 7.318477
v  -20.112339 30.979177 5.575994
v  -20.579235 30.979177 3.833510
v  -21.854822 30.979177 2.557922
v  -23.597307 29.506260 3.563944
v  -24.603327 29.506260 3.833508
v  -25.339787 29.506260 4.569968
v  -25.609350 29.506260 5.575991
v  -25.339785 29.506260 6.582014
v  -24.603325 29.506260 7.318475
v  -23.597305 29.506260 7.588038
v  -22.591284 29.506260 7.318475
v  -21.854824 29.506260 6.582016
v  -21.585258 29.506260 5.575993
v  -21.854822 29.506260 4.569970
v  -22.591280 29.506260 3.833508
v  -23.597305 28.967131 5.575992
v  47.502792 0.034628 -0.000019
v  47.502792 1.947603 -0.000019
v  41.524994 3.394969 -0.000014
v  41.524994 -1.412738 -0.000014
v  46.122440 0.034616 5.372314
v  43.718479 3.358190 5.092303
v  37.785595 1.984368 4.401254
v  40.318356 -1.412739 4.696259
v  42.061634 0.034629 10.432431
v  39.869331 3.358189 9.888678
v  34.458763 1.984326 8.546714
v  36.768559 -1.412739 9.119602
v  35.556366 0.034641 14.886249
v  33.703114 3.358188 14.110357
v  29.129358 1.984335 12.195480
v  31.081905 -1.412738 13.012948
v  26.984678 0.034641 18.474932
v  25.578199 3.358188 17.511993
v  22.107054 1.984335 15.135489
v  23.588896 -1.412738 16.150026
v  16.844744 0.034607 20.989908
v  15.966763 3.358190 19.895897
v  13.799952 1.984369 17.195896
v  14.724976 -1.412739 18.348530
v  5.725848 0.034650 22.285055
v  5.427403 3.358189 21.123524
v  4.690858 1.984326 18.256908
v  5.005296 -1.412739 19.480677
v  -5.725826 0.034650 22.285059
v  -5.427381 3.358189 21.123528
v  -4.690845 1.984334 18.256912
v  -5.005275 -1.412738 19.480679
v  -16.844723 0.034607 20.989918
v  -15.966743 3.358190 19.895908
v  -13.799952 1.984347 17.195894
v  -14.724957 -1.412739 18.348541
v  -26.984653 0.034641 18.474953
v  -25.578176 3.358188 17.512014
v  -22.107033 1.984347 15.135513
v  -23.588877 -1.412739 16.150045
v  -35.556324 0.034619 14.886276
v  -33.703098 3.358189 14.110380
v  -29.129347 1.984334 12.195500
v  -31.081896 -1.412738 13.012971
v  -42.061638 0.034662 10.432470
v  -39.869320 3.358188 9.888707
v  -34.458759 1.984326 8.546741
v  -36.768555 -1.412739 9.119631
v  -46.122448 0.034641 5.372352
v  -43.718483 3.358189 5.092337
v  -37.785591 1.984368 4.401281
v  -40.318356 -1.412739 4.696289
v  -47.502792 0.034628 0.000023
v  -45.026878 3.358190 0.000018
v  -38.916412 1.984335 0.000016
v  -41.524994 -1.412738 0.000017
v  -46.122425 0.034595 -5.372303
v  -43.718479 3.358190 -5.092300
v  -37.785576 1.984335 -4.401239
v  -40.318356 -1.412738 -4.696256
v  -42.061653 0.034650 -10.432428
v  -39.869335 3.358189 -9.888677
v  -34.458775 1.984335 -8.546712
v  -36.768555 -1.412738 -9.119602
v  -35.556362 0.034641 -14.886250
v  -33.703110 3.358188 -14.110359
v  -29.129354 1.984335 -12.195482
v  -31.081902 -1.412738 -13.012949
v  -26.984667 0.034662 -18.474945
v  -25.578192 3.358188 -17.511997
v  -22.107044 1.984347 -15.135497
v  -23.588888 -1.412739 -16.150032
v  -16.844709 0.034598 -20.989910
v  -15.966750 3.358189 -19.895901
v  -13.799959 1.984347 -17.195887
v  -14.724965 -1.412739 -18.348532
v  -5.725839 0.034662 -22.285057
v  -5.427386 3.358188 -21.123526
v  -4.690850 1.984334 -18.256914
v  -5.005280 -1.412738 -19.480677
v  5.725847 0.034650 -22.285057
v  5.427402 3.358189 -21.123526
v  4.690871 1.984347 -18.256914
v  5.005294 -1.412739 -19.480679
v  16.844748 0.034607 -20.989916
v  15.966765 3.358190 -19.895905
v  13.799958 1.984347 -17.195894
v  14.724980 -1.412739 -18.348539
v  26.984652 0.034608 -18.474941
v  25.578201 3.358189 -17.512005
v  22.107086 1.984368 -15.135505
v  23.588902 -1.412739 -16.150038
v  35.556347 0.034629 -14.886267
v  33.703125 3.358189 -14.110369
v  29.129368 1.984325 -12.195486
v  31.081919 -1.412739 -13.012959
v  42.061661 0.034662 -10.432452
v  39.869339 3.358188 -9.888689
v  34.458782 1.984334 -8.546722
v  36.768570 -1.412738 -9.119613
v  43.718494 -1.375958 -5.092315
v  46.122463 1.947590 -5.372329
v  40.318359 3.394969 -4.696269
v  37.785583 -0.002104 -4.401251
v  45.026878 -1.375959 -0.000015
v  45.026878 3.358190 -0.000015
v  38.916412 1.984335 -0.000013
v  38.916412 -0.002104 -0.000013
v  43.718479 -1.375960 5.092303
v  46.122440 1.947615 5.372314
v  40.318356 3.394970 4.696259
v  37.785595 -0.002137 4.401254
v  39.869331 -1.375959 9.888678
v  42.061634 1.947602 10.432431
v  36.768559 3.394970 9.119602
v  34.458763 -0.002095 8.546714
v  33.703114 -1.375958 14.110357
v  35.556366 1.947590 14.886249
v  31.081905 3.394969 13.012948
v  29.129358 -0.002104 12.195480
v  25.578199 -1.375958 17.511993
v  26.984678 1.947590 18.474932
v  23.588896 3.394969 16.150026
v  22.107054 -0.002104 15.135489
v  15.966763 -1.375959 19.895897
v  16.844744 1.947623 20.989908
v  14.724976 3.394970 18.348530
v  13.799952 -0.002138 17.195896
v  5.427403 -1.375958 21.123524
v  5.725848 1.947581 22.285055
v  5.005296 3.394969 19.480677
v  4.690858 -0.002095 18.256908
v  -5.427381 -1.375958 21.123528
v  -5.725826 1.947581 22.285059
v  -5.005275 3.394969 19.480679
v  -4.690845 -0.002103 18.256912
v  -15.966743 -1.375959 19.895908
v  -16.844723 1.947623 20.989918
v  -14.724957 3.394970 18.348541
v  -13.799952 -0.002117 17.195894
v  -25.578176 -1.375958 17.512014
v  -26.984653 1.947590 18.474953
v  -23.588877 3.394970 16.150045
v  -22.107033 -0.002116 15.135513
v  -33.703098 -1.375958 14.110380
v  -35.556324 1.947612 14.886276
v  -31.081896 3.394969 13.012971
v  -29.129347 -0.002104 12.195500
v  -39.869320 -1.375958 9.888707
v  -42.061638 1.947569 10.432470
v  -36.768555 3.394970 9.119631
v  -34.458759 -0.002095 8.546741
v  -43.718483 -1.375958 5.092337
v  -46.122448 1.947590 5.372352
v  -40.318356 3.394969 4.696289
v  -37.785591 -0.002137 4.401281
v  -45.026878 -1.375959 0.000018
v  -47.502792 1.947603 0.000023
v  -41.524994 3.394969 0.000017
v  -38.916412 -0.002104 0.000016
v  -43.718479 -1.375960 -5.092300
v  -46.122429 1.947636 -5.372303
v  -40.318356 3.394969 -4.696256
v  -37.785576 -0.002104 -4.401239
v  -39.869335 -1.375959 -9.888677
v  -42.061653 1.947581 -10.432428
v  -36.768555 3.394969 -9.119602
v  -34.458775 -0.002104 -8.546712
v  -33.703110 -1.375958 -14.110359
v  -35.556362 1.947590 -14.886250
v  -31.081902 3.394969 -13.012949
v  -29.129354 -0.002104 -12.195482
v  -25.578192 -1.375958 -17.511997
v  -26.984667 1.947569 -18.474945
v  -23.588888 3.394970 -16.150032
v  -22.107044 -0.002116 -15.135497
v  -15.966750 -1.375958 -19.895901
v  -16.844709 1.947632 -20.989910
v  -14.724965 3.394970 -18.348532
v  -13.799959 -0.002117 -17.195887
v  -5.427386 -1.375958 -21.123526
v  -5.725839 1.947569 -22.285057
v  -5.005280 3.394969 -19.480677
v  -4.690850 -0.002103 -18.256914
v  5.427402 -1.375958 -21.123526
v  5.725847 1.947581 -22.285057
v  5.005294 3.394969 -19.480679
v  4.690871 -0.002116 -18.256914
v  15.966765 -1.375959 -19.895905
v  16.844748 1.947624 -20.989916
v  14.724980 3.394970 -18.348539
v  13.799958 -0.002116 -17.195894
v  25.578201 -1.375958 -17.512005
v  26.984652 1.947623 -18.474941
v  23.588902 3.394970 -16.150038
v  22.107086 -0.002137 -15.135505
v  33.703125 -1.375958 -14.110369
v  35.556347 1.947602 -14.886267
v  31.081919 3.394969 -13.012959
v  29.129368 -0.002095 -12.195486
v  39.869339 -1.375958 -9.888689
v  42.061661 1.947569 -10.432452
v  36.768570 3.394969 -9.119613
v  34.458782 -0.002104 -8.546722
v  46.122463 0.034641 -5.372329
v  43.718494 3.358189 -5.092315
v  37.785583 1.984334 -4.401251
v  40.318359 -1.412738 -4.696269
v  34.555256 33.044693 0.506656
v  32.818371 34.253223 -0.711026
v  27.241955 31.935934 -1.283248
v  31.963785 29.551901 1.403382
v  30.637487 34.953220 4.402237
v  25.701578 35.192802 2.236699
v  23.643703 31.370939 2.512467
v  28.935894 31.093906 4.680092
v  24.776472 34.776962 8.090602
v  20.409172 34.824535 5.680444
v  19.659153 30.867189 5.329372
v  24.290432 30.825079 7.789307
v  17.509703 32.507641 11.272035
v  13.886113 32.547920 8.668139
v  14.617320 28.762503 7.863782
v  18.325285 28.749374 10.539433
v  9.376622 28.360241 13.762180
v  6.487785 28.526058 11.049989
v  8.545002 25.134224 9.992127
v  11.407651 24.986227 12.766549
v  0.850223 22.626722 15.459641
v  -1.392896 22.994207 12.706968
v  1.762366 20.113728 11.535031
v  3.951626 19.751766 14.335167
v  -7.616989 15.651093 16.303814
v  -9.321845 16.268070 13.553236
v  -5.258547 13.967278 12.358012
v  -3.598464 13.350372 15.147342
v  -15.584225 7.831430 16.266672
v  -16.852716 8.732218 13.545046
v  -12.035416 7.055823 12.393435
v  -10.795094 6.156727 15.151560
v  -22.630335 -0.393352 15.357922
v  -23.556959 0.818498 12.685019
v  -18.123030 -0.204863 11.634065
v  -17.214184 -1.407563 14.345865
v  -28.370991 -8.566148 13.629192
v  -29.050657 -7.019198 11.022831
v  -23.137545 -7.372447 10.126563
v  -22.479383 -8.899250 12.777325
v  -32.478718 -16.238222 11.171466
v  -33.017323 -14.331681 8.652312
v  -26.779470 -14.002860 7.967179
v  -26.283566 -15.879392 10.538714
v  -34.695854 -22.993351 8.105108
v  -35.225426 -20.700834 5.705412
v  -28.858618 -19.675789 5.300727
v  -28.406948 -21.939035 7.763099
v  -34.840725 -28.455313 4.565964
v  -35.538940 -25.763681 2.343328
v  -29.328550 -24.028576 2.323083
v  -28.730585 -26.723677 4.615825
v  -32.818375 -32.270992 0.711030
v  -33.919739 -29.231258 -1.252793
v  -28.321375 -26.830328 -0.732255
v  -27.241962 -29.953701 1.283250
v  -28.660120 -34.114388 -3.224842
v  -30.425983 -30.897789 -4.886128
v  -26.006502 -28.083244 -3.695873
v  -24.033386 -31.435308 -2.037590
v  -22.661343 -33.788933 -6.906305
v  -25.231228 -30.645821 -8.338347
v  -22.235865 -27.834000 -6.535292
v  -19.311453 -31.072350 -5.142215
v  -15.430969 -31.369917 -10.043066
v  -18.653114 -28.476362 -11.383768
v  -16.952232 -25.953854 -9.138678
v  -13.387796 -28.896387 -7.843075
v  -7.490519 -27.126842 -12.498558
v  -11.108842 -24.520370 -13.832639
v  -10.520230 -22.427021 -11.296875
v  -6.609276 -25.056355 -9.999110
v  0.805598 -21.350954 -14.188973
v  -3.058493 -19.014622 -15.545469
v  -3.441585 -17.437498 -12.835429
v  0.661637 -19.782337 -11.500861
v  9.077793 -14.368208 -15.041536
v  5.024853 -12.283402 -16.431257
v  3.788928 -11.289196 -13.643462
v  8.029406 -13.377535 -12.263183
v  16.903976 -6.565669 -15.014134
v  12.677544 -4.719395 -16.446678
v  10.704811 -4.357033 -13.667008
v  15.076213 -6.210721 -12.236712
v  23.861633 1.620712 -14.108513
v  19.464798 3.239659 -15.595791
v  16.877798 2.940225 -12.904394
v  21.394091 1.301776 -11.418644
v  29.564690 9.731876 -12.373699
v  24.999004 11.136737 -13.928473
v  21.933695 10.163634 -11.403648
v  26.619051 8.721562 -9.856412
v  33.690628 17.314854 -9.903343
v  28.955086 18.520472 -11.536536
v  25.571032 16.877689 -9.259466
v  30.456657 15.616819 -7.645588
v  35.997120 23.952566 -6.828156
v  31.087107 24.966532 -8.548342
v  27.580458 22.673550 -6.609294
v  32.698631 21.592558 -4.923203
v  35.538933 27.745930 -2.343312
v  34.840721 30.437561 -4.565948
v  28.730579 28.705927 -4.615812
v  29.328543 26.010824 -2.323069
v  33.919731 31.213491 1.252796
v  29.409534 33.583954 -1.450834
v  26.480797 30.147207 -0.520634
v  28.321367 28.812559 0.732257
v  30.425980 32.880013 4.886130
v  28.660118 36.096619 3.224844
v  24.033382 33.417538 2.037592
v  26.006510 30.065475 3.695877
v  25.231228 32.628048 8.338346
v  22.661345 35.771164 6.906306
v  19.311453 33.054573 5.142215
v  22.235868 29.816229 6.535293
v  18.653116 30.458595 11.383767
v  15.430974 33.352142 10.043065
v  13.387802 30.878616 7.843073
v  16.952242 27.936083 9.138679
v  11.108851 26.502602 13.832636
v  7.490526 29.109077 12.498555
v  6.609282 27.038589 9.999108
v  10.520236 24.409254 11.296872
v  3.058499 20.996862 15.545468
v  -0.805588 23.333193 14.188969
v  -0.661628 21.764574 11.500859
v  3.441593 19.419737 12.835426
v  -5.024844 14.265646 16.431257
v  -9.077781 16.350451 15.041534
v  -8.029395 15.359776 12.263181
v  -3.788915 13.271436 13.643461
v  -12.677533 6.701642 16.446680
v  -16.903961 8.547916 15.014134
v  -15.076205 8.192968 12.236714
v  -10.704798 6.339278 13.667008
v  -19.464792 -1.257411 15.595796
v  -23.861616 0.361538 14.108513
v  -21.394072 0.680471 11.418644
v  -16.877785 -0.957978 12.904394
v  -24.998985 -9.154483 13.928478
v  -29.564672 -7.749622 12.373704
v  -26.619036 -6.739309 9.856417
v  -21.933680 -8.181382 11.403653
v  -28.955080 -16.538218 11.536544
v  -33.690620 -15.332601 9.903353
v  -30.456661 -13.634568 7.645596
v  -25.571022 -14.895442 9.259474
v  -31.087103 -22.984276 8.548353
v  -35.997116 -21.970312 6.828169
v  -32.698624 -19.610304 4.923214
v  -27.580458 -20.691303 6.609307
v  -31.247192 -28.112841 5.123108
v  -36.322002 -27.308334 3.302989
v  -33.221294 -24.338551 1.852105
v  -27.866995 -25.209341 3.628525
v  -29.409542 -31.601727 1.450836
v  -34.555260 -31.062469 -0.506654
v  -31.963793 -27.569668 -1.403380
v  -26.480804 -28.164974 0.520636
v  -25.701580 -33.210571 -2.236696
v  -30.637487 -32.970989 -4.402235
v  -28.935894 -29.111670 -4.680090
v  -23.643703 -29.388708 -2.512465
v  -20.409172 -32.842304 -5.680445
v  -24.776468 -32.794731 -8.090601
v  -24.290432 -28.842846 -7.789307
v  -19.659149 -28.884960 -5.329372
v  -13.886110 -30.565687 -8.668139
v  -17.509699 -30.525414 -11.272037
v  -18.325281 -26.767139 -10.539433
v  -14.617311 -26.780273 -7.863784
v  -6.487778 -26.543825 -11.049991
v  -9.376615 -26.378006 -13.762183
v  -11.407644 -23.003992 -12.766554
v  -8.544997 -23.151989 -9.992129
v  1.392906 -21.011969 -12.706970
v  -0.850215 -20.644482 -15.459644
v  -3.951619 -17.769529 -14.335165
v  -1.762357 -18.131487 -11.535033
v  9.321856 -14.285828 -13.553236
v  7.616999 -13.668849 -16.303816
v  3.598476 -11.368132 -15.147344
v  5.258559 -11.985038 -12.358016
v  16.852728 -6.749972 -13.545043
v  15.584236 -5.849182 -16.266676
v  10.795109 -4.174481 -15.151556
v  12.035425 -5.073576 -12.393436
v  23.556973 1.163749 -12.685019
v  22.630344 2.375604 -15.357925
v  17.214199 3.389811 -14.345864
v  18.123043 2.187109 -11.634064
v  29.050674 9.001452 -11.022826
v  28.371008 10.548404 -13.629188
v  22.479399 10.881504 -12.777320
v  23.137560 9.354696 -10.126558
v  33.017330 16.313934 -8.652304
v  32.478722 18.220476 -11.171456
v  26.283571 17.861641 -10.538705
v  26.779476 15.985111 -7.967173
v  35.225430 22.683088 -5.705400
v  34.695854 24.975607 -8.105097
v  28.406948 23.921289 -7.763087
v  28.858625 21.658033 -5.300714
v  36.321999 29.290583 -3.302973
v  31.247192 30.095091 -5.123094
v  27.866987 27.191589 -3.628512
v  33.221287 26.320799 -1.852091
v  0.000039 47.347202 -0.937455
v  -0.000039 47.347218 0.937425
v  0.000000 43.159786 2.248772
v  -0.000002 43.159786 -2.248768
v  6.627959 45.754620 -0.911996
v  5.767267 44.072735 2.158986
v  3.048083 40.187767 0.959732
v  4.365504 41.900970 -2.226859
v  12.107385 41.516113 -0.828775
v  10.812392 40.177727 2.121438
v  6.811765 37.014938 0.823591
v  8.432197 38.311417 -2.177856
v  16.571829 35.107277 -0.755062
v  15.097603 34.067318 2.095007
v  10.479463 31.572481 0.748198
v  12.141538 32.568947 -2.135093
v  20.072418 26.825922 -0.708461
v  18.501402 26.071728 2.078581
v  13.519766 24.252226 0.706252
v  15.202603 24.973978 -2.106539
v  22.500530 17.099424 -0.681885
v  20.871035 16.639578 2.069246
v  15.672086 15.528736 0.683580
v  17.373343 15.968771 -2.089640
v  23.745798 6.463871 -0.669796
v  22.087469 6.309117 2.065067
v  16.784899 5.935309 0.673590
v  18.497129 6.083361 -2.081782
v  23.745798 -4.481631 -0.669796
v  22.087467 -4.326877 2.065067
v  16.784901 -3.953071 0.673594
v  18.497129 -4.101121 -2.081782
v  22.500530 -15.117188 -0.681887
v  20.871037 -14.657340 2.069245
v  15.672086 -13.546499 0.683574
v  17.373344 -13.986533 -2.089641
v  20.072428 -24.843681 -0.708455
v  18.501406 -24.089487 2.078579
v  13.519771 -22.269987 0.706251
v  15.202607 -22.991737 -2.106541
v  16.571827 -33.125038 -0.755074
v  15.097607 -32.085083 2.095004
v  10.479466 -29.590244 0.748195
v  12.141540 -30.586712 -2.135095
v  12.107395 -39.533882 -0.828767
v  10.812394 -38.195484 2.121436
v  6.811764 -35.032700 0.823576
v  8.432203 -36.329185 -2.177860
v  6.627938 -43.772388 -0.912015
v  5.767273 -42.090504 2.158981
v  3.048103 -38.205536 0.959743
v  4.365507 -39.918732 -2.226863
v  0.000005 -45.364979 -0.937442
v  0.000006 -43.478733 2.185522
v  0.000001 -39.144360 1.091483
v  0.000002 -41.177555 -2.248772
v  -6.627929 -43.772392 -0.912010
v  -5.767260 -42.090508 2.158986
v  -3.048078 -38.205536 0.959731
v  -4.365505 -39.918739 -2.226859
v  -12.107389 -39.533890 -0.828757
v  -10.812388 -38.195496 2.121444
v  -6.811764 -35.032707 0.823593
v  -8.432196 -36.329185 -2.177852
v  -16.571819 -33.125042 -0.755068
v  -15.097609 -32.085087 2.095016
v  -10.479465 -29.590246 0.748205
v  -12.141541 -30.586716 -2.135086
v  -20.072430 -24.843685 -0.708432
v  -18.501404 -24.089491 2.078595
v  -13.519771 -22.269989 0.706262
v  -15.202607 -22.991737 -2.106528
v  -22.500532 -15.117184 -0.681868
v  -20.871037 -14.657336 2.069262
v  -15.672087 -13.546496 0.683593
v  -17.373344 -13.986530 -2.089627
v  -23.745798 -4.481624 -0.669777
v  -22.087467 -4.326869 2.065086
v  -16.784901 -3.953063 0.673603
v  -18.497128 -4.101114 -2.081766
v  -23.745794 6.463883 -0.669780
v  -22.087465 6.309129 2.065086
v  -16.784899 5.935319 0.673604
v  -18.497129 6.083373 -2.081766
v  -22.500528 17.099440 -0.681863
v  -20.871033 16.639591 2.069263
v  -15.672084 15.528750 0.683594
v  -17.373341 15.968786 -2.089626
v  -20.072418 26.825939 -0.708437
v  -18.501392 26.071743 2.078597
v  -13.519762 24.252241 0.706265
v  -15.202599 24.973993 -2.106526
v  -16.571814 35.107296 -0.755058
v  -15.097594 34.067333 2.095019
v  -10.479458 31.572496 0.748215
v  -12.141528 32.568958 -2.135082
v  -12.107375 41.516132 -0.828754
v  -10.812375 40.177738 2.121448
v  -6.811745 37.014954 0.823586
v  -8.432187 38.311436 -2.177849
v  -5.767252 44.072746 -2.158981
v  -6.627920 45.754616 0.912031
v  -4.365490 41.900978 2.226863
v  -3.048069 40.187771 -0.959729
v  -0.000004 45.460960 -2.185523
v  0.000003 45.460968 2.185525
v  0.000000 41.126591 1.091487
v  -0.000001 41.126591 -1.091483
v  5.767265 44.072739 -2.158986
v  6.627904 45.754623 0.912026
v  4.365508 41.900970 2.226859
v  3.048081 40.187767 -0.959731
v  10.812388 40.177723 -2.121445
v  12.107395 41.516125 0.828745
v  8.432197 38.311417 2.177852
v  6.811765 37.014938 -0.823594
v  15.097605 34.067318 -2.095016
v  16.571817 35.107277 0.755069
v  12.141538 32.568943 2.135085
v  10.479463 31.572481 -0.748205
v  18.501398 26.071728 -2.078595
v  20.072426 26.825924 0.708433
v  15.202603 24.973978 2.106529
v  13.519766 24.252226 -0.706262
v  20.871035 16.639578 -2.069262
v  22.500530 17.099426 0.681867
v  17.373343 15.968771 2.089627
v  15.672086 15.528737 -0.683593
v  22.087467 6.309117 -2.065085
v  23.745798 6.463871 0.669777
v  18.497131 6.083361 2.081766
v  16.784899 5.935309 -0.673604
v  22.087467 -4.326877 -2.065086
v  23.745798 -4.481631 0.669776
v  18.497131 -4.101121 2.081766
v  16.784901 -3.953071 -0.673609
v  20.871035 -14.657340 -2.069263
v  22.500530 -15.117188 0.681867
v  17.373344 -13.986534 2.089626
v  15.672086 -13.546499 -0.683589
v  18.501406 -24.089487 -2.078597
v  20.072428 -24.843681 0.708436
v  15.202607 -22.991737 2.106526
v  13.519771 -22.269987 -0.706265
v  15.097607 -32.085083 -2.095019
v  16.571827 -33.125038 0.755058
v  12.141541 -30.586712 2.135082
v  10.479466 -29.590244 -0.748206
v  10.812394 -38.195484 -2.121448
v  12.107395 -39.533882 0.828753
v  8.432200 -36.329182 2.177849
v  6.811774 -35.032711 -0.823608
v  5.767270 -42.090504 -2.158990
v  6.627939 -43.772388 0.912006
v  4.365515 -39.918736 2.226856
v  3.048068 -38.205528 -0.959719
v  0.000003 -43.478733 -2.185526
v  0.000006 -45.364979 0.937438
v  0.000005 -41.177555 2.248768
v  0.000003 -39.144360 -1.091488
v  -5.767264 -42.090508 -2.158985
v  -6.627928 -43.772392 0.912012
v  -4.365501 -39.918739 2.226860
v  -3.048080 -38.205536 -0.959731
v  -10.812389 -38.195492 -2.121439
v  -12.107389 -39.533890 0.828763
v  -8.432196 -36.329185 2.177856
v  -6.811764 -35.032707 -0.823590
v  -15.097605 -32.085087 -2.095007
v  -16.571831 -33.125042 0.755061
v  -12.141540 -30.586716 2.135093
v  -10.479465 -29.590246 -0.748198
v  -18.501408 -24.089491 -2.078581
v  -20.072424 -24.843683 0.708461
v  -15.202607 -22.991737 2.106539
v  -13.519771 -22.269989 -0.706253
v  -20.871038 -14.657336 -2.069246
v  -22.500532 -15.117184 0.681884
v  -17.373344 -13.986531 2.089640
v  -15.672087 -13.546496 -0.683580
v  -22.087467 -4.326869 -2.065067
v  -23.745798 -4.481624 0.669796
v  -18.497128 -4.101114 2.081781
v  -16.784901 -3.953063 -0.673589
v  -22.087467 6.309129 -2.065067
v  -23.745794 6.463883 0.669800
v  -18.497128 6.083373 2.081782
v  -16.784899 5.935319 -0.673590
v  -20.871033 16.639591 -2.069245
v  -22.500528 17.099440 0.681883
v  -17.373341 15.968786 2.089641
v  -15.672084 15.528750 -0.683579
v  -18.501394 26.071743 -2.078579
v  -20.072418 26.825939 0.708456
v  -15.202599 24.973993 2.106542
v  -13.519762 24.252241 -0.706251
v  -15.097596 34.067333 -2.095004
v  -16.571814 35.107296 0.755074
v  -12.141530 32.568958 2.135096
v  -10.479452 31.572491 -0.748187
v  -10.812377 40.177738 -2.121435
v  -12.107375 41.516132 0.828767
v  -8.432183 38.311432 2.177859
v  -6.811762 37.014954 -0.823598
v  -6.627908 45.754646 -0.911990
v  -5.767244 44.072742 2.158991
v  -3.048070 40.187771 0.959736
v  -4.365494 41.900978 -2.226856
v  -34.555256 33.044701 0.506670
v  -32.818363 34.253220 -0.711014
v  -27.241959 31.935930 -1.283236
v  -31.963789 29.551897 1.403397
v  -36.322002 29.290565 -3.302968
v  -31.247200 30.095074 -5.123092
v  -27.866995 27.191574 -3.628510
v  -33.221291 26.320782 -1.852087
v  -35.997116 23.952547 -6.828150
v  -31.087103 24.966509 -8.548338
v  -27.580462 22.673531 -6.609291
v  -32.698627 21.592537 -4.923198
v  -33.690624 17.314835 -9.903334
v  -28.955090 18.520451 -11.536531
v  -25.571033 16.877672 -9.259460
v  -30.456654 15.616803 -7.645581
v  -29.564684 9.731857 -12.373690
v  -24.998999 11.136718 -13.928466
v  -21.933691 10.163618 -11.403645
v  -26.619045 8.721545 -9.856403
v  -23.861629 1.620695 -14.108497
v  -19.464802 3.239643 -15.595783
v  -16.877796 2.940210 -12.904384
v  -21.394085 1.301761 -11.418635
v  -16.903976 -6.565684 -15.014126
v  -12.677541 -4.719407 -16.446672
v  -10.704812 -4.357045 -13.667001
v  -15.076215 -6.210735 -12.236705
v  -9.077794 -14.368218 -15.041529
v  -5.024855 -12.283412 -16.431253
v  -3.788928 -11.289202 -13.643459
v  -8.029407 -13.377542 -12.263176
v  -0.805600 -21.350958 -14.188970
v  3.058492 -19.014626 -15.545466
v  3.441582 -17.437506 -12.835430
v  -0.661638 -19.782339 -11.500858
v  7.490512 -27.126841 -12.498560
v  11.108832 -24.520370 -13.832641
v  10.520224 -22.427019 -11.296877
v  6.609272 -25.056353 -9.999110
v  15.430962 -31.369915 -10.043073
v  18.653105 -28.476362 -11.383776
v  16.952225 -25.953850 -9.138683
v  13.387795 -28.896381 -7.843079
v  22.661333 -33.788929 -6.906315
v  25.231218 -30.645817 -8.338360
v  22.235859 -27.833996 -6.535303
v  19.311447 -31.072350 -5.142225
v  28.660110 -34.114388 -3.224858
v  30.425976 -30.897783 -4.886146
v  26.006498 -28.083244 -3.695888
v  24.033382 -31.435310 -2.037604
v  32.818363 -32.270996 0.711010
v  33.919735 -29.231260 -1.252813
v  28.321371 -26.830328 -0.732271
v  27.241959 -29.953701 1.283234
v  34.840729 -28.455315 4.565944
v  35.538940 -25.763683 2.343306
v  29.328550 -24.028580 2.323066
v  28.730587 -26.723680 4.615809
v  34.695854 -22.993357 8.105090
v  35.225430 -20.700836 5.705394
v  28.858622 -19.675789 5.300712
v  28.406956 -21.939035 7.763081
v  32.478729 -16.238218 11.171446
v  33.017323 -14.331678 8.652295
v  26.779478 -14.002858 7.967165
v  26.283573 -15.879393 10.538702
v  28.371000 -8.566145 13.629178
v  29.050665 -7.019198 11.022818
v  23.137554 -7.372444 10.126553
v  22.479393 -8.899247 12.777314
v  22.630341 -0.393344 15.357909
v  23.556963 0.818507 12.685009
v  18.123034 -0.204856 11.634053
v  17.214188 -1.407556 14.345858
v  15.584223 7.831439 16.266661
v  16.852713 8.732227 13.545036
v  12.035419 7.055833 12.393429
v  10.795097 6.156737 15.151554
v  7.616986 15.651104 16.303806
v  9.321842 16.268080 13.553229
v  5.258541 13.967288 12.358009
v  3.598462 13.350383 15.147339
v  -0.850232 22.626734 15.459638
v  1.392889 22.994217 12.706964
v  -1.762372 20.113737 11.535029
v  -3.951632 19.751778 14.335162
v  -9.376632 28.360250 13.762179
v  -6.487794 28.526068 11.049984
v  -8.545012 25.134230 9.992126
v  -11.407659 24.986237 12.766550
v  -17.509716 32.507648 11.272036
v  -13.886127 32.547928 8.668135
v  -14.617321 28.762510 7.863780
v  -18.325296 28.749380 10.539436
v  -24.776489 34.776966 8.090600
v  -20.409185 34.824535 5.680440
v  -19.659166 30.867193 5.329371
v  -24.290443 30.825079 7.789307
v  -30.425997 32.880009 4.886130
v  -28.660137 36.096615 3.224842
v  -24.033396 33.417530 2.037590
v  -26.006525 30.065474 3.695879
v  -33.919735 31.213490 1.252810
v  -29.409538 33.583950 -1.450822
v  -26.480801 30.147203 -0.520622
v  -28.321371 28.812555 0.732270
v  -35.538937 27.745911 -2.343308
v  -34.840729 30.437544 -4.565945
v  -28.730581 28.705910 -4.615811
v  -29.328550 26.010807 -2.323067
v  -35.225426 22.683067 -5.705394
v  -34.695850 24.975588 -8.105094
v  -28.406952 23.921267 -7.763083
v  -28.858625 21.658016 -5.300711
v  -33.017323 16.313913 -8.652295
v  -32.478725 18.220455 -11.171444
v  -26.283571 17.861622 -10.538700
v  -26.779476 15.985093 -7.967167
v  -29.050669 9.001433 -11.022815
v  -28.371008 10.548385 -13.629178
v  -22.479397 10.881486 -12.777313
v  -23.137556 9.354682 -10.126553
v  -23.556971 1.163733 -12.685008
v  -22.630348 2.375586 -15.357912
v  -17.214195 3.389796 -14.345857
v  -18.123043 2.187094 -11.634052
v  -16.852726 -6.749985 -13.545036
v  -15.584235 -5.849196 -16.266665
v  -10.795108 -4.174494 -15.151549
v  -12.035429 -5.073590 -12.393429
v  -9.321857 -14.285836 -13.553230
v  -7.617000 -13.668859 -16.303810
v  -3.598476 -11.368138 -15.147340
v  -5.258557 -11.985044 -12.358010
v  -1.392907 -21.011972 -12.706967
v  0.850215 -20.644485 -15.459641
v  3.951615 -17.769533 -14.335163
v  1.762358 -18.131493 -11.535032
v  6.487770 -26.543823 -11.049991
v  9.376606 -26.378006 -13.762186
v  11.407638 -23.003990 -12.766558
v  8.544991 -23.151989 -9.992131
v  13.886103 -30.565687 -8.668143
v  17.509693 -30.525412 -11.272046
v  18.325277 -26.767139 -10.539444
v  14.617304 -26.780272 -7.863790
v  20.409164 -32.842300 -5.680453
v  24.776457 -32.794727 -8.090614
v  24.290422 -28.842848 -7.789321
v  19.659142 -28.884962 -5.329382
v  25.701574 -33.210567 -2.236712
v  30.637484 -32.970989 -4.402254
v  28.935890 -29.111670 -4.680108
v  23.643700 -29.388710 -2.512478
v  29.409538 -31.601727 1.450819
v  34.555256 -31.062469 -0.506674
v  31.963789 -27.569668 -1.403399
v  26.480801 -28.164972 0.520620
v  31.247204 -28.112844 5.123090
v  36.322002 -27.308340 3.302967
v  33.221294 -24.338552 1.852085
v  27.866995 -25.209345 3.628510
v  31.087111 -22.984278 8.548337
v  35.997120 -21.970316 6.828150
v  32.698624 -19.610306 4.923196
v  27.580465 -20.691301 6.609292
v  28.955090 -16.538216 11.536531
v  33.690628 -15.332602 9.903335
v  30.456665 -13.634569 7.645584
v  25.571030 -14.895440 9.259460
v  24.998999 -9.154481 13.928466
v  29.564676 -7.749619 12.373691
v  26.619047 -6.739307 9.856405
v  21.933687 -8.181380 11.403646
v  19.464800 -1.257402 15.595788
v  23.861620 0.361545 14.108500
v  21.394079 0.680478 11.418635
v  16.877787 -0.957972 12.904387
v  12.677534 6.701652 16.446672
v  16.903965 8.547926 15.014126
v  15.076206 8.192978 12.236707
v  10.704802 6.339288 13.667003
v  5.024842 14.265656 16.431252
v  9.077777 16.350462 15.041526
v  8.029390 15.359786 12.263173
v  3.788913 13.271446 13.643459
v  -3.058506 20.996872 15.545466
v  0.805580 23.333204 14.188965
v  0.661621 21.764584 11.500856
v  -3.441590 19.419752 12.835414
v  -11.108860 26.502611 13.832633
v  -7.490536 29.109089 12.498552
v  -6.609292 27.038599 9.999105
v  -10.520246 24.409264 11.296872
v  -18.653130 30.458609 11.383767
v  -15.430989 33.352150 10.043062
v  -13.387817 30.878620 7.843071
v  -16.952246 27.936087 9.138675
v  -25.231239 32.628048 8.338346
v  -22.661362 35.771172 6.906302
v  -19.311468 33.054573 5.142212
v  -22.235882 29.816233 6.535293
v  -30.637505 34.953217 4.402238
v  -25.701593 35.192799 2.236696
v  -23.643721 31.370932 2.512467
v  -28.935907 31.093903 4.680094
v  34.884613 6.507905 10.160670
v  34.884609 5.764769 7.506240
v  32.685944 5.690541 7.938442
v  31.409498 5.587227 8.925872
v  30.994888 5.546554 10.160670
v  31.409494 5.587227 11.395470
v  32.685944 5.690541 12.382899
v  34.884613 5.764769 12.815102
v  37.083282 5.690542 12.382900
v  38.359730 5.587227 11.395471
v  38.774338 5.546554 10.160670
v  38.359730 5.587227 8.925872
v  37.083282 5.690541 7.938442
v  34.884609 3.769985 5.582901
v  31.406666 3.673360 6.353312
v  29.449619 3.525594 8.071548
v  28.840973 3.474396 10.160671
v  29.449615 3.525593 12.249793
v  31.406662 3.673359 13.968030
v  34.884609 3.769985 14.738438
v  38.362560 3.673360 13.968030
v  40.319607 3.525594 12.249794
v  40.928253 3.474396 10.160672
v  40.319607 3.525593 8.071550
v  38.362564 3.673359 6.353312
v  34.884609 0.983813 4.860741
v  30.963547 0.983813 5.773613
v  28.819031 0.983813 7.773824
v  28.160778 0.983813 10.160670
v  28.819031 0.983812 12.547519
v  30.963547 0.983813 14.547727
v  34.884609 0.983813 15.460599
v  38.805679 0.983813 14.547729
v  40.950195 0.983813 12.547519
v  41.608452 0.983813 10.160673
v  40.950191 0.983813 7.773826
v  38.805683 0.983813 5.773615
v  34.884609 -1.802359 5.582901
v  31.406666 -1.705734 6.353312
v  29.449619 -1.557968 8.071548
v  28.840973 -1.506770 10.160671
v  29.449619 -1.557968 12.249793
v  31.406658 -1.705733 13.968030
v  34.884609 -1.802359 14.738438
v  38.362560 -1.705734 13.968030
v  40.319607 -1.557968 12.249794
v  40.928253 -1.506770 10.160672
v  40.319607 -1.557967 8.071550
v  38.362560 -1.705733 6.353312
v  34.884609 -3.797143 7.506239
v  32.685944 -3.722915 7.938442
v  31.409498 -3.619601 8.925871
v  30.994888 -3.578928 10.160670
v  31.409494 -3.619600 11.395470
v  32.685944 -3.722915 12.382899
v  34.884613 -3.797143 12.815102
v  37.083282 -3.722915 12.382900
v  38.359730 -3.619601 11.395471
v  38.774338 -3.578928 10.160670
v  38.359730 -3.619601 8.925871
v  37.083282 -3.722915 7.938442
v  34.884613 -4.540279 10.160670
v  0.000003 -36.276222 0.000001
v  0.000004 -37.019360 -2.654432
v  -2.198671 -37.093586 -2.222228
v  -3.475113 -37.196903 -1.234798
v  -3.889724 -37.237579 0.000001
v  -3.475113 -37.196903 1.234798
v  -2.198676 -37.093586 2.222229
v  -0.000001 -37.019360 2.654433
v  2.198666 -37.093586 2.222232
v  3.475120 -37.196903 1.234802
v  3.889730 -37.237576 0.000002
v  3.475124 -37.196903 -1.234797
v  2.198676 -37.093586 -2.222228
v  0.000004 -39.014149 -4.577768
v  -3.477943 -39.110775 -3.807360
v  -5.434990 -39.258537 -2.089121
v  -6.043631 -39.309738 0.000001
v  -5.434991 -39.258537 2.089122
v  -3.477947 -39.110775 3.807360
v  -0.000001 -39.014149 4.577771
v  3.477947 -39.110775 3.807361
v  5.434992 -39.258537 2.089125
v  6.043641 -39.309738 0.000003
v  5.434999 -39.258537 -2.089119
v  3.477954 -39.110775 -3.807357
v  0.000003 -41.800316 -5.299928
v  -3.921065 -41.800316 -4.387054
v  -6.065574 -41.800316 -2.386845
v  -6.723830 -41.800316 0.000001
v  -6.065577 -41.800316 2.386847
v  -3.921067 -41.800316 4.387057
v  -0.000001 -41.800316 5.299931
v  3.921062 -41.800316 4.387060
v  6.065580 -41.800316 2.386850
v  6.723840 -41.800316 0.000003
v  6.065583 -41.800316 -2.386845
v  3.921073 -41.800316 -4.387055
v  0.000003 -44.586487 -4.577768
v  -3.477945 -44.489861 -3.807358
v  -5.434989 -44.342098 -2.089121
v  -6.043631 -44.290897 0.000001
v  -5.434991 -44.342098 2.089122
v  -3.477947 -44.489861 3.807360
v  -0.000001 -44.586487 4.577771
v  3.477947 -44.489861 3.807361
v  5.434992 -44.342098 2.089125
v  6.043641 -44.290897 0.000003
v  5.434999 -44.342098 -2.089120
v  3.477954 -44.489861 -3.807357
v  0.000006 -46.581276 -2.654432
v  -2.198671 -46.507050 -2.222230
v  -3.475114 -46.403732 -1.234798
v  -3.889724 -46.363056 0.000001
v  -3.475112 -46.403732 1.234800
v  -2.198676 -46.507050 2.222229
v  -0.000001 -46.581276 2.654434
v  2.198664 -46.507050 2.222232
v  3.475125 -46.403732 1.234802
v  3.889729 -46.363060 0.000001
v  3.475124 -46.403732 -1.234797
v  2.198676 -46.507050 -2.222228
v  0.000003 -47.324413 0.000001
v  -23.597303 38.515312 5.575994
v  -23.597305 37.772175 2.921563
v  -25.795967 37.697948 3.353765
v  -27.072416 37.594631 4.341195
v  -27.487026 37.553959 5.575994
v  -27.072414 37.594631 6.810793
v  -25.795963 37.697948 7.798224
v  -23.597303 37.772175 8.230425
v  -21.398634 37.697948 7.798223
v  -20.122187 37.594631 6.810794
v  -19.707577 37.553959 5.575996
v  -20.122185 37.594631 4.341197
v  -21.398628 37.697948 3.353766
v  -23.597305 35.777390 0.998225
v  -27.075247 35.680763 1.768636
v  -29.032293 35.533001 3.486872
v  -29.640936 35.481800 5.575995
v  -29.032295 35.533001 7.665115
v  -27.075254 35.680763 9.383352
v  -23.597303 35.777393 10.153764
v  -20.119354 35.680763 9.383354
v  -18.162308 35.533001 7.665118
v  -17.553665 35.481800 5.575996
v  -18.162308 35.533001 3.486874
v  -20.119352 35.680763 1.768635
v  -23.597303 32.991219 0.276065
v  -27.518370 32.991219 1.188937
v  -29.662880 32.991219 3.189147
v  -30.321140 32.991219 5.575995
v  -29.662878 32.991219 7.962840
v  -27.518372 32.991219 9.963052
v  -23.597303 32.991219 10.875923
v  -19.676235 32.991219 9.963052
v  -17.531723 32.991219 7.962842
v  -16.873465 32.991219 5.575997
v  -17.531723 32.991219 3.189149
v  -19.676233 32.991219 1.188939
v  -23.597305 30.205048 0.998225
v  -27.075247 30.301672 1.768636
v  -29.032293 30.449436 3.486873
v  -29.640936 30.500635 5.575995
v  -29.032295 30.449440 7.665114
v  -27.075253 30.301672 9.383352
v  -23.597303 30.205048 10.153764
v  -20.119354 30.301672 9.383354
v  -18.162308 30.449440 7.665118
v  -17.553665 30.500637 5.575996
v  -18.162308 30.449440 3.486874
v  -20.119352 30.301672 1.768635
v  -23.597307 28.210266 2.921563
v  -25.795969 28.284494 3.353765
v  -27.072414 28.387808 4.341194
v  -27.487024 28.428482 5.575994
v  -27.072412 28.387808 6.810794
v  -25.795963 28.284494 7.798223
v  -23.597303 28.210266 8.230425
v  -21.398634 28.284494 7.798223
v  -20.122189 28.387808 6.810795
v  -19.707577 28.428480 5.575996
v  -20.122183 28.387810 4.341196
v  -21.398628 28.284496 3.353765
v  -23.597303 27.467127 5.575994
v  48.336033 -0.145389 -0.000023
v  48.336033 2.145389 -0.000023
v  41.190826 3.868197 -0.000009
v  41.190826 -1.868198 -0.000009
v  46.931446 -0.145432 5.466553
v  44.063026 3.826643 5.132441
v  36.980061 2.186989 4.307432
v  39.993896 -1.868198 4.658471
v  42.799423 -0.145389 10.615438
v  40.183540 3.826643 9.966614
v  33.724197 2.186988 8.364507
v  36.472664 -1.868197 9.046217
v  36.180073 -0.145347 15.147377
v  33.968727 3.826643 14.221561
v  28.508360 2.186947 11.935490
v  30.831781 -1.868198 12.908230
v  27.458025 -0.145347 18.799009
v  25.779776 3.826643 17.650005
v  21.635756 2.186947 14.812822
v  23.399065 -1.868197 16.020061
v  17.140226 -0.145390 21.358095
v  16.092594 3.826643 20.052694
v  13.505747 2.186989 16.829306
v  14.606474 -1.868198 18.200871
v  5.826247 -0.145389 22.675949
v  5.470173 3.826643 21.289995
v  4.590889 2.186988 17.867708
v  4.965014 -1.868197 19.323904
v  -5.826230 -0.145389 22.675953
v  -5.470156 3.826643 21.289999
v  -4.590845 2.186946 17.867695
v  -4.964997 -1.868197 19.323908
v  -17.140209 -0.145389 21.358103
v  -16.092577 3.826643 20.052702
v  -13.505782 2.186989 16.829304
v  -14.606461 -1.868198 18.200878
v  -27.458002 -0.145346 18.799025
v  -25.779757 3.826643 17.650021
v  -21.635738 2.186988 14.812852
v  -23.399048 -1.868197 16.020073
v  -36.180054 -0.145347 15.147395
v  -33.968708 3.826643 14.221579
v  -28.508348 2.186947 11.935505
v  -30.831770 -1.868198 12.908245
v  -42.799450 -0.145347 10.615456
v  -40.183525 3.826643 9.966633
v  -33.724194 2.186988 8.364525
v  -36.472660 -1.868197 9.046235
v  -46.931499 -0.145347 5.466584
v  -44.063023 3.826643 5.132463
v  -36.980057 2.186989 4.307451
v  -39.993893 -1.868198 4.658491
v  -48.336033 -0.145389 0.000026
v  -45.381737 3.826643 0.000013
v  -38.086761 2.186947 0.000011
v  -41.190826 -1.868198 0.000012
v  -46.931446 -0.145432 -5.466549
v  -44.063026 3.826643 -5.132438
v  -36.980034 2.186947 -4.307415
v  -39.993896 -1.868198 -4.658468
v  -42.799423 -0.145389 -10.615438
v  -40.183540 3.826643 -9.966613
v  -33.724155 2.186946 -8.364511
v  -36.472664 -1.868197 -9.046216
v  -36.180065 -0.145347 -15.147378
v  -33.968723 3.826643 -14.221563
v  -28.508356 2.186947 -11.935492
v  -30.831778 -1.868198 -12.908232
v  -27.458015 -0.145346 -18.799013
v  -25.779768 3.826643 -17.650009
v  -21.635748 2.186988 -14.812843
v  -23.399057 -1.868197 -16.020065
v  -17.140198 -0.145347 -21.358116
v  -16.092583 3.826643 -20.052696
v  -13.505784 2.186989 -16.829298
v  -14.606465 -1.868198 -18.200872
v  -5.826260 -0.145347 -22.675962
v  -5.470157 3.826643 -21.289997
v  -4.590846 2.186946 -17.867697
v  -4.964998 -1.868197 -19.323906
v  5.826252 -0.145389 -22.675951
v  5.470177 3.826643 -21.289999
v  4.590892 2.186988 -17.867706
v  4.965017 -1.868197 -19.323906
v  17.140236 -0.145390 -21.358101
v  16.092600 3.826643 -20.052698
v  13.505754 2.186989 -16.829309
v  14.606483 -1.868198 -18.200874
v  27.457994 -0.145389 -18.799011
v  25.779783 3.826643 -17.650011
v  21.635801 2.186988 -14.812831
v  23.399073 -1.868197 -16.020065
v  36.180073 -0.145389 -15.147363
v  33.968735 3.826643 -14.221567
v  28.508375 2.186988 -11.935513
v  30.831787 -1.868197 -12.908233
v  42.799473 -0.145346 -10.615437
v  40.183552 3.826643 -9.966616
v  33.724171 2.186946 -8.364512
v  36.472679 -1.868197 -9.046217
v  44.063034 -1.826643 -5.132442
v  46.931515 2.145347 -5.466561
v  39.993904 3.868197 -4.658471
v  36.980042 -0.186947 -4.307417
v  45.381737 -1.826644 -0.000010
v  45.381737 3.826643 -0.000010
v  38.086761 2.186947 -0.000008
v  38.086761 -0.186947 -0.000008
v  44.063026 -1.826644 5.132441
v  46.931446 2.145431 5.466553
v  39.993896 3.868197 4.658471
v  36.980061 -0.186989 4.307432
v  40.183540 -1.826643 9.966614
v  42.799423 2.145389 10.615438
v  36.472664 3.868197 9.046217
v  33.724197 -0.186988 8.364507
v  33.968727 -1.826643 14.221561
v  36.180073 2.145346 15.147377
v  30.831781 3.868197 12.908230
v  28.508360 -0.186947 11.935490
v  25.779776 -1.826643 17.650005
v  27.458025 2.145347 18.799009
v  23.399065 3.868197 16.020061
v  21.635756 -0.186947 14.812822
v  16.092594 -1.826644 20.052694
v  17.140226 2.145389 21.358095
v  14.606474 3.868198 18.200871
v  13.505747 -0.186989 16.829306
v  5.470173 -1.826643 21.289995
v  5.826247 2.145389 22.675949
v  4.965014 3.868197 19.323904
v  4.590889 -0.186988 17.867708
v  -5.470156 -1.826643 21.289999
v  -5.826230 2.145389 22.675953
v  -4.964997 3.868197 19.323908
v  -4.590845 -0.186947 17.867695
v  -16.092577 -1.826644 20.052702
v  -17.140209 2.145389 21.358103
v  -14.606461 3.868198 18.200878
v  -13.505782 -0.186989 16.829304
v  -25.779757 -1.826643 17.650021
v  -27.458002 2.145346 18.799025
v  -23.399048 3.868197 16.020073
v  -21.635738 -0.186988 14.812852
v  -33.968708 -1.826643 14.221579
v  -36.180054 2.145347 15.147395
v  -30.831770 3.868197 12.908245
v  -28.508348 -0.186947 11.935505
v  -40.183525 -1.826643 9.966633
v  -42.799450 2.145346 10.615456
v  -36.472660 3.868197 9.046235
v  -33.724194 -0.186988 8.364525
v  -44.063023 -1.826643 5.132463
v  -46.931499 2.145347 5.466584
v  -39.993893 3.868197 4.658491
v  -36.980057 -0.186989 4.307451
v  -45.381737 -1.826644 0.000013
v  -48.336033 2.145389 0.000026
v  -41.190826 3.868197 0.000012
v  -38.086761 -0.186947 0.000011
v  -44.063026 -1.826643 -5.132438
v  -46.931446 2.145431 -5.466549
v  -39.993896 3.868198 -4.658468
v  -36.980034 -0.186947 -4.307415
v  -40.183540 -1.826643 -9.966613
v  -42.799423 2.145388 -10.615438
v  -36.472664 3.868197 -9.046216
v  -33.724155 -0.186946 -8.364511
v  -33.968723 -1.826643 -14.221563
v  -36.180065 2.145346 -15.147378
v  -30.831778 3.868197 -12.908232
v  -28.508356 -0.186947 -11.935492
v  -25.779768 -1.826643 -17.650009
v  -27.458015 2.145346 -18.799013
v  -23.399057 3.868197 -16.020065
v  -21.635748 -0.186988 -14.812843
v  -16.092583 -1.826643 -20.052696
v  -17.140198 2.145347 -21.358116
v  -14.606465 3.868198 -18.200872
v  -13.505784 -0.186989 -16.829298
v  -5.470157 -1.826643 -21.289997
v  -5.826260 2.145346 -22.675962
v  -4.964998 3.868197 -19.323906
v  -4.590846 -0.186947 -17.867697
v  5.470177 -1.826643 -21.289999
v  5.826252 2.145389 -22.675951
v  4.965017 3.868197 -19.323906
v  4.590892 -0.186989 -17.867706
v  16.092600 -1.826644 -20.052698
v  17.140236 2.145390 -21.358101
v  14.606483 3.868198 -18.200874
v  13.505754 -0.186990 -16.829309
v  25.779783 -1.826643 -17.650011
v  27.457994 2.145389 -18.799011
v  23.399073 3.868197 -16.020065
v  21.635801 -0.186989 -14.812831
v  33.968735 -1.826643 -14.221567
v  36.180073 2.145388 -15.147363
v  30.831787 3.868197 -12.908233
v  28.508375 -0.186988 -11.935513
v  40.183552 -1.826643 -9.966616
v  42.799473 2.145346 -10.615437
v  36.472679 3.868197 -9.046217
v  33.724171 -0.186946 -8.364512
v  46.931515 -0.145347 -5.466561
v  44.063034 3.826643 -5.132442
v  36.980042 2.186947 -4.307417
v  39.993904 -1.868198 -4.658471
v  35.409317 33.163338 0.610396
v  33.214390 34.677078 -0.856879
v  26.465319 32.069012 -1.470699
v  32.504784 29.257608 1.627286
v  31.339010 35.178020 4.597243
v  25.154791 35.519440 2.029742
v  22.860670 31.234102 2.338522
v  29.524130 30.800566 4.874725
v  25.222988 35.060970 8.376726
v  19.794033 35.144897 5.515824
v  19.104744 30.638103 5.060860
v  24.916075 30.531513 7.954542
v  17.693596 32.791046 11.616808
v  13.220754 32.856529 8.536928
v  14.405549 28.495232 7.523643
v  18.989580 28.460747 10.674737
v  9.328906 28.617033 14.130819
v  5.783184 28.819353 10.942891
v  8.637892 24.887625 9.628704
v  12.109882 24.709166 12.875585
v  0.606700 22.848314 15.827046
v  -2.129359 23.270691 12.617100
v  2.068238 19.908304 11.177569
v  4.688125 19.491152 14.424598
v  -8.016237 15.832656 16.656216
v  -10.085202 16.526579 13.474710
v  -4.811799 13.806838 12.015859
v  -2.832717 13.109062 15.224894
v  -16.099606 7.967160 16.599751
v  -17.638649 8.971609 13.471636
v  -11.495771 6.941094 12.067095
v  -10.005589 5.936104 15.224881
v  -23.225588 -0.312636 15.673148
v  -24.360682 1.037938 12.609924
v  -17.521328 -0.272172 11.321703
v  -16.406637 -1.607053 14.422174
v  -29.010792 -8.553616 13.930243
v  -29.866322 -6.819926 10.938828
v  -22.493860 -7.386349 9.827017
v  -21.659975 -9.077746 12.863515
v  -33.126369 -16.310732 11.459633
v  -33.837883 -14.151998 8.552209
v  -26.112593 -13.949231 7.681145
v  -25.459711 -16.037653 10.641775
v  -35.310265 -23.170357 8.372925
v  -36.042862 -20.539558 5.582685
v  -28.198284 -19.529963 5.033609
v  -27.588085 -22.078951 7.889980
v  -35.374187 -28.750425 4.790628
v  -36.344578 -25.619900 2.192458
v  -28.734789 -23.755495 2.094108
v  -27.927841 -26.848867 4.772087
v  -33.214397 -32.677074 0.856882
v  -34.702251 -29.104763 -1.437603
v  -27.919821 -26.408066 -0.878229
v  -26.465324 -30.069010 1.470701
v  -28.838980 -34.593376 -3.184519
v  -31.167719 -30.786259 -5.111225
v  -25.957012 -27.575695 -3.723842
v  -23.288372 -31.544022 -1.821010
v  -22.543240 -34.272224 -6.958356
v  -25.912487 -30.545994 -8.606309
v  -22.526642 -27.354471 -6.483014
v  -18.601944 -31.175049 -4.898261
v  -15.041600 -31.797667 -10.140491
v  -19.255165 -28.385689 -11.693018
v  -17.447529 -25.539160 -9.050421
v  -12.722006 -28.990835 -7.569904
v  -6.929968 -27.487226 -12.610686
v  -11.620806 -24.431141 -14.176231
v  -11.132345 -22.071901 -11.192147
v  -6.006391 -25.140480 -9.692219
v  1.467375 -21.653015 -14.305319
v  -3.485712 -18.916302 -15.912354
v  -4.129039 -17.132835 -12.724450
v  1.181745 -19.862274 -11.161230
v  9.806307 -14.620734 -15.156408
v  4.665435 -12.167496 -16.810698
v  3.047001 -11.028251 -13.533260
v  8.462351 -13.465742 -11.899145
v  17.682142 -6.774199 -15.122115
v  12.365538 -4.580952 -16.830383
v  9.920007 -4.135655 -13.563190
v  15.433560 -6.320950 -11.859571
v  24.679918 1.453359 -14.203818
v  19.181961 3.402945 -15.977934
v  16.057224 3.123916 -12.812156
v  21.698975 1.156667 -11.040454
v  30.416630 9.605234 -12.449824
v  24.730946 11.327699 -14.304202
v  21.082441 10.309460 -11.328662
v  26.905340 8.532370 -9.489913
v  34.570160 17.231081 -9.952523
v  28.685434 18.744555 -11.899254
v  24.694071 16.983463 -9.208900
v  30.765894 15.381465 -7.303861
v  36.895565 23.917818 -6.840708
v  30.789999 25.228785 -8.887984
v  26.685152 22.734921 -6.592853
v  33.072796 21.318729 -4.618644
v  36.344570 27.619917 -2.192441
v  35.374184 30.750441 -4.790611
v  27.927839 28.848888 -4.772075
v  28.734783 25.755510 -2.094094
v  34.702244 31.104765 1.437605
v  28.955702 33.906410 -1.706647
v  25.606556 30.094046 -0.613940
v  27.919815 28.408066 0.878231
v  31.167719 32.786255 5.111227
v  28.838978 36.593376 3.184521
v  23.288368 33.544018 1.821013
v  25.957020 29.575695 3.723846
v  25.912487 32.545990 8.606308
v  22.543243 36.272224 6.958357
v  18.601946 33.175049 4.898262
v  22.526648 29.354471 6.483016
v  19.255165 30.385693 11.693017
v  15.041606 33.797665 10.140490
v  12.722013 30.990835 7.569901
v  17.447538 27.539160 9.050422
v  11.620816 26.431141 14.176228
v  6.929976 29.487230 12.610682
v  6.006396 27.140484 9.692217
v  11.132350 24.071905 11.192144
v  3.485716 20.916311 15.912354
v  -1.467365 23.653025 14.305315
v  -1.181736 21.862278 11.161229
v  4.129047 19.132843 12.724447
v  -4.665428 14.167509 16.810699
v  -9.806295 16.620747 15.156407
v  -8.462342 15.465753 11.899143
v  -3.046989 13.028259 13.533260
v  -12.365528 6.580967 16.830387
v  -17.682127 8.774214 15.122115
v  -15.433557 8.320967 11.859574
v  -9.919993 6.135669 13.563191
v  -19.181957 -1.402928 15.977937
v  -24.679899 0.546660 14.203818
v  -21.698957 0.843349 11.040454
v  -16.057211 -1.123901 12.812156
v  -24.730927 -9.327675 14.304207
v  -30.416613 -7.605210 12.449830
v  -26.905323 -6.532348 9.489917
v  -21.082426 -8.309439 11.328667
v  -28.685425 -16.744532 11.899261
v  -34.570152 -15.231056 9.952531
v  -30.765894 -13.381443 7.303869
v  -24.694061 -14.983446 9.208908
v  -30.789995 -23.228760 8.887996
v  -36.895561 -21.917793 6.840722
v  -33.072792 -19.318707 4.618655
v  -26.685152 -20.734905 6.592867
v  -30.887033 -28.394148 5.426508
v  -37.221581 -27.318958 3.266490
v  -33.685402 -24.027561 1.590942
v  -26.967516 -25.201502 3.659120
v  -28.955713 -31.906410 1.706650
v  -35.409321 -31.163340 -0.610393
v  -32.504791 -27.257605 -1.627284
v  -25.606562 -28.094044 0.613941
v  -25.154793 -33.519440 -2.029739
v  -31.339014 -33.178020 -4.597240
v  -29.524130 -28.800562 -4.874723
v  -22.860670 -29.234104 -2.338519
v  -19.794031 -33.144897 -5.515824
v  -25.222984 -33.060970 -8.376725
v  -24.916073 -28.531509 -7.954540
v  -19.104742 -28.638105 -5.060860
v  -13.220753 -30.856529 -8.536929
v  -17.693592 -30.791046 -11.616810
v  -18.989576 -26.460743 -10.674736
v  -14.405542 -26.495234 -7.523644
v  -5.783177 -26.819349 -10.942893
v  -9.328896 -26.617029 -14.130821
v  -12.109875 -22.709162 -12.875589
v  -8.637886 -22.887623 -9.628705
v  2.129369 -21.270683 -12.617104
v  -0.606694 -20.848307 -15.827052
v  -4.688118 -17.491146 -14.424597
v  -2.068229 -17.908297 -11.177571
v  10.085213 -14.526568 -13.474710
v  8.016246 -13.832643 -16.656219
v  2.832729 -11.109053 -15.224894
v  4.811810 -11.806828 -12.015862
v  17.638664 -6.971594 -13.471634
v  16.099619 -5.967142 -16.599752
v  10.005603 -3.936090 -15.224880
v  11.495778 -4.941078 -12.067100
v  24.360695 0.962078 -12.609923
v  23.225599 2.312657 -15.673149
v  16.406651 3.607069 -14.422174
v  17.521343 2.272187 -11.321702
v  29.866339 8.819949 -10.938822
v  29.010809 10.553641 -13.930238
v  21.659992 11.077768 -12.863511
v  22.493876 9.386369 -9.827012
v  33.837883 16.152020 -8.552200
v  33.126373 18.310755 -11.459623
v  25.459715 18.037674 -10.641766
v  26.112600 15.949252 -7.681139
v  36.042866 22.539579 -5.582672
v  35.310272 25.170380 -8.372911
v  27.588085 24.078974 -7.889969
v  28.198294 21.529974 -5.033594
v  37.221577 29.318977 -3.266473
v  30.887041 30.394167 -5.426493
v  26.967508 27.201517 -3.659106
v  33.685394 26.027580 -1.590928
v  0.000114 47.801865 -1.130594
v  -0.000113 47.801914 1.130508
v  0.000000 43.055466 2.663095
v  -0.000003 43.055466 -2.663092
v  7.137190 46.114876 -1.095885
v  6.033454 44.210598 2.550435
v  2.481903 39.867783 1.136378
v  4.217572 41.791607 -2.634163
v  12.845183 41.754486 -0.974398
v  11.218351 40.282009 2.492315
v  6.029077 36.816593 0.940192
v  8.116188 38.210415 -2.565165
v  17.401007 35.266430 -0.860603
v  15.578435 34.144436 2.450230
v  9.627420 31.448935 0.831928
v  11.707289 32.492477 -2.501267
v  20.941505 26.930403 -0.786662
v  19.024092 26.126143 2.423515
v  12.640388 24.177916 0.772082
v  14.701933 24.923782 -2.457813
v  23.387869 17.161896 -0.743913
v  21.416121 16.674397 2.408186
v  14.780731 15.491549 0.739962
v  16.837412 15.943007 -2.431963
v  24.640528 6.490084 -0.724277
v  22.642195 6.326386 2.401309
v  15.888907 5.929438 0.725976
v  17.945629 6.080799 -2.419903
v  24.640528 -4.490075 -0.724277
v  22.642193 -4.326377 2.401309
v  15.888907 -3.929430 0.725975
v  17.945629 -4.080790 -2.419904
v  23.387869 -15.161887 -0.743915
v  21.416121 -14.674390 2.408184
v  14.780732 -13.491543 0.739961
v  16.837412 -13.942999 -2.431964
v  20.941519 -24.930397 -0.786643
v  19.024097 -24.126133 2.423512
v  12.640392 -22.177908 0.772079
v  14.701935 -22.923773 -2.457815
v  17.400990 -33.266434 -0.860633
v  15.578435 -32.144428 2.450228
v  9.627423 -29.448929 0.831926
v  11.707292 -30.492474 -2.501270
v  12.845199 -39.754494 -0.974369
v  11.218356 -38.282001 2.492311
v  6.029076 -34.816570 0.940161
v  8.116194 -36.210411 -2.565168
v  7.137119 -44.114876 -1.095930
v  6.033461 -42.210594 2.550431
v  2.481965 -37.867775 1.136412
v  4.217576 -39.791603 -2.634167
v  0.000005 -45.801891 -1.130553
v  0.000006 -43.623634 2.591017
v  0.000002 -38.711216 1.316602
v  0.000002 -41.055466 -2.663095
v  -7.137109 -44.114880 -1.095926
v  -6.033447 -42.210598 2.550434
v  -2.481899 -37.867783 1.136376
v  -4.217572 -39.791607 -2.634165
v  -12.845194 -39.754501 -0.974362
v  -11.218348 -38.282009 2.492318
v  -6.029077 -34.816593 0.940193
v  -8.116190 -36.210415 -2.565163
v  -17.400969 -33.266438 -0.860647
v  -15.578433 -32.144432 2.450236
v  -9.627422 -29.448931 0.831933
v  -11.707294 -30.492477 -2.501263
v  -20.941528 -24.930407 -0.786609
v  -19.024096 -24.126137 2.423524
v  -12.640391 -22.177910 0.772087
v  -14.701937 -22.923773 -2.457806
v  -23.387871 -15.161883 -0.743901
v  -21.416122 -14.674386 2.408197
v  -14.780732 -13.491540 0.739970
v  -16.837414 -13.942996 -2.431954
v  -24.640528 -4.490067 -0.724263
v  -22.642193 -4.326370 2.401323
v  -15.888909 -3.929423 0.725984
v  -17.945627 -4.080783 -2.419892
v  -24.640526 6.490097 -0.724262
v  -22.642191 6.326398 2.401323
v  -15.888906 5.929449 0.725986
v  -17.945627 6.080810 -2.419892
v  -23.387865 17.161911 -0.743900
v  -21.416115 16.674410 2.408199
v  -14.780729 15.491564 0.739972
v  -16.837412 15.943022 -2.431953
v  -20.941509 26.930424 -0.786629
v  -19.024086 26.126158 2.423526
v  -12.640384 24.177931 0.772090
v  -14.701930 24.923798 -2.457804
v  -17.400976 35.266457 -0.860620
v  -15.578423 34.144451 2.450239
v  -9.627420 31.448959 0.831959
v  -11.707283 32.492493 -2.501260
v  -12.845179 41.754517 -0.974359
v  -11.218336 40.282021 2.492321
v  -6.029039 36.816612 0.940168
v  -8.116179 38.210430 -2.565160
v  -6.033436 44.210606 -2.550431
v  -7.137114 46.114853 1.095971
v  -4.217558 41.791615 2.634167
v  -2.481891 39.867783 -1.136376
v  -0.000001 45.623634 -2.591016
v  0.000001 45.623631 2.591020
v  0.000000 40.711216 1.316605
v  -0.000001 40.711216 -1.316601
v  6.033451 44.210598 -2.550434
v  7.137033 46.114887 1.095966
v  4.217575 41.791607 2.634165
v  2.481902 39.867783 -1.136376
v  11.218349 40.282009 -2.492318
v  12.845205 41.754520 0.974330
v  8.116192 38.210415 2.565163
v  6.029077 36.816593 -0.940193
v  15.578431 34.144436 -2.450236
v  17.400967 35.266441 0.860647
v  11.707292 32.492477 2.501263
v  9.627420 31.448935 -0.831932
v  19.024092 26.126143 -2.423524
v  20.941523 26.930414 0.786610
v  14.701935 24.923782 2.457806
v  12.640388 24.177916 -0.772088
v  21.416119 16.674397 -2.408197
v  23.387869 17.161896 0.743901
v  16.837412 15.943006 2.431954
v  14.780731 15.491549 -0.739970
v  22.642193 6.326386 -2.401323
v  24.640528 6.490084 0.724263
v  17.945631 6.080799 2.419893
v  15.888907 5.929438 -0.725985
v  22.642193 -4.326377 -2.401323
v  24.640528 -4.490075 0.724262
v  17.945629 -4.080790 2.419892
v  15.888907 -3.929430 -0.725986
v  21.416121 -14.674389 -2.408198
v  23.387869 -15.161887 0.743900
v  16.837414 -13.942999 2.431953
v  14.780732 -13.491543 -0.739972
v  19.024096 -24.126133 -2.423526
v  20.941519 -24.930397 0.786628
v  14.701939 -22.923773 2.457804
v  12.640392 -22.177908 -0.772090
v  15.578433 -32.144428 -2.450240
v  17.400990 -33.266434 0.860620
v  11.707294 -30.492474 2.501260
v  9.627423 -29.448929 -0.831935
v  11.218353 -38.282001 -2.492321
v  12.845199 -39.754494 0.974358
v  8.116197 -36.210411 2.565159
v  6.029086 -34.816612 -0.940226
v  6.033458 -42.210594 -2.550438
v  7.137119 -44.114876 1.095922
v  4.217579 -39.791603 2.634161
v  2.481845 -37.867779 -1.136342
v  0.000004 -43.623634 -2.591020
v  0.000007 -45.801891 1.130549
v  0.000005 -41.055466 2.663092
v  0.000001 -38.711216 -1.316605
v  -6.033451 -42.210598 -2.550435
v  -7.137108 -44.114880 1.095926
v  -4.217569 -39.791607 2.634163
v  -2.481900 -37.867783 -1.136378
v  -11.218350 -38.282009 -2.492315
v  -12.845193 -39.754505 0.974366
v  -8.116187 -36.210415 2.565165
v  -6.029077 -34.816593 -0.940192
v  -15.578437 -32.144432 -2.450230
v  -17.401007 -33.266426 0.860603
v  -11.707292 -30.492477 2.501267
v  -9.627422 -29.448931 -0.831929
v  -19.024097 -24.126137 -2.423515
v  -20.941509 -24.930395 0.786662
v  -14.701935 -22.923773 2.457813
v  -12.640392 -22.177910 -0.772081
v  -21.416122 -14.674385 -2.408186
v  -23.387871 -15.161883 0.743913
v  -16.837412 -13.942996 2.431963
v  -14.780732 -13.491540 -0.739962
v  -22.642195 -4.326370 -2.401310
v  -24.640528 -4.490067 0.724277
v  -17.945625 -4.080783 2.419903
v  -15.888909 -3.929423 -0.725975
v  -22.642193 6.326399 -2.401309
v  -24.640526 6.490097 0.724277
v  -17.945627 6.080810 2.419904
v  -15.888906 5.929449 -0.725975
v  -21.416117 16.674410 -2.408185
v  -23.387865 17.161911 0.743915
v  -16.837410 15.943021 2.431964
v  -14.780729 15.491564 -0.739961
v  -19.024086 26.126158 -2.423513
v  -20.941509 26.930424 0.786643
v  -14.701928 24.923798 2.457815
v  -12.640384 24.177931 -0.772080
v  -15.578424 34.144451 -2.450227
v  -17.400976 35.266457 0.860633
v  -11.707281 32.492493 2.501270
v  -9.627405 31.448936 -0.831903
v  -11.218338 40.282021 -2.492311
v  -12.845179 41.754517 0.974369
v  -8.116177 38.210430 2.565168
v  -6.029093 36.816605 -0.940218
v  -7.137074 46.114925 -1.095881
v  -6.033433 44.210606 2.550438
v  -2.481890 39.867783 1.136381
v  -4.217562 41.791615 -2.634161
v  -35.409317 33.163342 0.610402
v  -33.214386 34.677074 -0.856874
v  -26.465322 32.069008 -1.470694
v  -32.504791 29.257605 1.627293
v  -37.221584 29.318958 -3.266477
v  -30.887041 30.394148 -5.426499
v  -26.967516 27.201502 -3.659112
v  -33.685402 26.027563 -1.590932
v  -36.895561 23.917797 -6.840711
v  -30.789995 25.228762 -8.887987
v  -26.685156 22.734901 -6.592856
v  -33.072792 21.318708 -4.618645
v  -34.570156 17.231062 -9.952522
v  -28.685436 18.744534 -11.899256
v  -24.694073 16.983446 -9.208902
v  -30.765890 15.381446 -7.303859
v  -30.416626 9.605214 -12.449821
v  -24.730938 11.327680 -14.304201
v  -21.082436 10.309444 -11.328663
v  -26.905329 8.532352 -9.489909
v  -24.679911 1.453341 -14.203813
v  -19.181961 3.402929 -15.977931
v  -16.057219 3.123901 -12.812150
v  -21.698969 1.156653 -11.040449
v  -17.682140 -6.774213 -15.122108
v  -12.365530 -4.580964 -16.830381
v  -9.920004 -4.135667 -13.563187
v  -15.433560 -6.320964 -11.859569
v  -9.806304 -14.620744 -15.156404
v  -4.665433 -12.167505 -16.810698
v  -3.046998 -11.028256 -13.533257
v  -8.462347 -13.465748 -11.899139
v  -1.467373 -21.653021 -14.305315
v  3.485714 -18.916306 -15.912353
v  4.129039 -17.132843 -12.724449
v  -1.181743 -19.862276 -11.161227
v  6.929964 -27.487223 -12.610683
v  11.620802 -24.431139 -14.176230
v  11.132340 -22.071899 -11.192145
v  6.006389 -25.140476 -9.692217
v  15.041596 -31.797663 -10.140493
v  19.255159 -28.385689 -11.693021
v  17.447527 -25.539156 -9.050425
v  12.722006 -28.990829 -7.569903
v  22.543232 -34.272221 -6.958361
v  25.912479 -30.545988 -8.606316
v  22.526638 -27.354467 -6.483020
v  18.601938 -31.175051 -4.898266
v  28.838970 -34.593376 -3.184528
v  31.167711 -30.786253 -5.111236
v  25.957012 -27.575695 -3.723851
v  23.288368 -31.544022 -1.821018
v  33.214390 -32.677078 0.856870
v  34.702248 -29.104767 -1.437615
v  27.919817 -26.408066 -0.878238
v  26.465322 -30.069010 1.470692
v  35.374191 -28.750427 4.790616
v  36.344578 -25.619902 2.192443
v  28.734789 -23.755499 2.094098
v  27.927845 -26.848873 4.772079
v  35.310268 -23.170361 8.372914
v  36.042866 -20.539560 5.582674
v  28.198294 -19.529963 5.033600
v  27.588087 -22.078951 7.889970
v  33.126377 -16.310728 11.459623
v  33.837879 -14.151996 8.552200
v  26.112600 -13.949228 7.681137
v  25.459713 -16.037653 10.641769
v  29.010799 -8.553612 13.930235
v  29.866329 -6.819925 10.938821
v  22.493864 -7.386347 9.827011
v  21.659981 -9.077744 12.863512
v  23.225592 -0.312628 15.673141
v  24.360682 1.037947 12.609919
v  17.521332 -0.272165 11.321695
v  16.406637 -1.607046 14.422174
v  16.099607 7.967169 16.599745
v  17.638645 8.971619 13.471627
v  11.495770 6.941103 12.067093
v  10.005589 5.936114 15.224879
v  8.016229 15.832667 16.656210
v  10.085195 16.526590 13.474707
v  4.811789 13.806847 12.015858
v  2.832711 13.109073 15.224888
v  -0.606714 22.848326 15.827044
v  2.129349 23.270700 12.617097
v  -2.068247 19.908314 11.177567
v  -4.688135 19.491163 14.424595
v  -9.328918 28.617044 14.130814
v  -5.783197 28.819363 10.942885
v  -8.637902 24.887632 9.628699
v  -12.109893 24.709175 12.875582
v  -17.693613 32.791054 11.616803
v  -13.220772 32.856537 8.536920
v  -14.405554 28.495241 7.523638
v  -18.989595 28.460751 10.674735
v  -25.223007 35.060974 8.376719
v  -19.794046 35.144894 5.515815
v  -19.104755 30.638107 5.060854
v  -24.916088 30.531513 7.954535
v  -31.167728 32.786251 5.111221
v  -28.838997 36.593372 3.184513
v  -23.288385 33.544014 1.821004
v  -25.957035 29.575693 3.723842
v  -34.702248 31.104765 1.437612
v  -28.955706 33.906406 -1.706642
v  -25.606560 30.094044 -0.613934
v  -27.919815 28.408062 0.878238
v  -36.344574 27.619898 -2.192445
v  -35.374191 30.750425 -4.790617
v  -27.927841 28.848871 -4.772080
v  -28.734791 25.755495 -2.094099
v  -36.042862 22.539558 -5.582673
v  -35.310265 25.170361 -8.372917
v  -27.588083 24.078951 -7.889972
v  -28.198296 21.529957 -5.033597
v  -33.837883 16.151999 -8.552201
v  -33.126377 18.310734 -11.459620
v  -25.459711 18.037655 -10.641766
v  -26.112598 15.949233 -7.681139
v  -29.866333 8.819930 -10.938818
v  -29.010803 10.553621 -13.930235
v  -21.659985 11.077751 -12.863510
v  -22.493868 9.386354 -9.827012
v  -24.360687 0.962062 -12.609916
v  -23.225597 2.312639 -15.673143
v  -16.406645 3.607054 -14.422171
v  -17.521339 2.272172 -11.321695
v  -17.638657 -6.971607 -13.471627
v  -16.099615 -5.967156 -16.599747
v  -10.005598 -3.936102 -15.224877
v  -11.495779 -4.941092 -12.067093
v  -10.085211 -14.526577 -13.474707
v  -8.016241 -13.832652 -16.656216
v  -2.832725 -11.109059 -15.224890
v  -4.811807 -11.806835 -12.015859
v  -2.129367 -21.270687 -12.617100
v  0.606696 -20.848310 -15.827048
v  4.688118 -17.491148 -14.424595
v  2.068234 -17.908300 -11.177570
v  5.783173 -26.819347 -10.942891
v  9.328892 -26.617031 -14.130821
v  12.109872 -22.709162 -12.875589
v  8.637883 -22.887621 -9.628706
v  13.220747 -30.856529 -8.536930
v  17.693588 -30.791046 -11.616815
v  18.989574 -26.460745 -10.674743
v  14.405539 -26.495234 -7.523646
v  19.794025 -33.144894 -5.515829
v  25.222977 -33.060966 -8.376732
v  24.916069 -28.531513 -7.954549
v  19.104734 -28.638105 -5.060865
v  25.154783 -33.519436 -2.029748
v  31.339010 -33.178020 -4.597252
v  29.524126 -28.800560 -4.874733
v  22.860668 -29.234102 -2.338527
v  28.955706 -31.906412 1.706640
v  35.409317 -31.163340 -0.610406
v  32.504787 -27.257605 -1.627295
v  25.606560 -28.094044 0.613932
v  30.887045 -28.394150 5.426497
v  37.221584 -27.318964 3.266476
v  33.685398 -24.027563 1.590929
v  26.967516 -25.201506 3.659111
v  30.790003 -23.228762 8.887987
v  36.895565 -21.917797 6.840710
v  33.072788 -19.318708 4.618644
v  26.685160 -20.734903 6.592856
v  28.685436 -16.744530 11.899255
v  34.570160 -15.231057 9.952521
v  30.765900 -13.381444 7.303861
v  24.694069 -14.983446 9.208903
v  24.730938 -9.327674 14.304203
v  30.416620 -7.605207 12.449822
v  26.905331 -6.532345 9.489912
v  21.082430 -8.309437 11.328664
v  19.181963 -1.402918 15.977932
v  24.679899 0.546667 14.203815
v  21.698961 0.843355 11.040449
v  16.057209 -1.123894 12.812152
v  12.365526 6.580977 16.830383
v  17.682129 8.774224 15.122108
v  15.433556 8.320976 11.859571
v  9.919993 6.135679 13.563190
v  4.665421 14.167520 16.810698
v  9.806288 16.620756 15.156402
v  8.462332 15.465761 11.899137
v  3.046984 13.028270 13.533258
v  -3.485727 20.916321 15.912353
v  1.467353 23.653036 14.305312
v  1.181725 21.862289 11.161225
v  -4.129055 19.132854 12.724447
v  -11.620830 26.431150 14.176222
v  -6.929988 29.487238 12.610677
v  -6.006408 27.140493 9.692212
v  -11.132363 24.071913 11.192142
v  -19.255182 30.385704 11.693013
v  -15.041622 33.797672 10.140485
v  -12.722028 30.990837 7.569894
v  -17.447544 27.539164 9.050415
v  -25.912504 32.545990 8.606300
v  -22.543261 36.272228 6.958347
v  -18.601959 33.175045 4.898254
v  -22.526657 29.354473 6.483009
v  -31.339031 35.178017 4.597236
v  -25.154806 35.519436 2.029733
v  -22.860687 31.234097 2.338516
v  -29.524143 30.800562 4.874720
v  34.884617 7.016790 10.160675
v  34.884613 6.203325 7.288726
v  32.269978 6.106184 7.787911
v  30.827658 5.967382 8.851426
v  30.357193 5.908334 10.160674
v  30.827656 5.967381 11.469923
v  32.269978 6.106184 12.533439
v  34.884617 6.203325 13.032623
v  37.499256 6.106184 12.533441
v  38.941574 5.967382 11.469925
v  39.412041 5.908334 10.160676
v  38.941574 5.967381 8.851427
v  37.499260 6.106184 7.787910
v  34.884617 4.036062 5.218202
v  30.803425 3.908528 6.102724
v  28.640228 3.709787 7.960466
v  27.986090 3.639485 10.160674
v  28.640223 3.709786 12.360882
v  30.803419 3.908526 14.218625
v  34.884609 4.036062 15.103146
v  38.965805 3.908527 14.218626
v  41.129009 3.709786 12.360885
v  41.783146 3.639485 10.160677
v  41.129009 3.709786 7.960470
v  38.965813 3.908527 6.102726
v  34.884617 0.992697 4.435466
v  30.298964 0.992697 5.486344
v  27.955231 0.992697 7.654451
v  27.260866 0.992697 10.160674
v  27.955231 0.992697 12.666899
v  30.298962 0.992697 14.835004
v  34.884609 0.992697 15.885883
v  39.470264 0.992697 14.835008
v  41.813999 0.992697 12.666901
v  42.508369 0.992697 10.160678
v  41.814003 0.992697 7.654454
v  39.470272 0.992697 5.486346
v  34.884613 -2.050668 5.218203
v  30.803425 -1.923133 6.102725
v  28.640228 -1.724393 7.960466
v  27.986090 -1.654090 10.160675
v  28.640226 -1.724391 12.360882
v  30.803419 -1.923131 14.218625
v  34.884609 -2.050668 15.103146
v  38.965805 -1.923133 14.218626
v  41.129009 -1.724392 12.360885
v  41.783146 -1.654090 10.160677
v  41.129009 -1.724391 7.960470
v  38.965813 -1.923132 6.102726
v  34.884613 -4.217929 7.288725
v  32.269978 -4.120789 7.787910
v  30.827658 -3.981987 8.851425
v  30.357193 -3.922939 10.160674
v  30.827652 -3.981986 11.469923
v  32.269974 -4.120789 12.533439
v  34.884617 -4.217929 13.032623
v  37.499256 -4.120789 12.533440
v  38.941574 -3.981987 11.469925
v  39.412041 -3.922939 10.160676
v  38.941574 -3.981986 8.851427
v  37.499260 -4.120789 7.787911
v  34.884617 -5.031395 10.160675
v  0.000003 -35.767342 0.000001
v  0.000004 -36.580811 -2.871950
v  -2.614644 -36.677952 -2.372763
v  -4.056956 -36.816753 -1.309248
v  -4.527422 -36.875801 0.000001
v  -4.056956 -36.816753 1.309248
v  -2.614651 -36.677952 2.372764
v  -0.000002 -36.580811 2.871952
v  2.614638 -36.677948 2.372768
v  4.056963 -36.816753 1.309252
v  4.527427 -36.875801 0.000002
v  4.056967 -36.816753 -1.309246
v  2.614650 -36.677952 -2.372763
v  0.000006 -38.748074 -4.942471
v  -4.081186 -38.875610 -4.057951
v  -6.244389 -39.074352 -2.200207
v  -6.898522 -39.144653 0.000001
v  -6.244391 -39.074348 2.200208
v  -4.081192 -38.875610 4.057951
v  -0.000003 -38.748074 4.942473
v  4.081190 -38.875610 4.057953
v  6.244390 -39.074348 2.200212
v  6.898531 -39.144650 0.000004
v  6.244399 -39.074352 -2.200205
v  4.081198 -38.875610 -4.057949
v  0.000003 -41.791435 -5.725207
v  -4.585650 -41.791435 -4.674328
v  -6.929381 -41.791435 -2.506223
v  -7.623744 -41.791435 -0.000000
v  -6.929384 -41.791435 2.506224
v  -4.585653 -41.791435 4.674330
v  -0.000002 -41.791435 5.725209
v  4.585647 -41.791435 4.674334
v  6.929387 -41.791435 2.506228
v  7.623755 -41.791435 0.000004
v  6.929391 -41.791435 -2.506221
v  4.585659 -41.791435 -4.674328
v  0.000003 -44.834801 -4.942471
v  -4.081188 -44.707264 -4.057950
v  -6.244389 -44.508522 -2.200207
v  -6.898522 -44.438221 0.000001
v  -6.244392 -44.508522 2.200208
v  -4.081192 -44.707264 4.057951
v  -0.000003 -44.834801 4.942473
v  4.081190 -44.707264 4.057953
v  6.244391 -44.508522 2.200212
v  6.898532 -44.438225 0.000004
v  6.244399 -44.508522 -2.200205
v  4.081198 -44.707264 -4.057949
v  0.000007 -47.002064 -2.871950
v  -2.614644 -46.904922 -2.372766
v  -4.056957 -46.766121 -1.309248
v  -4.527422 -46.707073 0.000001
v  -4.056955 -46.766121 1.309250
v  -2.614651 -46.904922 2.372764
v  -0.000002 -47.002064 2.871953
v  2.614636 -46.904926 2.372768
v  4.056968 -46.766121 1.309252
v  4.527427 -46.707073 0.000001
v  4.056967 -46.766121 -1.309246
v  2.614650 -46.904926 -2.372763
v  0.000003 -47.815533 0.000001
v  -23.597305 39.024200 5.575992
v  -23.597307 38.210735 2.704042
v  -26.211945 38.113594 3.203227
v  -27.654261 37.974792 4.266742
v  -28.124723 37.915741 5.575991
v  -27.654259 37.974792 6.885241
v  -26.211941 38.113594 7.948756
v  -23.597307 38.210735 8.447940
v  -20.982666 38.113594 7.948756
v  -19.540346 37.974792 6.885242
v  -19.069881 37.915741 5.575994
v  -19.540342 37.974789 4.266745
v  -20.982656 38.113594 3.203228
v  -23.597307 36.043472 0.633519
v  -27.678493 35.915939 1.518042
v  -29.841696 35.717197 3.375782
v  -30.495827 35.646896 5.575991
v  -29.841694 35.717197 7.776198
v  -27.678499 35.915939 9.633941
v  -23.597305 36.043472 10.518464
v  -19.516115 35.915939 9.633943
v  -17.352915 35.717197 7.776201
v  -16.698776 35.646896 5.575994
v  -17.352911 35.717197 3.375786
v  -19.516111 35.915936 1.518041
v  -23.597305 33.000107 -0.149217
v  -28.182955 33.000107 0.901660
v  -30.526688 33.000107 3.069767
v  -31.221054 33.000107 5.575992
v  -30.526690 33.000107 8.082214
v  -28.182962 33.000107 10.250320
v  -23.597307 33.000107 11.301200
v  -19.011654 33.000107 10.250324
v  -16.667919 33.000107 8.082216
v  -15.973553 33.000107 5.575995
v  -16.667917 33.000107 3.069771
v  -19.011648 33.000107 0.901663
v  -23.597307 29.956741 0.633519
v  -27.678493 30.084276 1.518042
v  -29.841696 30.283016 3.375783
v  -30.495827 30.353317 5.575991
v  -29.841694 30.283016 7.776198
v  -27.678499 30.084276 9.633941
v  -23.597305 29.956741 10.518464
v  -19.516115 30.084274 9.633943
v  -17.352915 30.283016 7.776201
v  -16.698776 30.353317 5.575994
v  -17.352911 30.283018 3.375786
v  -19.516111 30.084276 1.518041
v  -23.597309 27.789482 2.704042
v  -26.211945 27.886623 3.203227
v  -27.654261 28.025425 4.266742
v  -28.124725 28.084475 5.575991
v  -27.654259 28.025425 6.885241
v  -26.211941 27.886621 7.948756
v  -23.597307 27.789482 8.447942
v  -20.982666 27.886621 7.948756
v  -19.540346 28.025425 6.885242
v  -19.069881 28.084473 5.575994
v  -19.540342 28.025427 4.266745
v  -20.982656 27.886623 3.203227
v  -23.597305 26.976013 5.575992
v  0.000000 8.983945 -0.000000
v  -0.000000 7.780324 -4.491972
v  -2.245986 7.780324 -3.890162
v  -3.890162 7.780324 -2.245987
v  -4.491973 7.780324 -0.000001
v  -3.890163 7.780324 2.245986
v  -2.245988 7.780324 3.890162
v  -0.000002 7.780324 4.491972
v  2.245984 7.780324 3.890164
v  3.890161 7.780324 2.245989
v  4.491973 7.780324 0.000003
v  3.890165 7.780324 -2.245983
v  2.245990 7.780324 -3.890160
v  -0.000000 4.491972 -7.780325
v  -3.890163 4.491972 -6.737959
v  -6.737959 4.491972 -3.890163
v  -7.780326 4.491972 -0.000001
v  -6.737960 4.491972 3.890161
v  -3.890165 4.491972 6.737958
v  -0.000004 4.491972 7.780325
v  3.890159 4.491972 6.737961
v  6.737957 4.491972 3.890167
v  7.780326 4.491972 0.000006
v  6.737963 4.491972 -3.890157
v  3.890169 4.491972 -6.737956
v  -0.000000 -0.000000 -8.983945
v  -4.491973 -0.000000 -7.780324
v  -7.780325 -0.000000 -4.491974
v  -8.983946 -0.000000 -0.000001
v  -7.780326 -0.000000 4.491971
v  -4.491976 -0.000000 7.780323
v  -0.000004 -0.000000 8.983945
v  4.491968 -0.000000 7.780328
v  7.780323 -0.000000 4.491979
v  8.983946 -0.000000 0.000007
v  7.780329 -0.000000 -4.491966
v  4.491981 -0.000000 -7.780321
v  -0.000000 -4.491973 -7.780324
v  -3.890163 -4.491973 -6.737958
v  -6.737959 -4.491973 -3.890163
v  -7.780325 -4.491973 -0.000001
v  -6.737960 -4.491973 3.890161
v  -3.890164 -4.491973 6.737958
v  -0.000004 -4.491973 7.780324
v  3.890159 -4.491973 6.737961
v  6.737957 -4.491973 3.890167
v  7.780325 -4.491973 0.000006
v  6.737962 -4.491973 -3.890157
v  3.890169 -4.491973 -6.737955
v  -0.000000 -7.780324 -4.491973
v  -2.245987 -7.780324 -3.890163
v  -3.890163 -7.780324 -2.245987
v  -4.491973 -7.780324 -0.000001
v  -3.890164 -7.780324 2.245986
v  -2.245988 -7.780324 3.890162
v  -0.000002 -7.780324 4.491973
v  2.245984 -7.780324 3.890164
v  3.890162 -7.780324 2.245990
v  4.491973 -7.780324 0.000003
v  3.890165 -7.780324 -2.245983
v  2.245991 -7.780324 -3.890161
v  0.000000 -8.983945 -0.000000
v  -0.000000 13.989204 -0.000000
v  0.000000 12.021955 -7.149265
v  -3.574633 12.021955 -6.191445
v  -6.191444 12.021955 -3.574633
v  -7.149265 12.021955 -0.000001
v  -6.191446 12.021955 3.574631
v  -3.574635 12.021955 6.191443
v  -0.000004 12.021955 7.149265
v  3.574629 12.021955 6.191448
v  6.191443 12.021955 3.574637
v  7.149265 12.021955 0.000005
v  6.191448 12.021955 -3.574627
v  3.574638 12.021955 -6.191442
v  0.000001 6.906218 -12.164850
v  -6.082426 6.906218 -10.535069
v  -10.535070 6.906218 -6.082426
v  -12.164850 6.906218 -0.000002
v  -10.535070 6.906218 6.082423
v  -6.082429 6.906217 10.535068
v  -0.000006 6.906218 12.164850
v  6.082419 6.906218 10.535072
v  10.535065 6.906218 6.082432
v  12.164850 6.906218 0.000010
v  10.535074 6.906218 -6.082415
v  6.082434 6.906218 -10.535064
v  0.000001 -0.000000 -13.989206
v  -6.994605 -0.000001 -12.115008
v  -12.115007 -0.000000 -6.994604
v  -13.989206 -0.000000 -0.000002
v  -12.115011 -0.000000 6.994601
v  -6.994607 -0.000000 12.115005
v  -0.000006 -0.000000 13.989206
v  6.994597 -0.000001 12.115013
v  12.115004 -0.000001 6.994612
v  13.989206 -0.000000 0.000010
v  12.115015 -0.000001 -6.994592
v  6.994614 -0.000001 -12.115001
v  0.000001 -6.906218 -12.164848
v  -6.082425 -6.906218 -10.535069
v  -10.535069 -6.906218 -6.082426
v  -12.164849 -6.906218 -0.000002
v  -10.535070 -6.906218 6.082422
v  -6.082429 -6.906218 10.535066
v  -0.000006 -6.906218 12.164848
v  6.082418 -6.906218 10.535072
v  10.535065 -6.906219 6.082432
v  12.164849 -6.906218 0.000010
v  10.535073 -6.906219 -6.082415
v  6.082434 -6.906218 -10.535063
v  0.000000 -12.021955 -7.149266
v  -3.574633 -12.021955 -6.191446
v  -6.191445 -12.021955 -3.574634
v  -7.149265 -12.021955 -0.000001
v  -6.191447 -12.021955 3.574631
v  -3.574635 -12.021955 6.191444
v  -0.000003 -12.021955 7.149265
v  3.574629 -12.021955 6.191448
v  6.191443 -12.021955 3.574637
v  7.149265 -12.021955 0.000006
v  6.191449 -12.021955 -3.574627
v  3.574638 -12.021955 -6.191443
v  0.000000 -13.989204 -0.000000
v  -0.000000 19.995518 -0.000000
v  0.000001 17.085217 -10.380235
v  -5.190118 17.085218 -8.989546
v  -8.989546 17.085218 -5.190117
v  -10.380235 17.085218 -0.000002
v  -8.989548 17.085218 5.190115
v  -5.190120 17.085218 8.989544
v  -0.000005 17.085218 10.380235
v  5.190113 17.085217 8.989551
v  8.989545 17.085217 5.190123
v  10.380234 17.085218 0.000008
v  8.989552 17.085218 -5.190110
v  5.190125 17.085218 -8.989543
v  0.000002 9.770398 -17.444269
v  -8.722136 9.770398 -15.107181
v  -15.107182 9.770398 -8.722136
v  -17.444269 9.770398 -0.000002
v  -15.107183 9.770398 8.722132
v  -8.722140 9.770398 15.107178
v  -0.000008 9.770397 17.444269
v  8.722126 9.770398 15.107183
v  15.107174 9.770398 8.722145
v  17.444269 9.770398 0.000014
v  15.107187 9.770398 -8.722120
v  8.722147 9.770398 -15.107173
v  0.000002 -0.000001 -19.995520
v  -9.997762 -0.000001 -17.316628
v  -17.316629 -0.000000 -9.997760
v  -19.995518 -0.000001 -0.000003
v  -17.316629 -0.000000 9.997757
v  -9.997766 -0.000001 17.316624
v  -0.000010 -0.000001 19.995520
v  9.997750 -0.000000 17.316633
v  17.316622 -0.000001 9.997770
v  19.995518 -0.000001 0.000015
v  17.316637 -0.000001 -9.997746
v  9.997774 -0.000001 -17.316620
v  0.000002 -9.770399 -17.444267
v  -8.722135 -9.770399 -15.107179
v  -15.107180 -9.770399 -8.722136
v  -17.444269 -9.770399 -0.000002
v  -15.107181 -9.770399 8.722130
v  -8.722140 -9.770399 15.107177
v  -0.000008 -9.770399 17.444267
v  8.722125 -9.770399 15.107183
v  15.107174 -9.770400 8.722145
v  17.444269 -9.770399 0.000013
v  15.107186 -9.770400 -8.722121
v  8.722146 -9.770399 -15.107171
v  0.000001 -17.085217 -10.380237
v  -5.190119 -17.085218 -8.989548
v  -8.989548 -17.085217 -5.190118
v  -10.380235 -17.085217 -0.000002
v  -8.989549 -17.085218 5.190115
v  -5.190120 -17.085218 8.989546
v  -0.000005 -17.085217 10.380235
v  5.190113 -17.085218 8.989551
v  8.989545 -17.085218 5.190123
v  10.380235 -17.085218 0.000008
v  8.989552 -17.085218 -5.190110
v  5.190125 -17.085217 -8.989544
v  0.000000 -19.995518 -0.000000
# 3240 vertices

vt 0.570657 0.014841 0.000000
vt 0.575886 0.014606 0.000000
vt 0.577615 0.053972 0.000000
vt 0.572425 0.054230 0.000000
vt 0.581432 0.014832 0.000000
vt 0.586648 0.015215 0.000000
vt 0.588516 0.053433 0.000000
vt 0.583161 0.053699 0.000000
vt 0.592206 0.015378 0.000000
vt 0.597439 0.015001 0.000000
vt 0.600007 0.052809 0.000000
vt 0.594378 0.053127 0.000000
vt 0.602960 0.014047 0.000000
vt 0.608134 0.012916 0.000000
vt 0.611289 0.052089 0.000000
vt 0.605894 0.052440 0.000000
vt 0.579741 0.092827 0.000000
vt 0.574615 0.093097 0.000000
vt 0.590535 0.092270 0.000000
vt 0.585227 0.092541 0.000000
vt 0.601957 0.091724 0.000000
vt 0.596361 0.091983 0.000000
vt 0.613142 0.091226 0.000000
vt 0.607802 0.091459 0.000000
vt 0.581612 0.131202 0.000000
vt 0.576551 0.131435 0.000000
vt 0.592271 0.130721 0.000000
vt 0.587030 0.130954 0.000000
vt 0.603551 0.130261 0.000000
vt 0.598026 0.130477 0.000000
vt 0.614588 0.129857 0.000000
vt 0.609320 0.130045 0.000000
vt 0.583190 0.169124 0.000000
vt 0.578184 0.169320 0.000000
vt 0.593731 0.168717 0.000000
vt 0.588547 0.168914 0.000000
vt 0.604881 0.168331 0.000000
vt 0.599420 0.168512 0.000000
vt 0.615787 0.167992 0.000000
vt 0.610583 0.168150 0.000000
vt 0.584512 0.206660 0.000000
vt 0.579553 0.206825 0.000000
vt 0.594953 0.206318 0.000000
vt 0.589819 0.206485 0.000000
vt 0.605996 0.205994 0.000000
vt 0.600588 0.206145 0.000000
vt 0.616792 0.205708 0.000000
vt 0.611640 0.205841 0.000000
vt 0.585619 0.243877 0.000000
vt 0.580698 0.244014 0.000000
vt 0.595978 0.243590 0.000000
vt 0.590884 0.243730 0.000000
vt 0.606931 0.243319 0.000000
vt 0.601567 0.243445 0.000000
vt 0.617638 0.243077 0.000000
vt 0.612529 0.243189 0.000000
vt 0.586538 0.280831 0.000000
vt 0.581648 0.280944 0.000000
vt 0.596830 0.280593 0.000000
vt 0.591770 0.280709 0.000000
vt 0.607710 0.280367 0.000000
vt 0.602383 0.280472 0.000000
vt 0.618345 0.280165 0.000000
vt 0.613271 0.280259 0.000000
vt 0.587288 0.317573 0.000000
vt 0.582424 0.317664 0.000000
vt 0.597527 0.317379 0.000000
vt 0.592493 0.317474 0.000000
vt 0.608351 0.317195 0.000000
vt 0.603051 0.317280 0.000000
vt 0.618928 0.317028 0.000000
vt 0.613882 0.317106 0.000000
vt 0.587887 0.354149 0.000000
vt 0.583041 0.354220 0.000000
vt 0.598085 0.353994 0.000000
vt 0.593071 0.354070 0.000000
vt 0.608863 0.353848 0.000000
vt 0.603586 0.353915 0.000000
vt 0.619397 0.353715 0.000000
vt 0.614371 0.353777 0.000000
vt 0.588344 0.390598 0.000000
vt 0.583513 0.390650 0.000000
vt 0.598511 0.390480 0.000000
vt 0.593512 0.390538 0.000000
vt 0.609257 0.390371 0.000000
vt 0.603995 0.390421 0.000000
vt 0.619757 0.390268 0.000000
vt 0.614748 0.390317 0.000000
vt 0.588669 0.426956 0.000000
vt 0.583847 0.426992 0.000000
vt 0.598815 0.426874 0.000000
vt 0.593827 0.426915 0.000000
vt 0.609538 0.426799 0.000000
vt 0.604288 0.426832 0.000000
vt 0.620016 0.426726 0.000000
vt 0.615017 0.426761 0.000000
vt 0.588868 0.463256 0.000000
vt 0.584053 0.463275 0.000000
vt 0.599002 0.463208 0.000000
vt 0.594020 0.463232 0.000000
vt 0.609712 0.463165 0.000000
vt 0.604468 0.463183 0.000000
vt 0.620176 0.463121 0.000000
vt 0.615184 0.463142 0.000000
vt 0.588946 0.499526 0.000000
vt 0.584133 0.499528 0.000000
vt 0.599076 0.499511 0.000000
vt 0.594096 0.499519 0.000000
vt 0.609781 0.499500 0.000000
vt 0.604540 0.499502 0.000000
vt 0.620241 0.499484 0.000000
vt 0.615251 0.499492 0.000000
vt 0.588905 0.535796 0.000000
vt 0.584089 0.535782 0.000000
vt 0.599038 0.535813 0.000000
vt 0.594056 0.535806 0.000000
vt 0.609748 0.535834 0.000000
vt 0.604504 0.535822 0.000000
vt 0.620212 0.535846 0.000000
vt 0.615220 0.535841 0.000000
vt 0.588743 0.572095 0.000000
vt 0.583921 0.572064 0.000000
vt 0.598889 0.572146 0.000000
vt 0.593901 0.572122 0.000000
vt 0.609612 0.572199 0.000000
vt 0.604362 0.572171 0.000000
vt 0.620090 0.572239 0.000000
vt 0.615091 0.572221 0.000000
vt 0.588454 0.608455 0.000000
vt 0.583622 0.608407 0.000000
vt 0.598623 0.608542 0.000000
vt 0.593623 0.608501 0.000000
vt 0.609370 0.608630 0.000000
vt 0.604108 0.608585 0.000000
vt 0.619873 0.608699 0.000000
vt 0.614863 0.608667 0.000000
vt 0.588029 0.644912 0.000000
vt 0.583182 0.644845 0.000000
vt 0.598231 0.645038 0.000000
vt 0.593216 0.644978 0.000000
vt 0.609015 0.645163 0.000000
vt 0.603735 0.645101 0.000000
vt 0.619554 0.645263 0.000000
vt 0.614526 0.645217 0.000000
vt 0.587456 0.681508 0.000000
vt 0.582587 0.681419 0.000000
vt 0.597703 0.681676 0.000000
vt 0.592665 0.681596 0.000000
vt 0.608536 0.681842 0.000000
vt 0.603231 0.681761 0.000000
vt 0.619125 0.681977 0.000000
vt 0.614072 0.681915 0.000000
vt 0.586718 0.718287 0.000000
vt 0.581823 0.718175 0.000000
vt 0.597023 0.718503 0.000000
vt 0.591957 0.718399 0.000000
vt 0.607919 0.718714 0.000000
vt 0.602584 0.718611 0.000000
vt 0.618571 0.718888 0.000000
vt 0.613489 0.718808 0.000000
vt 0.585796 0.755294 0.000000
vt 0.580867 0.755155 0.000000
vt 0.596173 0.755563 0.000000
vt 0.591071 0.755434 0.000000
vt 0.607147 0.755826 0.000000
vt 0.601773 0.755699 0.000000
vt 0.617877 0.756045 0.000000
vt 0.612757 0.755945 0.000000
vt 0.584665 0.792583 0.000000
vt 0.579694 0.792414 0.000000
vt 0.595129 0.792913 0.000000
vt 0.589984 0.792754 0.000000
vt 0.606198 0.793234 0.000000
vt 0.600777 0.793079 0.000000
vt 0.617025 0.793503 0.000000
vt 0.611858 0.793379 0.000000
vt 0.583295 0.830215 0.000000
vt 0.578274 0.830012 0.000000
vt 0.593866 0.830615 0.000000
vt 0.588668 0.830423 0.000000
vt 0.605051 0.831003 0.000000
vt 0.599573 0.830816 0.000000
vt 0.615994 0.831329 0.000000
vt 0.610772 0.831179 0.000000
vt 0.581654 0.868263 0.000000
vt 0.576573 0.868021 0.000000
vt 0.592352 0.868740 0.000000
vt 0.587091 0.868510 0.000000
vt 0.603675 0.869204 0.000000
vt 0.598129 0.868981 0.000000
vt 0.614756 0.869599 0.000000
vt 0.609468 0.869417 0.000000
vt 0.579712 0.906796 0.000000
vt 0.574562 0.906517 0.000000
vt 0.590553 0.907351 0.000000
vt 0.585222 0.907083 0.000000
vt 0.602026 0.907903 0.000000
vt 0.596406 0.907635 0.000000
vt 0.613265 0.908393 0.000000
vt 0.607900 0.908165 0.000000
vt 0.577513 0.945836 0.000000
vt 0.572299 0.945569 0.000000
vt 0.588468 0.946375 0.000000
vt 0.583085 0.946111 0.000000
vt 0.600019 0.947007 0.000000
vt 0.594361 0.946679 0.000000
vt 0.611359 0.947725 0.000000
vt 0.605934 0.947376 0.000000
vt 0.570466 0.985136 0.000000
vt 0.613671 0.011987 0.000000
vt 0.613702 0.988067 0.000000
vt 0.575718 0.985379 0.000000
vt 0.616892 0.051728 0.000000
vt 0.581291 0.985161 0.000000
vt 0.586535 0.984783 0.000000
vt 0.592127 0.984627 0.000000
vt 0.597387 0.985012 0.000000
vt 0.602933 0.985980 0.000000
vt 0.608134 0.987126 0.000000
vt 0.618672 0.090996 0.000000
vt 0.620041 0.129673 0.000000
vt 0.621174 0.167838 0.000000
vt 0.622124 0.205578 0.000000
vt 0.622925 0.242967 0.000000
vt 0.623596 0.280072 0.000000
vt 0.624151 0.316952 0.000000
vt 0.624597 0.353653 0.000000
vt 0.624942 0.390222 0.000000
vt 0.625189 0.426693 0.000000
vt 0.625342 0.463101 0.000000
vt 0.625404 0.499477 0.000000
vt 0.625378 0.535852 0.000000
vt 0.625263 0.572257 0.000000
vt 0.625059 0.608731 0.000000
vt 0.624758 0.645309 0.000000
vt 0.624353 0.682039 0.000000
vt 0.623831 0.718968 0.000000
vt 0.623177 0.756146 0.000000
vt 0.622372 0.793626 0.000000
vt 0.621399 0.831478 0.000000
vt 0.620232 0.869779 0.000000
vt 0.618823 0.908621 0.000000
vt 0.616993 0.948087 0.000000
vt 0.508051 0.017466 0.000000
vt 0.513279 0.017232 0.000000
vt 0.515008 0.056598 0.000000
vt 0.509818 0.056856 0.000000
vt 0.518825 0.017457 0.000000
vt 0.524041 0.017841 0.000000
vt 0.525909 0.056058 0.000000
vt 0.520554 0.056324 0.000000
vt 0.529599 0.018003 0.000000
vt 0.534832 0.017627 0.000000
vt 0.537400 0.055434 0.000000
vt 0.531771 0.055753 0.000000
vt 0.540353 0.016672 0.000000
vt 0.545527 0.015541 0.000000
vt 0.548682 0.054714 0.000000
vt 0.543287 0.055065 0.000000
vt 0.517134 0.095453 0.000000
vt 0.512008 0.095722 0.000000
vt 0.527928 0.094895 0.000000
vt 0.522620 0.095166 0.000000
vt 0.539350 0.094349 0.000000
vt 0.533754 0.094609 0.000000
vt 0.550535 0.093852 0.000000
vt 0.545195 0.094084 0.000000
vt 0.519005 0.133828 0.000000
vt 0.513944 0.134060 0.000000
vt 0.529664 0.133346 0.000000
vt 0.524423 0.133580 0.000000
vt 0.540944 0.132887 0.000000
vt 0.535419 0.133102 0.000000
vt 0.551981 0.132483 0.000000
vt 0.546714 0.132670 0.000000
vt 0.520583 0.171749 0.000000
vt 0.515577 0.171945 0.000000
vt 0.531124 0.171343 0.000000
vt 0.525940 0.171540 0.000000
vt 0.542274 0.170957 0.000000
vt 0.536813 0.171137 0.000000
vt 0.553180 0.170618 0.000000
vt 0.547976 0.170775 0.000000
vt 0.521905 0.209286 0.000000
vt 0.516946 0.209450 0.000000
vt 0.532347 0.208944 0.000000
vt 0.527213 0.209110 0.000000
vt 0.543389 0.208620 0.000000
vt 0.537981 0.208771 0.000000
vt 0.554185 0.208333 0.000000
vt 0.549033 0.208466 0.000000
vt 0.523012 0.246503 0.000000
vt 0.518091 0.246640 0.000000
vt 0.533371 0.246216 0.000000
vt 0.528278 0.246355 0.000000
vt 0.544324 0.245944 0.000000
vt 0.538960 0.246071 0.000000
vt 0.555031 0.245702 0.000000
vt 0.549922 0.245815 0.000000
vt 0.523931 0.283457 0.000000
vt 0.519041 0.283569 0.000000
vt 0.534223 0.283218 0.000000
vt 0.529163 0.283334 0.000000
vt 0.545103 0.282993 0.000000
vt 0.539776 0.283097 0.000000
vt 0.555738 0.282790 0.000000
vt 0.550664 0.282885 0.000000
vt 0.524681 0.320199 0.000000
vt 0.519817 0.320290 0.000000
vt 0.534920 0.320004 0.000000
vt 0.529886 0.320099 0.000000
vt 0.545744 0.319820 0.000000
vt 0.540444 0.319905 0.000000
vt 0.556321 0.319653 0.000000
vt 0.551275 0.319731 0.000000
vt 0.525280 0.356774 0.000000
vt 0.520434 0.356845 0.000000
vt 0.535478 0.356619 0.000000
vt 0.530464 0.356695 0.000000
vt 0.546256 0.356474 0.000000
vt 0.540979 0.356541 0.000000
vt 0.556790 0.356340 0.000000
vt 0.551764 0.356403 0.000000
vt 0.525737 0.393223 0.000000
vt 0.520906 0.393276 0.000000
vt 0.535904 0.393106 0.000000
vt 0.530905 0.393163 0.000000
vt 0.546650 0.392996 0.000000
vt 0.541388 0.393046 0.000000
vt 0.557150 0.392894 0.000000
vt 0.552141 0.392942 0.000000
vt 0.526062 0.429582 0.000000
vt 0.521241 0.429617 0.000000
vt 0.536208 0.429500 0.000000
vt 0.531220 0.429540 0.000000
vt 0.546931 0.429424 0.000000
vt 0.541681 0.429458 0.000000
vt 0.557409 0.429352 0.000000
vt 0.552410 0.429386 0.000000
vt 0.526261 0.465881 0.000000
vt 0.521446 0.465900 0.000000
vt 0.536395 0.465833 0.000000
vt 0.531413 0.465857 0.000000
vt 0.547105 0.465790 0.000000
vt 0.541861 0.465808 0.000000
vt 0.557569 0.465746 0.000000
vt 0.552577 0.465768 0.000000
vt 0.526339 0.502151 0.000000
vt 0.521526 0.502154 0.000000
vt 0.536469 0.502136 0.000000
vt 0.531489 0.502144 0.000000
vt 0.547174 0.502125 0.000000
vt 0.541933 0.502128 0.000000
vt 0.557634 0.502109 0.000000
vt 0.552644 0.502117 0.000000
vt 0.526298 0.538421 0.000000
vt 0.521482 0.538408 0.000000
vt 0.536432 0.538439 0.000000
vt 0.531449 0.538431 0.000000
vt 0.547141 0.538460 0.000000
vt 0.541897 0.538447 0.000000
vt 0.557605 0.538472 0.000000
vt 0.552613 0.538467 0.000000
vt 0.526136 0.574720 0.000000
vt 0.521315 0.574690 0.000000
vt 0.536282 0.574771 0.000000
vt 0.531294 0.574747 0.000000
vt 0.547005 0.574825 0.000000
vt 0.541755 0.574797 0.000000
vt 0.557484 0.574864 0.000000
vt 0.552485 0.574847 0.000000
vt 0.525847 0.611080 0.000000
vt 0.521016 0.611032 0.000000
vt 0.536016 0.611167 0.000000
vt 0.531017 0.611126 0.000000
vt 0.546763 0.611255 0.000000
vt 0.541501 0.611211 0.000000
vt 0.557266 0.611324 0.000000
vt 0.552256 0.611293 0.000000
vt 0.525423 0.647537 0.000000
vt 0.520575 0.647470 0.000000
vt 0.535625 0.647663 0.000000
vt 0.530609 0.647603 0.000000
vt 0.546408 0.647788 0.000000
vt 0.541128 0.647726 0.000000
vt 0.556948 0.647889 0.000000
vt 0.551919 0.647843 0.000000
vt 0.524849 0.684133 0.000000
vt 0.519980 0.684045 0.000000
vt 0.535096 0.684301 0.000000
vt 0.530058 0.684221 0.000000
vt 0.545929 0.684467 0.000000
vt 0.540624 0.684386 0.000000
vt 0.556518 0.684603 0.000000
vt 0.551466 0.684541 0.000000
vt 0.524112 0.720913 0.000000
vt 0.519216 0.720800 0.000000
vt 0.534417 0.721128 0.000000
vt 0.529350 0.721025 0.000000
vt 0.545312 0.721339 0.000000
vt 0.539977 0.721236 0.000000
vt 0.555964 0.721514 0.000000
vt 0.550882 0.721434 0.000000
vt 0.523190 0.757920 0.000000
vt 0.518260 0.757781 0.000000
vt 0.533566 0.758189 0.000000
vt 0.528464 0.758060 0.000000
vt 0.544540 0.758451 0.000000
vt 0.539166 0.758324 0.000000
vt 0.555271 0.758671 0.000000
vt 0.550150 0.758570 0.000000
vt 0.522058 0.795208 0.000000
vt 0.517087 0.795039 0.000000
vt 0.532522 0.795538 0.000000
vt 0.527377 0.795380 0.000000
vt 0.543591 0.795859 0.000000
vt 0.538170 0.795704 0.000000
vt 0.554418 0.796129 0.000000
vt 0.549252 0.796005 0.000000
vt 0.520688 0.832841 0.000000
vt 0.515667 0.832638 0.000000
vt 0.531260 0.833240 0.000000
vt 0.526061 0.833048 0.000000
vt 0.542444 0.833628 0.000000
vt 0.536966 0.833441 0.000000
vt 0.553387 0.833955 0.000000
vt 0.548165 0.833805 0.000000
vt 0.519047 0.870888 0.000000
vt 0.513967 0.870646 0.000000
vt 0.529746 0.871365 0.000000
vt 0.524484 0.871136 0.000000
vt 0.541068 0.871829 0.000000
vt 0.535522 0.871606 0.000000
vt 0.552150 0.872224 0.000000
vt 0.546861 0.872042 0.000000
vt 0.517105 0.909422 0.000000
vt 0.511955 0.909143 0.000000
vt 0.527947 0.909976 0.000000
vt 0.522615 0.909708 0.000000
vt 0.539420 0.910529 0.000000
vt 0.533799 0.910261 0.000000
vt 0.550658 0.911018 0.000000
vt 0.545293 0.910791 0.000000
vt 0.514906 0.948462 0.000000
vt 0.509692 0.948195 0.000000
vt 0.525861 0.949000 0.000000
vt 0.520478 0.948737 0.000000
vt 0.537412 0.949633 0.000000
vt 0.531754 0.949305 0.000000
vt 0.548752 0.950350 0.000000
vt 0.543327 0.950001 0.000000
vt 0.507859 0.987761 0.000000
vt 0.551064 0.014612 0.000000
vt 0.551095 0.990692 0.000000
vt 0.513111 0.988005 0.000000
vt 0.554285 0.054353 0.000000
vt 0.518684 0.987786 0.000000
vt 0.523928 0.987408 0.000000
vt 0.529520 0.987252 0.000000
vt 0.534780 0.987637 0.000000
vt 0.540326 0.988605 0.000000
vt 0.545527 0.989751 0.000000
vt 0.556066 0.093622 0.000000
vt 0.557434 0.132299 0.000000
vt 0.558567 0.170464 0.000000
vt 0.559517 0.208203 0.000000
vt 0.560318 0.245592 0.000000
vt 0.560989 0.282698 0.000000
vt 0.561544 0.319577 0.000000
vt 0.561990 0.356279 0.000000
vt 0.562335 0.392847 0.000000
vt 0.562582 0.429318 0.000000
vt 0.562735 0.465727 0.000000
vt 0.562798 0.502102 0.000000
vt 0.562771 0.538477 0.000000
vt 0.562656 0.574883 0.000000
vt 0.562452 0.611356 0.000000
vt 0.562151 0.647935 0.000000
vt 0.561746 0.684665 0.000000
vt 0.561225 0.721594 0.000000
vt 0.560570 0.758771 0.000000
vt 0.559765 0.796252 0.000000
vt 0.558792 0.834104 0.000000
vt 0.557625 0.872405 0.000000
vt 0.556216 0.911246 0.000000
vt 0.554386 0.950712 0.000000
vt 0.695871 0.014841 0.000000
vt 0.701100 0.014606 0.000000
vt 0.702828 0.053972 0.000000
vt 0.697638 0.054230 0.000000
vt 0.706646 0.014832 0.000000
vt 0.711862 0.015215 0.000000
vt 0.713730 0.053433 0.000000
vt 0.708374 0.053699 0.000000
vt 0.717420 0.015378 0.000000
vt 0.722653 0.015001 0.000000
vt 0.725221 0.052809 0.000000
vt 0.719592 0.053127 0.000000
vt 0.728174 0.014047 0.000000
vt 0.733348 0.012916 0.000000
vt 0.736503 0.052089 0.000000
vt 0.731107 0.052440 0.000000
vt 0.704955 0.092827 0.000000
vt 0.699829 0.093097 0.000000
vt 0.715749 0.092270 0.000000
vt 0.710441 0.092541 0.000000
vt 0.727170 0.091724 0.000000
vt 0.721575 0.091983 0.000000
vt 0.738356 0.091226 0.000000
vt 0.733016 0.091459 0.000000
vt 0.706826 0.131202 0.000000
vt 0.701765 0.131435 0.000000
vt 0.717485 0.130721 0.000000
vt 0.712243 0.130954 0.000000
vt 0.728765 0.130261 0.000000
vt 0.723240 0.130477 0.000000
vt 0.739802 0.129857 0.000000
vt 0.734534 0.130045 0.000000
vt 0.708404 0.169124 0.000000
vt 0.703398 0.169320 0.000000
vt 0.718944 0.168717 0.000000
vt 0.713761 0.168914 0.000000
vt 0.730095 0.168331 0.000000
vt 0.724634 0.168512 0.000000
vt 0.741001 0.167992 0.000000
vt 0.735797 0.168150 0.000000
vt 0.709726 0.206660 0.000000
vt 0.704767 0.206825 0.000000
vt 0.720167 0.206318 0.000000
vt 0.715033 0.206485 0.000000
vt 0.731209 0.205994 0.000000
vt 0.725802 0.206145 0.000000
vt 0.742006 0.205708 0.000000
vt 0.736854 0.205841 0.000000
vt 0.710833 0.243877 0.000000
vt 0.705912 0.244014 0.000000
vt 0.721192 0.243590 0.000000
vt 0.716098 0.243730 0.000000
vt 0.732144 0.243319 0.000000
vt 0.726781 0.243445 0.000000
vt 0.742852 0.243077 0.000000
vt 0.737743 0.243189 0.000000
vt 0.711751 0.280831 0.000000
vt 0.706862 0.280944 0.000000
vt 0.722044 0.280593 0.000000
vt 0.716983 0.280709 0.000000
vt 0.732924 0.280367 0.000000
vt 0.727597 0.280472 0.000000
vt 0.743559 0.280165 0.000000
vt 0.738485 0.280259 0.000000
vt 0.712502 0.317573 0.000000
vt 0.707637 0.317664 0.000000
vt 0.722741 0.317379 0.000000
vt 0.717707 0.317474 0.000000
vt 0.733564 0.317195 0.000000
vt 0.728265 0.317280 0.000000
vt 0.744142 0.317028 0.000000
vt 0.739095 0.317106 0.000000
vt 0.713101 0.354149 0.000000
vt 0.708255 0.354220 0.000000
vt 0.723298 0.353994 0.000000
vt 0.718285 0.354070 0.000000
vt 0.734077 0.353848 0.000000
vt 0.728800 0.353915 0.000000
vt 0.744610 0.353715 0.000000
vt 0.739585 0.353777 0.000000
vt 0.713557 0.390598 0.000000
vt 0.708726 0.390650 0.000000
vt 0.723725 0.390480 0.000000
vt 0.718726 0.390538 0.000000
vt 0.734471 0.390371 0.000000
vt 0.729209 0.390421 0.000000
vt 0.744971 0.390268 0.000000
vt 0.739961 0.390317 0.000000
vt 0.713882 0.426956 0.000000
vt 0.709061 0.426992 0.000000
vt 0.724029 0.426874 0.000000
vt 0.719041 0.426915 0.000000
vt 0.734752 0.426799 0.000000
vt 0.729502 0.426832 0.000000
vt 0.745230 0.426726 0.000000
vt 0.740231 0.426761 0.000000
vt 0.714082 0.463256 0.000000
vt 0.709267 0.463275 0.000000
vt 0.724216 0.463208 0.000000
vt 0.719234 0.463232 0.000000
vt 0.734925 0.463165 0.000000
vt 0.729682 0.463183 0.000000
vt 0.745390 0.463121 0.000000
vt 0.740397 0.463142 0.000000
vt 0.714160 0.499526 0.000000
vt 0.709347 0.499528 0.000000
vt 0.724290 0.499511 0.000000
vt 0.719310 0.499519 0.000000
vt 0.734995 0.499500 0.000000
vt 0.729753 0.499502 0.000000
vt 0.745455 0.499484 0.000000
vt 0.740464 0.499492 0.000000
vt 0.714119 0.535796 0.000000
vt 0.709303 0.535782 0.000000
vt 0.724252 0.535813 0.000000
vt 0.719270 0.535806 0.000000
vt 0.734961 0.535834 0.000000
vt 0.729718 0.535822 0.000000
vt 0.745426 0.535846 0.000000
vt 0.740433 0.535841 0.000000
vt 0.713957 0.572095 0.000000
vt 0.709135 0.572064 0.000000
vt 0.724103 0.572146 0.000000
vt 0.719114 0.572122 0.000000
vt 0.734826 0.572199 0.000000
vt 0.729576 0.572171 0.000000
vt 0.745304 0.572239 0.000000
vt 0.740305 0.572221 0.000000
vt 0.713668 0.608455 0.000000
vt 0.708836 0.608407 0.000000
vt 0.723837 0.608542 0.000000
vt 0.718837 0.608501 0.000000
vt 0.734584 0.608630 0.000000
vt 0.729322 0.608585 0.000000
vt 0.745087 0.608699 0.000000
vt 0.740076 0.608667 0.000000
vt 0.713243 0.644912 0.000000
vt 0.708396 0.644845 0.000000
vt 0.723445 0.645038 0.000000
vt 0.718429 0.644978 0.000000
vt 0.734229 0.645163 0.000000
vt 0.728949 0.645101 0.000000
vt 0.744768 0.645263 0.000000
vt 0.739740 0.645217 0.000000
vt 0.712669 0.681508 0.000000
vt 0.707801 0.681419 0.000000
vt 0.722917 0.681676 0.000000
vt 0.717878 0.681596 0.000000
vt 0.733749 0.681842 0.000000
vt 0.728445 0.681761 0.000000
vt 0.744339 0.681977 0.000000
vt 0.739286 0.681915 0.000000
vt 0.711932 0.718287 0.000000
vt 0.707037 0.718175 0.000000
vt 0.722237 0.718503 0.000000
vt 0.717170 0.718399 0.000000
vt 0.733133 0.718714 0.000000
vt 0.727798 0.718611 0.000000
vt 0.743785 0.718888 0.000000
vt 0.738703 0.718808 0.000000
vt 0.711010 0.755294 0.000000
vt 0.706081 0.755155 0.000000
vt 0.721387 0.755563 0.000000
vt 0.716285 0.755434 0.000000
vt 0.732361 0.755826 0.000000
vt 0.726987 0.755699 0.000000
vt 0.743091 0.756045 0.000000
vt 0.737971 0.755945 0.000000
vt 0.709878 0.792583 0.000000
vt 0.704908 0.792414 0.000000
vt 0.720343 0.792913 0.000000
vt 0.715197 0.792754 0.000000
vt 0.731412 0.793234 0.000000
vt 0.725991 0.793079 0.000000
vt 0.742239 0.793503 0.000000
vt 0.737072 0.793379 0.000000
vt 0.708509 0.830215 0.000000
vt 0.703488 0.830012 0.000000
vt 0.719080 0.830615 0.000000
vt 0.713882 0.830423 0.000000
vt 0.730265 0.831003 0.000000
vt 0.724787 0.830816 0.000000
vt 0.741208 0.831329 0.000000
vt 0.735986 0.831179 0.000000
vt 0.706868 0.868263 0.000000
vt 0.701787 0.868021 0.000000
vt 0.717566 0.868740 0.000000
vt 0.712305 0.868510 0.000000
vt 0.728888 0.869204 0.000000
vt 0.723343 0.868981 0.000000
vt 0.739970 0.869599 0.000000
vt 0.734681 0.869417 0.000000
vt 0.704925 0.906796 0.000000
vt 0.699776 0.906517 0.000000
vt 0.715767 0.907351 0.000000
vt 0.710436 0.907083 0.000000
vt 0.727240 0.907903 0.000000
vt 0.721620 0.907635 0.000000
vt 0.738479 0.908393 0.000000
vt 0.733113 0.908165 0.000000
vt 0.702727 0.945836 0.000000
vt 0.697513 0.945569 0.000000
vt 0.713682 0.946375 0.000000
vt 0.708299 0.946111 0.000000
vt 0.725233 0.947007 0.000000
vt 0.719575 0.946679 0.000000
vt 0.736573 0.947725 0.000000
vt 0.731148 0.947376 0.000000
vt 0.695680 0.985136 0.000000
vt 0.738884 0.011987 0.000000
vt 0.738916 0.988067 0.000000
vt 0.700932 0.985379 0.000000
vt 0.742106 0.051728 0.000000
vt 0.706505 0.985161 0.000000
vt 0.711749 0.984783 0.000000
vt 0.717341 0.984627 0.000000
vt 0.722601 0.985012 0.000000
vt 0.728147 0.985980 0.000000
vt 0.733348 0.987126 0.000000
vt 0.743886 0.090996 0.000000
vt 0.745255 0.129673 0.000000
vt 0.746388 0.167838 0.000000
vt 0.747338 0.205578 0.000000
vt 0.748139 0.242967 0.000000
vt 0.748810 0.280072 0.000000
vt 0.749364 0.316952 0.000000
vt 0.749811 0.353653 0.000000
vt 0.750155 0.390222 0.000000
vt 0.750403 0.426693 0.000000
vt 0.750556 0.463101 0.000000
vt 0.750618 0.499477 0.000000
vt 0.750592 0.535852 0.000000
vt 0.750477 0.572257 0.000000
vt 0.750272 0.608731 0.000000
vt 0.749972 0.645309 0.000000
vt 0.749567 0.682039 0.000000
vt 0.749045 0.718968 0.000000
vt 0.748390 0.756146 0.000000
vt 0.747586 0.793626 0.000000
vt 0.746613 0.831478 0.000000
vt 0.745446 0.869779 0.000000
vt 0.744036 0.908621 0.000000
vt 0.742207 0.948087 0.000000
vt 0.637303 0.014841 0.000000
vt 0.642532 0.014606 0.000000
vt 0.644261 0.053972 0.000000
vt 0.639071 0.054230 0.000000
vt 0.648078 0.014832 0.000000
vt 0.653294 0.015215 0.000000
vt 0.655162 0.053433 0.000000
vt 0.649807 0.053699 0.000000
vt 0.658852 0.015378 0.000000
vt 0.664085 0.015001 0.000000
vt 0.666653 0.052809 0.000000
vt 0.661024 0.053127 0.000000
vt 0.669606 0.014047 0.000000
vt 0.674780 0.012916 0.000000
vt 0.677935 0.052089 0.000000
vt 0.672540 0.052440 0.000000
vt 0.646387 0.092827 0.000000
vt 0.641261 0.093097 0.000000
vt 0.657181 0.092270 0.000000
vt 0.651873 0.092541 0.000000
vt 0.668603 0.091724 0.000000
vt 0.663007 0.091983 0.000000
vt 0.679788 0.091226 0.000000
vt 0.674448 0.091459 0.000000
vt 0.648258 0.131202 0.000000
vt 0.643197 0.131435 0.000000
vt 0.658917 0.130721 0.000000
vt 0.653676 0.130954 0.000000
vt 0.670197 0.130261 0.000000
vt 0.664672 0.130477 0.000000
vt 0.681234 0.129857 0.000000
vt 0.675967 0.130045 0.000000
vt 0.649836 0.169124 0.000000
vt 0.644830 0.169320 0.000000
vt 0.660377 0.168717 0.000000
vt 0.655193 0.168914 0.000000
vt 0.671527 0.168331 0.000000
vt 0.666066 0.168512 0.000000
vt 0.682433 0.167992 0.000000
vt 0.677229 0.168150 0.000000
vt 0.651158 0.206660 0.000000
vt 0.646199 0.206825 0.000000
vt 0.661600 0.206318 0.000000
vt 0.656465 0.206485 0.000000
vt 0.672642 0.205994 0.000000
vt 0.667234 0.206145 0.000000
vt 0.683438 0.205708 0.000000
vt 0.678286 0.205841 0.000000
vt 0.652265 0.243877 0.000000
vt 0.647344 0.244014 0.000000
vt 0.662624 0.243590 0.000000
vt 0.657530 0.243730 0.000000
vt 0.673577 0.243319 0.000000
vt 0.668213 0.243445 0.000000
vt 0.684284 0.243077 0.000000
vt 0.679175 0.243189 0.000000
vt 0.653184 0.280831 0.000000
vt 0.648294 0.280944 0.000000
vt 0.663476 0.280593 0.000000
vt 0.658416 0.280709 0.000000
vt 0.674356 0.280367 0.000000
vt 0.669029 0.280472 0.000000
vt 0.684991 0.280165 0.000000
vt 0.679917 0.280259 0.000000
vt 0.653934 0.317573 0.000000
vt 0.649070 0.317664 0.000000
vt 0.664173 0.317379 0.000000
vt 0.659139 0.317474 0.000000
vt 0.674997 0.317195 0.000000
vt 0.669697 0.317280 0.000000
vt 0.685574 0.317028 0.000000
vt 0.680528 0.317106 0.000000
vt 0.654533 0.354149 0.000000
vt 0.649687 0.354220 0.000000
vt 0.664731 0.353994 0.000000
vt 0.659717 0.354070 0.000000
vt 0.675509 0.353848 0.000000
vt 0.670232 0.353915 0.000000
vt 0.686043 0.353715 0.000000
vt 0.681017 0.353777 0.000000
vt 0.654990 0.390598 0.000000
vt 0.650159 0.390650 0.000000
vt 0.665157 0.390480 0.000000
vt 0.660158 0.390538 0.000000
vt 0.675903 0.390371 0.000000
vt 0.670641 0.390421 0.000000
vt 0.686403 0.390268 0.000000
vt 0.681394 0.390317 0.000000
vt 0.655315 0.426956 0.000000
vt 0.650494 0.426992 0.000000
vt 0.665461 0.426874 0.000000
vt 0.660473 0.426915 0.000000
vt 0.676184 0.426799 0.000000
vt 0.670934 0.426832 0.000000
vt 0.686662 0.426726 0.000000
vt 0.681663 0.426761 0.000000
vt 0.655514 0.463256 0.000000
vt 0.650699 0.463275 0.000000
vt 0.665648 0.463208 0.000000
vt 0.660666 0.463232 0.000000
vt 0.676358 0.463165 0.000000
vt 0.671114 0.463183 0.000000
vt 0.686822 0.463121 0.000000
vt 0.681830 0.463142 0.000000
vt 0.655592 0.499526 0.000000
vt 0.650779 0.499528 0.000000
vt 0.665722 0.499511 0.000000
vt 0.660742 0.499519 0.000000
vt 0.676427 0.499500 0.000000
vt 0.671186 0.499502 0.000000
vt 0.686887 0.499484 0.000000
vt 0.681897 0.499492 0.000000
vt 0.655551 0.535796 0.000000
vt 0.650735 0.535782 0.000000
vt 0.665685 0.535813 0.000000
vt 0.660702 0.535806 0.000000
vt 0.676394 0.535834 0.000000
vt 0.671150 0.535822 0.000000
vt 0.686858 0.535846 0.000000
vt 0.681866 0.535841 0.000000
vt 0.655389 0.572095 0.000000
vt 0.650567 0.572064 0.000000
vt 0.665535 0.572146 0.000000
vt 0.660547 0.572122 0.000000
vt 0.676258 0.572199 0.000000
vt 0.671008 0.572171 0.000000
vt 0.686737 0.572239 0.000000
vt 0.681737 0.572221 0.000000
vt 0.655100 0.608455 0.000000
vt 0.650268 0.608407 0.000000
vt 0.665269 0.608542 0.000000
vt 0.660270 0.608501 0.000000
vt 0.676016 0.608630 0.000000
vt 0.670754 0.608585 0.000000
vt 0.686519 0.608699 0.000000
vt 0.681509 0.608667 0.000000
vt 0.654675 0.644912 0.000000
vt 0.649828 0.644845 0.000000
vt 0.664877 0.645038 0.000000
vt 0.659862 0.644978 0.000000
vt 0.675661 0.645163 0.000000
vt 0.670381 0.645101 0.000000
vt 0.686200 0.645263 0.000000
vt 0.681172 0.645217 0.000000
vt 0.654102 0.681508 0.000000
vt 0.649233 0.681419 0.000000
vt 0.664349 0.681676 0.000000
vt 0.659311 0.681596 0.000000
vt 0.675182 0.681842 0.000000
vt 0.669877 0.681761 0.000000
vt 0.685771 0.681977 0.000000
vt 0.680718 0.681915 0.000000
vt 0.653364 0.718287 0.000000
vt 0.648469 0.718175 0.000000
vt 0.663670 0.718503 0.000000
vt 0.658603 0.718399 0.000000
vt 0.674565 0.718714 0.000000
vt 0.669230 0.718611 0.000000
vt 0.685217 0.718888 0.000000
vt 0.680135 0.718808 0.000000
vt 0.652443 0.755294 0.000000
vt 0.647513 0.755155 0.000000
vt 0.662819 0.755563 0.000000
vt 0.657717 0.755434 0.000000
vt 0.673793 0.755826 0.000000
vt 0.668419 0.755699 0.000000
vt 0.684524 0.756045 0.000000
vt 0.679403 0.755945 0.000000
vt 0.651311 0.792583 0.000000
vt 0.646340 0.792414 0.000000
vt 0.661775 0.792913 0.000000
vt 0.656630 0.792754 0.000000
vt 0.672844 0.793234 0.000000
vt 0.667423 0.793079 0.000000
vt 0.683671 0.793503 0.000000
vt 0.678505 0.793379 0.000000
vt 0.649941 0.830215 0.000000
vt 0.644920 0.830012 0.000000
vt 0.660513 0.830615 0.000000
vt 0.655314 0.830423 0.000000
vt 0.671697 0.831003 0.000000
vt 0.666219 0.830816 0.000000
vt 0.682640 0.831329 0.000000
vt 0.677418 0.831179 0.000000
vt 0.648300 0.868263 0.000000
vt 0.643219 0.868021 0.000000
vt 0.658998 0.868740 0.000000
vt 0.653737 0.868510 0.000000
vt 0.670321 0.869204 0.000000
vt 0.664775 0.868981 0.000000
vt 0.681403 0.869599 0.000000
vt 0.676114 0.869417 0.000000
vt 0.646358 0.906796 0.000000
vt 0.641208 0.906517 0.000000
vt 0.657200 0.907351 0.000000
vt 0.651868 0.907083 0.000000
vt 0.668672 0.907903 0.000000
vt 0.663052 0.907635 0.000000
vt 0.679911 0.908393 0.000000
vt 0.674546 0.908165 0.000000
vt 0.644159 0.945836 0.000000
vt 0.638945 0.945569 0.000000
vt 0.655114 0.946375 0.000000
vt 0.649731 0.946111 0.000000
vt 0.666665 0.947007 0.000000
vt 0.661007 0.946679 0.000000
vt 0.678005 0.947725 0.000000
vt 0.672580 0.947376 0.000000
vt 0.637112 0.985136 0.000000
vt 0.680317 0.011987 0.000000
vt 0.680348 0.988067 0.000000
vt 0.642364 0.985379 0.000000
vt 0.683538 0.051728 0.000000
vt 0.647937 0.985161 0.000000
vt 0.653181 0.984783 0.000000
vt 0.658773 0.984627 0.000000
vt 0.664033 0.985012 0.000000
vt 0.669579 0.985980 0.000000
vt 0.674780 0.987126 0.000000
vt 0.685318 0.090996 0.000000
vt 0.686687 0.129673 0.000000
vt 0.687820 0.167838 0.000000
vt 0.688770 0.205578 0.000000
vt 0.689571 0.242967 0.000000
vt 0.690242 0.280072 0.000000
vt 0.690797 0.316952 0.000000
vt 0.691243 0.353653 0.000000
vt 0.691588 0.390222 0.000000
vt 0.691835 0.426693 0.000000
vt 0.691988 0.463101 0.000000
vt 0.692051 0.499477 0.000000
vt 0.692024 0.535852 0.000000
vt 0.691909 0.572257 0.000000
vt 0.691705 0.608731 0.000000
vt 0.691404 0.645309 0.000000
vt 0.690999 0.682039 0.000000
vt 0.690477 0.718968 0.000000
vt 0.689823 0.756146 0.000000
vt 0.689018 0.793626 0.000000
vt 0.688045 0.831478 0.000000
vt 0.686878 0.869779 0.000000
vt 0.685469 0.908621 0.000000
vt 0.683639 0.948087 0.000000
vt 0.761096 0.252158 0.000000
vt 0.770873 0.252158 0.000000
vt 0.780650 0.252158 0.000000
vt 0.790426 0.252158 0.000000
vt 0.800203 0.252158 0.000000
vt 0.809980 0.252158 0.000000
vt 0.819757 0.252158 0.000000
vt 0.829534 0.252158 0.000000
vt 0.839311 0.252158 0.000000
vt 0.849088 0.252158 0.000000
vt 0.858864 0.252158 0.000000
vt 0.868641 0.252158 0.000000
vt 0.761096 0.232604 0.000000
vt 0.770873 0.232604 0.000000
vt 0.780650 0.232604 0.000000
vt 0.790426 0.232604 0.000000
vt 0.800203 0.232604 0.000000
vt 0.809980 0.232604 0.000000
vt 0.819757 0.232604 0.000000
vt 0.829534 0.232604 0.000000
vt 0.839311 0.232604 0.000000
vt 0.849088 0.232604 0.000000
vt 0.858864 0.232604 0.000000
vt 0.868641 0.232604 0.000000
vt 0.878418 0.232604 0.000000
vt 0.761096 0.213051 0.000000
vt 0.770873 0.213051 0.000000
vt 0.780650 0.213051 0.000000
vt 0.790426 0.213051 0.000000
vt 0.800203 0.213051 0.000000
vt 0.809980 0.213051 0.000000
vt 0.819757 0.213051 0.000000
vt 0.829534 0.213051 0.000000
vt 0.839311 0.213051 0.000000
vt 0.849088 0.213051 0.000000
vt 0.858864 0.213051 0.000000
vt 0.868641 0.213051 0.000000
vt 0.878418 0.213051 0.000000
vt 0.761096 0.193497 0.000000
vt 0.770873 0.193497 0.000000
vt 0.780650 0.193497 0.000000
vt 0.790426 0.193497 0.000000
vt 0.800203 0.193497 0.000000
vt 0.809980 0.193497 0.000000
vt 0.819757 0.193497 0.000000
vt 0.829534 0.193497 0.000000
vt 0.839311 0.193497 0.000000
vt 0.849088 0.193497 0.000000
vt 0.858864 0.193497 0.000000
vt 0.868641 0.193497 0.000000
vt 0.878418 0.193497 0.000000
vt 0.761096 0.173943 0.000000
vt 0.770873 0.173943 0.000000
vt 0.780650 0.173943 0.000000
vt 0.790426 0.173943 0.000000
vt 0.800203 0.173943 0.000000
vt 0.809980 0.173943 0.000000
vt 0.819757 0.173943 0.000000
vt 0.829534 0.173943 0.000000
vt 0.839311 0.173943 0.000000
vt 0.849088 0.173943 0.000000
vt 0.858864 0.173943 0.000000
vt 0.868641 0.173943 0.000000
vt 0.878418 0.173943 0.000000
vt 0.761096 0.154389 0.000000
vt 0.770873 0.154389 0.000000
vt 0.780650 0.154389 0.000000
vt 0.790426 0.154389 0.000000
vt 0.800203 0.154389 0.000000
vt 0.809980 0.154389 0.000000
vt 0.819757 0.154389 0.000000
vt 0.829534 0.154389 0.000000
vt 0.839311 0.154389 0.000000
vt 0.849088 0.154389 0.000000
vt 0.858864 0.154389 0.000000
vt 0.868641 0.154389 0.000000
vt 0.878418 0.154389 0.000000
vt 0.761096 0.134836 0.000000
vt 0.770873 0.134836 0.000000
vt 0.780650 0.134836 0.000000
vt 0.790426 0.134836 0.000000
vt 0.800203 0.134836 0.000000
vt 0.809980 0.134836 0.000000
vt 0.819757 0.134836 0.000000
vt 0.829534 0.134836 0.000000
vt 0.839311 0.134836 0.000000
vt 0.849088 0.134836 0.000000
vt 0.858864 0.134836 0.000000
vt 0.868641 0.134836 0.000000
vt 0.875681 0.257068 0.000000
vt 0.875681 0.266845 0.000000
vt 0.875681 0.276622 0.000000
vt 0.875681 0.286399 0.000000
vt 0.875681 0.296176 0.000000
vt 0.875681 0.305952 0.000000
vt 0.875681 0.315729 0.000000
vt 0.875681 0.325506 0.000000
vt 0.875681 0.335283 0.000000
vt 0.875681 0.345060 0.000000
vt 0.875681 0.354837 0.000000
vt 0.875681 0.364614 0.000000
vt 0.895235 0.257068 0.000000
vt 0.895235 0.266845 0.000000
vt 0.895235 0.276622 0.000000
vt 0.895235 0.286399 0.000000
vt 0.895235 0.296176 0.000000
vt 0.895235 0.305952 0.000000
vt 0.895235 0.315729 0.000000
vt 0.895235 0.325506 0.000000
vt 0.895235 0.335283 0.000000
vt 0.895235 0.345060 0.000000
vt 0.895235 0.354837 0.000000
vt 0.895235 0.364614 0.000000
vt 0.895235 0.374391 0.000000
vt 0.914789 0.257068 0.000000
vt 0.914789 0.266845 0.000000
vt 0.914789 0.276622 0.000000
vt 0.914789 0.286399 0.000000
vt 0.914789 0.296176 0.000000
vt 0.914789 0.305952 0.000000
vt 0.914789 0.315729 0.000000
vt 0.914789 0.325506 0.000000
vt 0.914789 0.335283 0.000000
vt 0.914789 0.345060 0.000000
vt 0.914789 0.354837 0.000000
vt 0.914789 0.364614 0.000000
vt 0.914789 0.374391 0.000000
vt 0.934342 0.257068 0.000000
vt 0.934342 0.266845 0.000000
vt 0.934342 0.276622 0.000000
vt 0.934342 0.286399 0.000000
vt 0.934342 0.296176 0.000000
vt 0.934342 0.305952 0.000000
vt 0.934342 0.315729 0.000000
vt 0.934342 0.325506 0.000000
vt 0.934342 0.335283 0.000000
vt 0.934342 0.345060 0.000000
vt 0.934342 0.354837 0.000000
vt 0.934342 0.364614 0.000000
vt 0.934342 0.374391 0.000000
vt 0.953896 0.257068 0.000000
vt 0.953896 0.266845 0.000000
vt 0.953896 0.276622 0.000000
vt 0.953896 0.286399 0.000000
vt 0.953896 0.296176 0.000000
vt 0.953896 0.305952 0.000000
vt 0.953896 0.315729 0.000000
vt 0.953896 0.325506 0.000000
vt 0.953896 0.335283 0.000000
vt 0.953896 0.345060 0.000000
vt 0.953896 0.354837 0.000000
vt 0.953896 0.364614 0.000000
vt 0.953896 0.374391 0.000000
vt 0.973450 0.257068 0.000000
vt 0.973450 0.266845 0.000000
vt 0.973450 0.276622 0.000000
vt 0.973450 0.286399 0.000000
vt 0.973450 0.296176 0.000000
vt 0.973450 0.305952 0.000000
vt 0.973450 0.315729 0.000000
vt 0.973450 0.325506 0.000000
vt 0.973450 0.335283 0.000000
vt 0.973450 0.345060 0.000000
vt 0.973450 0.354837 0.000000
vt 0.973450 0.364614 0.000000
vt 0.973450 0.374391 0.000000
vt 0.993004 0.257068 0.000000
vt 0.993004 0.266845 0.000000
vt 0.993004 0.276622 0.000000
vt 0.993004 0.286399 0.000000
vt 0.993004 0.296176 0.000000
vt 0.993004 0.305952 0.000000
vt 0.993004 0.315729 0.000000
vt 0.993004 0.325506 0.000000
vt 0.993004 0.335283 0.000000
vt 0.993004 0.345060 0.000000
vt 0.993004 0.354837 0.000000
vt 0.993004 0.364614 0.000000
vt 0.754295 0.257068 0.000000
vt 0.754295 0.266845 0.000000
vt 0.754295 0.276622 0.000000
vt 0.754295 0.286399 0.000000
vt 0.754295 0.296176 0.000000
vt 0.754295 0.305952 0.000000
vt 0.754295 0.315729 0.000000
vt 0.754295 0.325506 0.000000
vt 0.754295 0.335283 0.000000
vt 0.754295 0.345060 0.000000
vt 0.754295 0.354837 0.000000
vt 0.754295 0.364614 0.000000
vt 0.773849 0.257068 0.000000
vt 0.773849 0.266845 0.000000
vt 0.773849 0.276622 0.000000
vt 0.773849 0.286399 0.000000
vt 0.773849 0.296176 0.000000
vt 0.773849 0.305952 0.000000
vt 0.773849 0.315729 0.000000
vt 0.773849 0.325506 0.000000
vt 0.773849 0.335283 0.000000
vt 0.773849 0.345060 0.000000
vt 0.773849 0.354837 0.000000
vt 0.773849 0.364614 0.000000
vt 0.773849 0.374390 0.000000
vt 0.793402 0.257068 0.000000
vt 0.793402 0.266845 0.000000
vt 0.793402 0.276622 0.000000
vt 0.793402 0.286399 0.000000
vt 0.793402 0.296176 0.000000
vt 0.793402 0.305952 0.000000
vt 0.793402 0.315729 0.000000
vt 0.793402 0.325506 0.000000
vt 0.793402 0.335283 0.000000
vt 0.793402 0.345060 0.000000
vt 0.793402 0.354837 0.000000
vt 0.793402 0.364614 0.000000
vt 0.793402 0.374390 0.000000
vt 0.812956 0.257068 0.000000
vt 0.812956 0.266845 0.000000
vt 0.812956 0.276622 0.000000
vt 0.812956 0.286399 0.000000
vt 0.812956 0.296176 0.000000
vt 0.812956 0.305952 0.000000
vt 0.812956 0.315729 0.000000
vt 0.812956 0.325506 0.000000
vt 0.812956 0.335283 0.000000
vt 0.812956 0.345060 0.000000
vt 0.812956 0.354837 0.000000
vt 0.812956 0.364614 0.000000
vt 0.812956 0.374390 0.000000
vt 0.832510 0.257068 0.000000
vt 0.832510 0.266845 0.000000
vt 0.832510 0.276622 0.000000
vt 0.832510 0.286399 0.000000
vt 0.832510 0.296176 0.000000
vt 0.832510 0.305952 0.000000
vt 0.832510 0.315729 0.000000
vt 0.832510 0.325506 0.000000
vt 0.832510 0.335283 0.000000
vt 0.832510 0.345060 0.000000
vt 0.832510 0.354837 0.000000
vt 0.832510 0.364614 0.000000
vt 0.832510 0.374390 0.000000
vt 0.852063 0.257068 0.000000
vt 0.852063 0.266845 0.000000
vt 0.852063 0.276622 0.000000
vt 0.852063 0.286399 0.000000
vt 0.852063 0.296176 0.000000
vt 0.852063 0.305952 0.000000
vt 0.852063 0.315729 0.000000
vt 0.852063 0.325506 0.000000
vt 0.852063 0.335283 0.000000
vt 0.852063 0.345060 0.000000
vt 0.852063 0.354837 0.000000
vt 0.852063 0.364614 0.000000
vt 0.852063 0.374390 0.000000
vt 0.871617 0.257068 0.000000
vt 0.871617 0.266845 0.000000
vt 0.871617 0.276622 0.000000
vt 0.871617 0.286399 0.000000
vt 0.871617 0.296176 0.000000
vt 0.871617 0.305952 0.000000
vt 0.871617 0.315729 0.000000
vt 0.871617 0.325506 0.000000
vt 0.871617 0.335283 0.000000
vt 0.871617 0.345060 0.000000
vt 0.871617 0.354837 0.000000
vt 0.871617 0.364614 0.000000
vt 0.324750 0.014841 0.000000
vt 0.329979 0.014606 0.000000
vt 0.331708 0.053972 0.000000
vt 0.326518 0.054230 0.000000
vt 0.335525 0.014832 0.000000
vt 0.340741 0.015215 0.000000
vt 0.342609 0.053433 0.000000
vt 0.337254 0.053699 0.000000
vt 0.346299 0.015378 0.000000
vt 0.351532 0.015001 0.000000
vt 0.354100 0.052809 0.000000
vt 0.348471 0.053127 0.000000
vt 0.357053 0.014047 0.000000
vt 0.362227 0.012916 0.000000
vt 0.365382 0.052089 0.000000
vt 0.359986 0.052440 0.000000
vt 0.333834 0.092827 0.000000
vt 0.328708 0.093097 0.000000
vt 0.344628 0.092270 0.000000
vt 0.339320 0.092541 0.000000
vt 0.356049 0.091724 0.000000
vt 0.350454 0.091983 0.000000
vt 0.367235 0.091226 0.000000
vt 0.361895 0.091459 0.000000
vt 0.335705 0.131202 0.000000
vt 0.330644 0.131435 0.000000
vt 0.346364 0.130721 0.000000
vt 0.341123 0.130954 0.000000
vt 0.357644 0.130261 0.000000
vt 0.352119 0.130477 0.000000
vt 0.368681 0.129857 0.000000
vt 0.363413 0.130045 0.000000
vt 0.337283 0.169124 0.000000
vt 0.332277 0.169320 0.000000
vt 0.347823 0.168717 0.000000
vt 0.342640 0.168914 0.000000
vt 0.358974 0.168331 0.000000
vt 0.353513 0.168512 0.000000
vt 0.369880 0.167992 0.000000
vt 0.364676 0.168150 0.000000
vt 0.338605 0.206660 0.000000
vt 0.333646 0.206825 0.000000
vt 0.349046 0.206318 0.000000
vt 0.343912 0.206485 0.000000
vt 0.360088 0.205994 0.000000
vt 0.354681 0.206145 0.000000
vt 0.370885 0.205708 0.000000
vt 0.365733 0.205841 0.000000
vt 0.339712 0.243877 0.000000
vt 0.334791 0.244014 0.000000
vt 0.350071 0.243590 0.000000
vt 0.344977 0.243730 0.000000
vt 0.361024 0.243319 0.000000
vt 0.355660 0.243445 0.000000
vt 0.371731 0.243077 0.000000
vt 0.366622 0.243189 0.000000
vt 0.340631 0.280831 0.000000
vt 0.335741 0.280944 0.000000
vt 0.350923 0.280593 0.000000
vt 0.345862 0.280709 0.000000
vt 0.361803 0.280367 0.000000
vt 0.356476 0.280472 0.000000
vt 0.372438 0.280165 0.000000
vt 0.367364 0.280259 0.000000
vt 0.341381 0.317573 0.000000
vt 0.336517 0.317664 0.000000
vt 0.351620 0.317379 0.000000
vt 0.346586 0.317474 0.000000
vt 0.362444 0.317195 0.000000
vt 0.357144 0.317280 0.000000
vt 0.373021 0.317028 0.000000
vt 0.367975 0.317106 0.000000
vt 0.341980 0.354149 0.000000
vt 0.337134 0.354220 0.000000
vt 0.352178 0.353994 0.000000
vt 0.347164 0.354070 0.000000
vt 0.362956 0.353848 0.000000
vt 0.357679 0.353915 0.000000
vt 0.373490 0.353715 0.000000
vt 0.368464 0.353777 0.000000
vt 0.342437 0.390598 0.000000
vt 0.337605 0.390650 0.000000
vt 0.352604 0.390480 0.000000
vt 0.347605 0.390538 0.000000
vt 0.363350 0.390371 0.000000
vt 0.358088 0.390421 0.000000
vt 0.373850 0.390268 0.000000
vt 0.368841 0.390317 0.000000
vt 0.342762 0.426956 0.000000
vt 0.337940 0.426992 0.000000
vt 0.352908 0.426874 0.000000
vt 0.347920 0.426915 0.000000
vt 0.363631 0.426799 0.000000
vt 0.358381 0.426832 0.000000
vt 0.374109 0.426726 0.000000
vt 0.369110 0.426761 0.000000
vt 0.342961 0.463256 0.000000
vt 0.338146 0.463275 0.000000
vt 0.353095 0.463208 0.000000
vt 0.348113 0.463232 0.000000
vt 0.363805 0.463165 0.000000
vt 0.358561 0.463183 0.000000
vt 0.374269 0.463121 0.000000
vt 0.369277 0.463142 0.000000
vt 0.343039 0.499526 0.000000
vt 0.338226 0.499528 0.000000
vt 0.353169 0.499511 0.000000
vt 0.348189 0.499519 0.000000
vt 0.363874 0.499500 0.000000
vt 0.358633 0.499502 0.000000
vt 0.374334 0.499484 0.000000
vt 0.369343 0.499492 0.000000
vt 0.342998 0.535796 0.000000
vt 0.338182 0.535782 0.000000
vt 0.353131 0.535813 0.000000
vt 0.348149 0.535806 0.000000
vt 0.363841 0.535834 0.000000
vt 0.358597 0.535822 0.000000
vt 0.374305 0.535846 0.000000
vt 0.369312 0.535841 0.000000
vt 0.342836 0.572095 0.000000
vt 0.338014 0.572064 0.000000
vt 0.352982 0.572146 0.000000
vt 0.347994 0.572122 0.000000
vt 0.363705 0.572199 0.000000
vt 0.358455 0.572171 0.000000
vt 0.374183 0.572239 0.000000
vt 0.369184 0.572221 0.000000
vt 0.342547 0.608455 0.000000
vt 0.337715 0.608407 0.000000
vt 0.352716 0.608542 0.000000
vt 0.347716 0.608501 0.000000
vt 0.363463 0.608630 0.000000
vt 0.358201 0.608585 0.000000
vt 0.373966 0.608699 0.000000
vt 0.368955 0.608667 0.000000
vt 0.342122 0.644912 0.000000
vt 0.337275 0.644845 0.000000
vt 0.352324 0.645038 0.000000
vt 0.347308 0.644978 0.000000
vt 0.363108 0.645163 0.000000
vt 0.357828 0.645101 0.000000
vt 0.373648 0.645263 0.000000
vt 0.368619 0.645217 0.000000
vt 0.341549 0.681508 0.000000
vt 0.336680 0.681419 0.000000
vt 0.351796 0.681676 0.000000
vt 0.346758 0.681596 0.000000
vt 0.362629 0.681842 0.000000
vt 0.357324 0.681761 0.000000
vt 0.373218 0.681977 0.000000
vt 0.368165 0.681915 0.000000
vt 0.340811 0.718287 0.000000
vt 0.335916 0.718175 0.000000
vt 0.351116 0.718503 0.000000
vt 0.346049 0.718399 0.000000
vt 0.362012 0.718714 0.000000
vt 0.356677 0.718611 0.000000
vt 0.372664 0.718888 0.000000
vt 0.367582 0.718808 0.000000
vt 0.339889 0.755294 0.000000
vt 0.334960 0.755155 0.000000
vt 0.350266 0.755563 0.000000
vt 0.345164 0.755434 0.000000
vt 0.361240 0.755826 0.000000
vt 0.355866 0.755699 0.000000
vt 0.371970 0.756045 0.000000
vt 0.366850 0.755945 0.000000
vt 0.338758 0.792583 0.000000
vt 0.333787 0.792414 0.000000
vt 0.349222 0.792913 0.000000
vt 0.344077 0.792754 0.000000
vt 0.360291 0.793234 0.000000
vt 0.354870 0.793079 0.000000
vt 0.371118 0.793503 0.000000
vt 0.365952 0.793379 0.000000
vt 0.337388 0.830215 0.000000
vt 0.332367 0.830012 0.000000
vt 0.347959 0.830615 0.000000
vt 0.342761 0.830423 0.000000
vt 0.359144 0.831003 0.000000
vt 0.353666 0.830816 0.000000
vt 0.370087 0.831329 0.000000
vt 0.364865 0.831179 0.000000
vt 0.335747 0.868263 0.000000
vt 0.330666 0.868021 0.000000
vt 0.346445 0.868740 0.000000
vt 0.341184 0.868510 0.000000
vt 0.357767 0.869204 0.000000
vt 0.352222 0.868981 0.000000
vt 0.368850 0.869599 0.000000
vt 0.363561 0.869417 0.000000
vt 0.333805 0.906796 0.000000
vt 0.328655 0.906517 0.000000
vt 0.344646 0.907351 0.000000
vt 0.339315 0.907083 0.000000
vt 0.356119 0.907903 0.000000
vt 0.350499 0.907635 0.000000
vt 0.367358 0.908393 0.000000
vt 0.361992 0.908165 0.000000
vt 0.331606 0.945836 0.000000
vt 0.326392 0.945569 0.000000
vt 0.342561 0.946375 0.000000
vt 0.337178 0.946111 0.000000
vt 0.354112 0.947007 0.000000
vt 0.348454 0.946679 0.000000
vt 0.365452 0.947725 0.000000
vt 0.360027 0.947376 0.000000
vt 0.324559 0.985136 0.000000
vt 0.367764 0.011987 0.000000
vt 0.367795 0.988067 0.000000
vt 0.329811 0.985379 0.000000
vt 0.370985 0.051728 0.000000
vt 0.335384 0.985161 0.000000
vt 0.340628 0.984783 0.000000
vt 0.346220 0.984627 0.000000
vt 0.351480 0.985012 0.000000
vt 0.357026 0.985980 0.000000
vt 0.362227 0.987126 0.000000
vt 0.372765 0.090996 0.000000
vt 0.374134 0.129673 0.000000
vt 0.375267 0.167838 0.000000
vt 0.376217 0.205578 0.000000
vt 0.377018 0.242967 0.000000
vt 0.377689 0.280072 0.000000
vt 0.378244 0.316952 0.000000
vt 0.378690 0.353653 0.000000
vt 0.379034 0.390222 0.000000
vt 0.379282 0.426693 0.000000
vt 0.379435 0.463101 0.000000
vt 0.379497 0.499477 0.000000
vt 0.379471 0.535852 0.000000
vt 0.379356 0.572257 0.000000
vt 0.379152 0.608731 0.000000
vt 0.378851 0.645309 0.000000
vt 0.378446 0.682039 0.000000
vt 0.377924 0.718968 0.000000
vt 0.377270 0.756146 0.000000
vt 0.376465 0.793626 0.000000
vt 0.375492 0.831478 0.000000
vt 0.374325 0.869779 0.000000
vt 0.372916 0.908621 0.000000
vt 0.371086 0.948087 0.000000
vt 0.260124 0.014841 0.000000
vt 0.265352 0.014606 0.000000
vt 0.267081 0.053972 0.000000
vt 0.261891 0.054230 0.000000
vt 0.270899 0.014832 0.000000
vt 0.276115 0.015215 0.000000
vt 0.277983 0.053433 0.000000
vt 0.272627 0.053699 0.000000
vt 0.281673 0.015378 0.000000
vt 0.286906 0.015001 0.000000
vt 0.289474 0.052809 0.000000
vt 0.283845 0.053127 0.000000
vt 0.292426 0.014047 0.000000
vt 0.297601 0.012916 0.000000
vt 0.300756 0.052089 0.000000
vt 0.295360 0.052440 0.000000
vt 0.269208 0.092827 0.000000
vt 0.264081 0.093097 0.000000
vt 0.280001 0.092270 0.000000
vt 0.274693 0.092541 0.000000
vt 0.291423 0.091724 0.000000
vt 0.285828 0.091983 0.000000
vt 0.302608 0.091226 0.000000
vt 0.297268 0.091459 0.000000
vt 0.271079 0.131202 0.000000
vt 0.266017 0.131435 0.000000
vt 0.281738 0.130721 0.000000
vt 0.276496 0.130954 0.000000
vt 0.293017 0.130261 0.000000
vt 0.287493 0.130477 0.000000
vt 0.304054 0.129857 0.000000
vt 0.298787 0.130045 0.000000
vt 0.272657 0.169124 0.000000
vt 0.267651 0.169320 0.000000
vt 0.283197 0.168717 0.000000
vt 0.278014 0.168914 0.000000
vt 0.294347 0.168331 0.000000
vt 0.288887 0.168512 0.000000
vt 0.305253 0.167992 0.000000
vt 0.300049 0.168150 0.000000
vt 0.273979 0.206660 0.000000
vt 0.269019 0.206825 0.000000
vt 0.284420 0.206318 0.000000
vt 0.279286 0.206485 0.000000
vt 0.295462 0.205994 0.000000
vt 0.290055 0.206145 0.000000
vt 0.306259 0.205708 0.000000
vt 0.301107 0.205841 0.000000
vt 0.275085 0.243877 0.000000
vt 0.270164 0.244014 0.000000
vt 0.285444 0.243590 0.000000
vt 0.280351 0.243730 0.000000
vt 0.296397 0.243319 0.000000
vt 0.291034 0.243445 0.000000
vt 0.307104 0.243077 0.000000
vt 0.301996 0.243189 0.000000
vt 0.276004 0.280831 0.000000
vt 0.271114 0.280944 0.000000
vt 0.286296 0.280593 0.000000
vt 0.281236 0.280709 0.000000
vt 0.297177 0.280367 0.000000
vt 0.291849 0.280472 0.000000
vt 0.307812 0.280165 0.000000
vt 0.302738 0.280259 0.000000
vt 0.276755 0.317573 0.000000
vt 0.271890 0.317664 0.000000
vt 0.286994 0.317379 0.000000
vt 0.281960 0.317474 0.000000
vt 0.297817 0.317195 0.000000
vt 0.292518 0.317280 0.000000
vt 0.308395 0.317028 0.000000
vt 0.303348 0.317106 0.000000
vt 0.277353 0.354149 0.000000
vt 0.272508 0.354220 0.000000
vt 0.287551 0.353994 0.000000
vt 0.282537 0.354070 0.000000
vt 0.298330 0.353848 0.000000
vt 0.293052 0.353915 0.000000
vt 0.308863 0.353715 0.000000
vt 0.303838 0.353777 0.000000
vt 0.277810 0.390598 0.000000
vt 0.272979 0.390650 0.000000
vt 0.287977 0.390480 0.000000
vt 0.282979 0.390538 0.000000
vt 0.298723 0.390371 0.000000
vt 0.293462 0.390421 0.000000
vt 0.309224 0.390268 0.000000
vt 0.304214 0.390317 0.000000
vt 0.278135 0.426956 0.000000
vt 0.273314 0.426992 0.000000
vt 0.288282 0.426874 0.000000
vt 0.283293 0.426915 0.000000
vt 0.299005 0.426799 0.000000
vt 0.293754 0.426832 0.000000
vt 0.309483 0.426726 0.000000
vt 0.304484 0.426761 0.000000
vt 0.278335 0.463256 0.000000
vt 0.273519 0.463275 0.000000
vt 0.288469 0.463208 0.000000
vt 0.283486 0.463232 0.000000
vt 0.299178 0.463165 0.000000
vt 0.293935 0.463183 0.000000
vt 0.309642 0.463121 0.000000
vt 0.304650 0.463142 0.000000
vt 0.278413 0.499526 0.000000
vt 0.273599 0.499528 0.000000
vt 0.288542 0.499511 0.000000
vt 0.283562 0.499519 0.000000
vt 0.299247 0.499500 0.000000
vt 0.294006 0.499502 0.000000
vt 0.309707 0.499484 0.000000
vt 0.304717 0.499492 0.000000
vt 0.278371 0.535796 0.000000
vt 0.273556 0.535782 0.000000
vt 0.288505 0.535813 0.000000
vt 0.283523 0.535806 0.000000
vt 0.299214 0.535834 0.000000
vt 0.293971 0.535822 0.000000
vt 0.309678 0.535846 0.000000
vt 0.304686 0.535841 0.000000
vt 0.278209 0.572095 0.000000
vt 0.273388 0.572064 0.000000
vt 0.288356 0.572146 0.000000
vt 0.283367 0.572122 0.000000
vt 0.299079 0.572199 0.000000
vt 0.293828 0.572171 0.000000
vt 0.309557 0.572239 0.000000
vt 0.304558 0.572221 0.000000
vt 0.277921 0.608455 0.000000
vt 0.273089 0.608407 0.000000
vt 0.288089 0.608542 0.000000
vt 0.283090 0.608501 0.000000
vt 0.298837 0.608630 0.000000
vt 0.293575 0.608585 0.000000
vt 0.309340 0.608699 0.000000
vt 0.304329 0.608667 0.000000
vt 0.277496 0.644912 0.000000
vt 0.272649 0.644845 0.000000
vt 0.287698 0.645038 0.000000
vt 0.282682 0.644978 0.000000
vt 0.298482 0.645163 0.000000
vt 0.293201 0.645101 0.000000
vt 0.309021 0.645263 0.000000
vt 0.303993 0.645217 0.000000
vt 0.276922 0.681508 0.000000
vt 0.272054 0.681419 0.000000
vt 0.287169 0.681676 0.000000
vt 0.282131 0.681596 0.000000
vt 0.298002 0.681842 0.000000
vt 0.292698 0.681761 0.000000
vt 0.308591 0.681977 0.000000
vt 0.303539 0.681915 0.000000
vt 0.276185 0.718287 0.000000
vt 0.271289 0.718175 0.000000
vt 0.286490 0.718503 0.000000
vt 0.281423 0.718399 0.000000
vt 0.297386 0.718714 0.000000
vt 0.292050 0.718611 0.000000
vt 0.308038 0.718888 0.000000
vt 0.302955 0.718808 0.000000
vt 0.275263 0.755294 0.000000
vt 0.270334 0.755155 0.000000
vt 0.285640 0.755563 0.000000
vt 0.280537 0.755434 0.000000
vt 0.296613 0.755826 0.000000
vt 0.291239 0.755699 0.000000
vt 0.307344 0.756045 0.000000
vt 0.302224 0.755945 0.000000
vt 0.274131 0.792583 0.000000
vt 0.269161 0.792414 0.000000
vt 0.284596 0.792913 0.000000
vt 0.279450 0.792754 0.000000
vt 0.295665 0.793234 0.000000
vt 0.290244 0.793079 0.000000
vt 0.306491 0.793503 0.000000
vt 0.301325 0.793379 0.000000
vt 0.272761 0.830215 0.000000
vt 0.267741 0.830012 0.000000
vt 0.283333 0.830615 0.000000
vt 0.278134 0.830423 0.000000
vt 0.294518 0.831003 0.000000
vt 0.289040 0.830816 0.000000
vt 0.305460 0.831329 0.000000
vt 0.300238 0.831179 0.000000
vt 0.271120 0.868263 0.000000
vt 0.266040 0.868021 0.000000
vt 0.281819 0.868740 0.000000
vt 0.276558 0.868510 0.000000
vt 0.293141 0.869204 0.000000
vt 0.287595 0.868981 0.000000
vt 0.304223 0.869599 0.000000
vt 0.298934 0.869417 0.000000
vt 0.269178 0.906796 0.000000
vt 0.264029 0.906517 0.000000
vt 0.280020 0.907351 0.000000
vt 0.274688 0.907083 0.000000
vt 0.291493 0.907903 0.000000
vt 0.285873 0.907635 0.000000
vt 0.302732 0.908393 0.000000
vt 0.297366 0.908165 0.000000
vt 0.266980 0.945836 0.000000
vt 0.261766 0.945569 0.000000
vt 0.277935 0.946375 0.000000
vt 0.272552 0.946111 0.000000
vt 0.289485 0.947007 0.000000
vt 0.283827 0.946679 0.000000
vt 0.300826 0.947725 0.000000
vt 0.295401 0.947376 0.000000
vt 0.259932 0.985136 0.000000
vt 0.303137 0.011987 0.000000
vt 0.303169 0.988067 0.000000
vt 0.265184 0.985379 0.000000
vt 0.306358 0.051728 0.000000
vt 0.270757 0.985161 0.000000
vt 0.276002 0.984783 0.000000
vt 0.281593 0.984627 0.000000
vt 0.286854 0.985012 0.000000
vt 0.292400 0.985980 0.000000
vt 0.297601 0.987126 0.000000
vt 0.308139 0.090996 0.000000
vt 0.309508 0.129673 0.000000
vt 0.310640 0.167838 0.000000
vt 0.311591 0.205578 0.000000
vt 0.312391 0.242967 0.000000
vt 0.313063 0.280072 0.000000
vt 0.313617 0.316952 0.000000
vt 0.314064 0.353653 0.000000
vt 0.314408 0.390222 0.000000
vt 0.314655 0.426693 0.000000
vt 0.314808 0.463101 0.000000
vt 0.314871 0.499477 0.000000
vt 0.314844 0.535852 0.000000
vt 0.314730 0.572257 0.000000
vt 0.314525 0.608731 0.000000
vt 0.314224 0.645309 0.000000
vt 0.313820 0.682039 0.000000
vt 0.313298 0.718968 0.000000
vt 0.312643 0.756146 0.000000
vt 0.311838 0.793626 0.000000
vt 0.310866 0.831478 0.000000
vt 0.309698 0.869779 0.000000
vt 0.308289 0.908621 0.000000
vt 0.306460 0.948087 0.000000
vt 0.447945 0.014841 0.000000
vt 0.453173 0.014606 0.000000
vt 0.454902 0.053972 0.000000
vt 0.449712 0.054230 0.000000
vt 0.458719 0.014832 0.000000
vt 0.463935 0.015215 0.000000
vt 0.465804 0.053433 0.000000
vt 0.460448 0.053699 0.000000
vt 0.469494 0.015378 0.000000
vt 0.474726 0.015001 0.000000
vt 0.477295 0.052809 0.000000
vt 0.471665 0.053127 0.000000
vt 0.480247 0.014047 0.000000
vt 0.485422 0.012916 0.000000
vt 0.488577 0.052089 0.000000
vt 0.483181 0.052440 0.000000
vt 0.457028 0.092827 0.000000
vt 0.451902 0.093097 0.000000
vt 0.467822 0.092270 0.000000
vt 0.462514 0.092541 0.000000
vt 0.479244 0.091724 0.000000
vt 0.473649 0.091983 0.000000
vt 0.490429 0.091226 0.000000
vt 0.485089 0.091459 0.000000
vt 0.458899 0.131202 0.000000
vt 0.453838 0.131435 0.000000
vt 0.469559 0.130721 0.000000
vt 0.464317 0.130954 0.000000
vt 0.480838 0.130261 0.000000
vt 0.475313 0.130477 0.000000
vt 0.491875 0.129857 0.000000
vt 0.486608 0.130045 0.000000
vt 0.460477 0.169124 0.000000
vt 0.455471 0.169320 0.000000
vt 0.471018 0.168717 0.000000
vt 0.465835 0.168914 0.000000
vt 0.482168 0.168331 0.000000
vt 0.476707 0.168512 0.000000
vt 0.493074 0.167992 0.000000
vt 0.487870 0.168150 0.000000
vt 0.461799 0.206660 0.000000
vt 0.456840 0.206825 0.000000
vt 0.472241 0.206318 0.000000
vt 0.467107 0.206485 0.000000
vt 0.483283 0.205994 0.000000
vt 0.477875 0.206145 0.000000
vt 0.494079 0.205708 0.000000
vt 0.488928 0.205841 0.000000
vt 0.462906 0.243877 0.000000
vt 0.457985 0.244014 0.000000
vt 0.473265 0.243590 0.000000
vt 0.468172 0.243730 0.000000
vt 0.484218 0.243319 0.000000
vt 0.478855 0.243445 0.000000
vt 0.494925 0.243077 0.000000
vt 0.489816 0.243189 0.000000
vt 0.463825 0.280831 0.000000
vt 0.458935 0.280944 0.000000
vt 0.474117 0.280593 0.000000
vt 0.469057 0.280709 0.000000
vt 0.484998 0.280367 0.000000
vt 0.479670 0.280472 0.000000
vt 0.495633 0.280165 0.000000
vt 0.490559 0.280259 0.000000
vt 0.464576 0.317573 0.000000
vt 0.459711 0.317664 0.000000
vt 0.474815 0.317379 0.000000
vt 0.469780 0.317474 0.000000
vt 0.485638 0.317195 0.000000
vt 0.480338 0.317280 0.000000
vt 0.496215 0.317028 0.000000
vt 0.491169 0.317106 0.000000
vt 0.465174 0.354149 0.000000
vt 0.460329 0.354220 0.000000
vt 0.475372 0.353994 0.000000
vt 0.470358 0.354070 0.000000
vt 0.486150 0.353848 0.000000
vt 0.480873 0.353915 0.000000
vt 0.496684 0.353715 0.000000
vt 0.491658 0.353777 0.000000
vt 0.465631 0.390598 0.000000
vt 0.460800 0.390650 0.000000
vt 0.475798 0.390480 0.000000
vt 0.470800 0.390538 0.000000
vt 0.486544 0.390371 0.000000
vt 0.481283 0.390421 0.000000
vt 0.497045 0.390268 0.000000
vt 0.492035 0.390317 0.000000
vt 0.465956 0.426956 0.000000
vt 0.461135 0.426992 0.000000
vt 0.476102 0.426874 0.000000
vt 0.471114 0.426915 0.000000
vt 0.486825 0.426799 0.000000
vt 0.481575 0.426832 0.000000
vt 0.497303 0.426726 0.000000
vt 0.492305 0.426761 0.000000
vt 0.466155 0.463256 0.000000
vt 0.461340 0.463275 0.000000
vt 0.476289 0.463208 0.000000
vt 0.471307 0.463232 0.000000
vt 0.486999 0.463165 0.000000
vt 0.481755 0.463183 0.000000
vt 0.497463 0.463121 0.000000
vt 0.492471 0.463142 0.000000
vt 0.466233 0.499526 0.000000
vt 0.461420 0.499528 0.000000
vt 0.476363 0.499511 0.000000
vt 0.471383 0.499519 0.000000
vt 0.487068 0.499500 0.000000
vt 0.481827 0.499502 0.000000
vt 0.497528 0.499484 0.000000
vt 0.492538 0.499492 0.000000
vt 0.466192 0.535796 0.000000
vt 0.461377 0.535782 0.000000
vt 0.476326 0.535813 0.000000
vt 0.471344 0.535806 0.000000
vt 0.487035 0.535834 0.000000
vt 0.481792 0.535822 0.000000
vt 0.497499 0.535846 0.000000
vt 0.492507 0.535841 0.000000
vt 0.466030 0.572095 0.000000
vt 0.461209 0.572064 0.000000
vt 0.476176 0.572146 0.000000
vt 0.471188 0.572122 0.000000
vt 0.486899 0.572199 0.000000
vt 0.481649 0.572171 0.000000
vt 0.497378 0.572239 0.000000
vt 0.492379 0.572221 0.000000
vt 0.465741 0.608455 0.000000
vt 0.460910 0.608407 0.000000
vt 0.475910 0.608542 0.000000
vt 0.470911 0.608501 0.000000
vt 0.486658 0.608630 0.000000
vt 0.481395 0.608585 0.000000
vt 0.497161 0.608699 0.000000
vt 0.492150 0.608667 0.000000
vt 0.465317 0.644912 0.000000
vt 0.460470 0.644845 0.000000
vt 0.475519 0.645038 0.000000
vt 0.470503 0.644978 0.000000
vt 0.486302 0.645163 0.000000
vt 0.481022 0.645101 0.000000
vt 0.496842 0.645263 0.000000
vt 0.491813 0.645217 0.000000
vt 0.464743 0.681508 0.000000
vt 0.459874 0.681419 0.000000
vt 0.474990 0.681676 0.000000
vt 0.469952 0.681596 0.000000
vt 0.485823 0.681842 0.000000
vt 0.480518 0.681761 0.000000
vt 0.496412 0.681977 0.000000
vt 0.491360 0.681915 0.000000
vt 0.464006 0.718287 0.000000
vt 0.459110 0.718175 0.000000
vt 0.474311 0.718503 0.000000
vt 0.469244 0.718399 0.000000
vt 0.485206 0.718714 0.000000
vt 0.479871 0.718611 0.000000
vt 0.495859 0.718888 0.000000
vt 0.490776 0.718808 0.000000
vt 0.463084 0.755294 0.000000
vt 0.458155 0.755155 0.000000
vt 0.473460 0.755563 0.000000
vt 0.468358 0.755434 0.000000
vt 0.484434 0.755826 0.000000
vt 0.479060 0.755699 0.000000
vt 0.495165 0.756045 0.000000
vt 0.490045 0.755945 0.000000
vt 0.461952 0.792583 0.000000
vt 0.456981 0.792414 0.000000
vt 0.472416 0.792913 0.000000
vt 0.467271 0.792754 0.000000
vt 0.483485 0.793234 0.000000
vt 0.478065 0.793079 0.000000
vt 0.494312 0.793503 0.000000
vt 0.489146 0.793379 0.000000
vt 0.460582 0.830215 0.000000
vt 0.455562 0.830012 0.000000
vt 0.471154 0.830615 0.000000
vt 0.465955 0.830423 0.000000
vt 0.482338 0.831003 0.000000
vt 0.476860 0.830816 0.000000
vt 0.493281 0.831329 0.000000
vt 0.488059 0.831179 0.000000
vt 0.458941 0.868263 0.000000
vt 0.453861 0.868021 0.000000
vt 0.469640 0.868740 0.000000
vt 0.464378 0.868510 0.000000
vt 0.480962 0.869204 0.000000
vt 0.475416 0.868981 0.000000
vt 0.492044 0.869599 0.000000
vt 0.486755 0.869417 0.000000
vt 0.456999 0.906796 0.000000
vt 0.451850 0.906517 0.000000
vt 0.467841 0.907351 0.000000
vt 0.462509 0.907083 0.000000
vt 0.479314 0.907903 0.000000
vt 0.473693 0.907635 0.000000
vt 0.490552 0.908393 0.000000
vt 0.485187 0.908165 0.000000
vt 0.454801 0.945836 0.000000
vt 0.449586 0.945569 0.000000
vt 0.465755 0.946375 0.000000
vt 0.460373 0.946111 0.000000
vt 0.477306 0.947007 0.000000
vt 0.471648 0.946679 0.000000
vt 0.488646 0.947725 0.000000
vt 0.483222 0.947376 0.000000
vt 0.447753 0.985136 0.000000
vt 0.490958 0.011987 0.000000
vt 0.490990 0.988067 0.000000
vt 0.453005 0.985379 0.000000
vt 0.494179 0.051728 0.000000
vt 0.458578 0.985161 0.000000
vt 0.463823 0.984783 0.000000
vt 0.469414 0.984627 0.000000
vt 0.474675 0.985012 0.000000
vt 0.480220 0.985980 0.000000
vt 0.485422 0.987126 0.000000
vt 0.495960 0.090996 0.000000
vt 0.497328 0.129673 0.000000
vt 0.498461 0.167838 0.000000
vt 0.499411 0.205578 0.000000
vt 0.500212 0.242967 0.000000
vt 0.500884 0.280072 0.000000
vt 0.501438 0.316952 0.000000
vt 0.501884 0.353653 0.000000
vt 0.502229 0.390222 0.000000
vt 0.502476 0.426693 0.000000
vt 0.502629 0.463101 0.000000
vt 0.502692 0.499477 0.000000
vt 0.502665 0.535852 0.000000
vt 0.502551 0.572257 0.000000
vt 0.502346 0.608731 0.000000
vt 0.502045 0.645309 0.000000
vt 0.501640 0.682039 0.000000
vt 0.501119 0.718968 0.000000
vt 0.500464 0.756146 0.000000
vt 0.499659 0.793626 0.000000
vt 0.498687 0.831478 0.000000
vt 0.497519 0.869779 0.000000
vt 0.496110 0.908621 0.000000
vt 0.494281 0.948087 0.000000
vt 0.387357 0.014841 0.000000
vt 0.392586 0.014606 0.000000
vt 0.394315 0.053972 0.000000
vt 0.389124 0.054230 0.000000
vt 0.398132 0.014832 0.000000
vt 0.403348 0.015215 0.000000
vt 0.405216 0.053433 0.000000
vt 0.399861 0.053699 0.000000
vt 0.408906 0.015378 0.000000
vt 0.414139 0.015001 0.000000
vt 0.416707 0.052809 0.000000
vt 0.411078 0.053127 0.000000
vt 0.419660 0.014047 0.000000
vt 0.424834 0.012916 0.000000
vt 0.427989 0.052089 0.000000
vt 0.422593 0.052440 0.000000
vt 0.396441 0.092827 0.000000
vt 0.391315 0.093097 0.000000
vt 0.407235 0.092270 0.000000
vt 0.401927 0.092541 0.000000
vt 0.418656 0.091724 0.000000
vt 0.413061 0.091983 0.000000
vt 0.429842 0.091226 0.000000
vt 0.424502 0.091459 0.000000
vt 0.398312 0.131202 0.000000
vt 0.393251 0.131435 0.000000
vt 0.408971 0.130721 0.000000
vt 0.403729 0.130954 0.000000
vt 0.420251 0.130261 0.000000
vt 0.414726 0.130477 0.000000
vt 0.431288 0.129857 0.000000
vt 0.426020 0.130045 0.000000
vt 0.399890 0.169124 0.000000
vt 0.394884 0.169320 0.000000
vt 0.410430 0.168717 0.000000
vt 0.405247 0.168914 0.000000
vt 0.421581 0.168331 0.000000
vt 0.416120 0.168512 0.000000
vt 0.432487 0.167992 0.000000
vt 0.427283 0.168150 0.000000
vt 0.401212 0.206660 0.000000
vt 0.396253 0.206825 0.000000
vt 0.411653 0.206318 0.000000
vt 0.406519 0.206485 0.000000
vt 0.422695 0.205994 0.000000
vt 0.417288 0.206145 0.000000
vt 0.433492 0.205708 0.000000
vt 0.428340 0.205841 0.000000
vt 0.402319 0.243877 0.000000
vt 0.397398 0.244014 0.000000
vt 0.412678 0.243590 0.000000
vt 0.407584 0.243730 0.000000
vt 0.423631 0.243319 0.000000
vt 0.418267 0.243445 0.000000
vt 0.434338 0.243077 0.000000
vt 0.429229 0.243189 0.000000
vt 0.403238 0.280831 0.000000
vt 0.398348 0.280944 0.000000
vt 0.413530 0.280593 0.000000
vt 0.408469 0.280709 0.000000
vt 0.424410 0.280367 0.000000
vt 0.419083 0.280472 0.000000
vt 0.435045 0.280165 0.000000
vt 0.429971 0.280259 0.000000
vt 0.403988 0.317573 0.000000
vt 0.399123 0.317664 0.000000
vt 0.414227 0.317379 0.000000
vt 0.409193 0.317474 0.000000
vt 0.425050 0.317195 0.000000
vt 0.419751 0.317280 0.000000
vt 0.435628 0.317028 0.000000
vt 0.430581 0.317106 0.000000
vt 0.404587 0.354149 0.000000
vt 0.399741 0.354220 0.000000
vt 0.414784 0.353994 0.000000
vt 0.409771 0.354070 0.000000
vt 0.425563 0.353848 0.000000
vt 0.420286 0.353915 0.000000
vt 0.436097 0.353715 0.000000
vt 0.431071 0.353777 0.000000
vt 0.405043 0.390598 0.000000
vt 0.400212 0.390650 0.000000
vt 0.415211 0.390480 0.000000
vt 0.410212 0.390538 0.000000
vt 0.425957 0.390371 0.000000
vt 0.420695 0.390421 0.000000
vt 0.436457 0.390268 0.000000
vt 0.431448 0.390317 0.000000
vt 0.405369 0.426956 0.000000
vt 0.400547 0.426992 0.000000
vt 0.415515 0.426874 0.000000
vt 0.410527 0.426915 0.000000
vt 0.426238 0.426799 0.000000
vt 0.420988 0.426832 0.000000
vt 0.436716 0.426726 0.000000
vt 0.431717 0.426761 0.000000
vt 0.405568 0.463256 0.000000
vt 0.400753 0.463275 0.000000
vt 0.415702 0.463208 0.000000
vt 0.410720 0.463232 0.000000
vt 0.426411 0.463165 0.000000
vt 0.421168 0.463183 0.000000
vt 0.436876 0.463121 0.000000
vt 0.431883 0.463142 0.000000
vt 0.405646 0.499526 0.000000
vt 0.400833 0.499528 0.000000
vt 0.415776 0.499511 0.000000
vt 0.410796 0.499519 0.000000
vt 0.426481 0.499500 0.000000
vt 0.421240 0.499502 0.000000
vt 0.436941 0.499484 0.000000
vt 0.431950 0.499492 0.000000
vt 0.405605 0.535796 0.000000
vt 0.400789 0.535782 0.000000
vt 0.415738 0.535813 0.000000
vt 0.410756 0.535806 0.000000
vt 0.426447 0.535834 0.000000
vt 0.421204 0.535822 0.000000
vt 0.436912 0.535846 0.000000
vt 0.431919 0.535841 0.000000
vt 0.405443 0.572095 0.000000
vt 0.400621 0.572064 0.000000
vt 0.415589 0.572146 0.000000
vt 0.410601 0.572122 0.000000
vt 0.426312 0.572199 0.000000
vt 0.421062 0.572171 0.000000
vt 0.436790 0.572239 0.000000
vt 0.431791 0.572221 0.000000
vt 0.405154 0.608455 0.000000
vt 0.400322 0.608407 0.000000
vt 0.415323 0.608542 0.000000
vt 0.410323 0.608501 0.000000
vt 0.426070 0.608630 0.000000
vt 0.420808 0.608585 0.000000
vt 0.436573 0.608699 0.000000
vt 0.431562 0.608667 0.000000
vt 0.404729 0.644912 0.000000
vt 0.399882 0.644845 0.000000
vt 0.414931 0.645038 0.000000
vt 0.409915 0.644978 0.000000
vt 0.425715 0.645163 0.000000
vt 0.420435 0.645101 0.000000
vt 0.436254 0.645263 0.000000
vt 0.431226 0.645217 0.000000
vt 0.404155 0.681508 0.000000
vt 0.399287 0.681419 0.000000
vt 0.414403 0.681676 0.000000
vt 0.409364 0.681596 0.000000
vt 0.425236 0.681842 0.000000
vt 0.419931 0.681761 0.000000
vt 0.435825 0.681977 0.000000
vt 0.430772 0.681915 0.000000
vt 0.403418 0.718287 0.000000
vt 0.398523 0.718175 0.000000
vt 0.413723 0.718503 0.000000
vt 0.408656 0.718399 0.000000
vt 0.424619 0.718714 0.000000
vt 0.419284 0.718611 0.000000
vt 0.435271 0.718888 0.000000
vt 0.430189 0.718808 0.000000
vt 0.402496 0.755294 0.000000
vt 0.397567 0.755155 0.000000
vt 0.412873 0.755563 0.000000
vt 0.407771 0.755434 0.000000
vt 0.423847 0.755826 0.000000
vt 0.418473 0.755699 0.000000
vt 0.434577 0.756045 0.000000
vt 0.429457 0.755945 0.000000
vt 0.401365 0.792583 0.000000
vt 0.396394 0.792414 0.000000
vt 0.411829 0.792913 0.000000
vt 0.406683 0.792754 0.000000
vt 0.422898 0.793234 0.000000
vt 0.417477 0.793079 0.000000
vt 0.433725 0.793503 0.000000
vt 0.428558 0.793379 0.000000
vt 0.399995 0.830215 0.000000
vt 0.394974 0.830012 0.000000
vt 0.410566 0.830615 0.000000
vt 0.405368 0.830423 0.000000
vt 0.421751 0.831003 0.000000
vt 0.416273 0.830816 0.000000
vt 0.432694 0.831329 0.000000
vt 0.427472 0.831179 0.000000
vt 0.398354 0.868263 0.000000
vt 0.393273 0.868021 0.000000
vt 0.409052 0.868740 0.000000
vt 0.403791 0.868510 0.000000
vt 0.420374 0.869204 0.000000
vt 0.414829 0.868981 0.000000
vt 0.431456 0.869599 0.000000
vt 0.426168 0.869417 0.000000
vt 0.396411 0.906796 0.000000
vt 0.391262 0.906517 0.000000
vt 0.407253 0.907351 0.000000
vt 0.401922 0.907083 0.000000
vt 0.418726 0.907903 0.000000
vt 0.413106 0.907635 0.000000
vt 0.429965 0.908393 0.000000
vt 0.424599 0.908165 0.000000
vt 0.394213 0.945836 0.000000
vt 0.388999 0.945569 0.000000
vt 0.405168 0.946375 0.000000
vt 0.399785 0.946111 0.000000
vt 0.416719 0.947007 0.000000
vt 0.411061 0.946679 0.000000
vt 0.428059 0.947725 0.000000
vt 0.422634 0.947376 0.000000
vt 0.387166 0.985136 0.000000
vt 0.430370 0.011987 0.000000
vt 0.430402 0.988067 0.000000
vt 0.392418 0.985379 0.000000
vt 0.433592 0.051728 0.000000
vt 0.397991 0.985161 0.000000
vt 0.403235 0.984783 0.000000
vt 0.408827 0.984627 0.000000
vt 0.414087 0.985012 0.000000
vt 0.419633 0.985980 0.000000
vt 0.424834 0.987126 0.000000
vt 0.435372 0.090996 0.000000
vt 0.436741 0.129673 0.000000
vt 0.437874 0.167838 0.000000
vt 0.438824 0.205578 0.000000
vt 0.439625 0.242967 0.000000
vt 0.440296 0.280072 0.000000
vt 0.440850 0.316952 0.000000
vt 0.441297 0.353653 0.000000
vt 0.441641 0.390222 0.000000
vt 0.441889 0.426693 0.000000
vt 0.442042 0.463101 0.000000
vt 0.442104 0.499477 0.000000
vt 0.442078 0.535852 0.000000
vt 0.441963 0.572257 0.000000
vt 0.441759 0.608731 0.000000
vt 0.441458 0.645309 0.000000
vt 0.441053 0.682039 0.000000
vt 0.440531 0.718968 0.000000
vt 0.439876 0.756146 0.000000
vt 0.439072 0.793626 0.000000
vt 0.438099 0.831478 0.000000
vt 0.436932 0.869779 0.000000
vt 0.435523 0.908621 0.000000
vt 0.433693 0.948087 0.000000
vt 0.875714 0.015193 0.000000
vt 0.875714 0.024690 0.000000
vt 0.875714 0.034188 0.000000
vt 0.875714 0.043685 0.000000
vt 0.875714 0.053183 0.000000
vt 0.875714 0.062680 0.000000
vt 0.875714 0.072178 0.000000
vt 0.875714 0.081675 0.000000
vt 0.875714 0.091173 0.000000
vt 0.875714 0.100670 0.000000
vt 0.875714 0.110168 0.000000
vt 0.875714 0.119665 0.000000
vt 0.894709 0.015193 0.000000
vt 0.894709 0.024690 0.000000
vt 0.894709 0.034188 0.000000
vt 0.894709 0.043685 0.000000
vt 0.894709 0.053183 0.000000
vt 0.894709 0.062680 0.000000
vt 0.894709 0.072178 0.000000
vt 0.894709 0.081675 0.000000
vt 0.894709 0.091173 0.000000
vt 0.894709 0.100670 0.000000
vt 0.894709 0.110168 0.000000
vt 0.894709 0.119665 0.000000
vt 0.894709 0.129163 0.000000
vt 0.913704 0.015193 0.000000
vt 0.913704 0.024690 0.000000
vt 0.913704 0.034188 0.000000
vt 0.913704 0.043685 0.000000
vt 0.913704 0.053183 0.000000
vt 0.913704 0.062680 0.000000
vt 0.913704 0.072178 0.000000
vt 0.913704 0.081675 0.000000
vt 0.913704 0.091173 0.000000
vt 0.913704 0.100670 0.000000
vt 0.913704 0.110168 0.000000
vt 0.913704 0.119665 0.000000
vt 0.913704 0.129163 0.000000
vt 0.932699 0.015193 0.000000
vt 0.932699 0.024690 0.000000
vt 0.932699 0.034188 0.000000
vt 0.932699 0.043685 0.000000
vt 0.932699 0.053183 0.000000
vt 0.932699 0.062680 0.000000
vt 0.932699 0.072178 0.000000
vt 0.932699 0.081675 0.000000
vt 0.932699 0.091173 0.000000
vt 0.932699 0.100670 0.000000
vt 0.932699 0.110168 0.000000
vt 0.932699 0.119665 0.000000
vt 0.932699 0.129163 0.000000
vt 0.951693 0.015193 0.000000
vt 0.951693 0.024690 0.000000
vt 0.951693 0.034188 0.000000
vt 0.951693 0.043685 0.000000
vt 0.951693 0.053183 0.000000
vt 0.951693 0.062680 0.000000
vt 0.951693 0.072178 0.000000
vt 0.951693 0.081675 0.000000
vt 0.951693 0.091173 0.000000
vt 0.951693 0.100670 0.000000
vt 0.951693 0.110168 0.000000
vt 0.951693 0.119665 0.000000
vt 0.951693 0.129163 0.000000
vt 0.970688 0.015193 0.000000
vt 0.970688 0.024690 0.000000
vt 0.970688 0.034188 0.000000
vt 0.970688 0.043685 0.000000
vt 0.970688 0.053183 0.000000
vt 0.970689 0.062680 0.000000
vt 0.970689 0.072178 0.000000
vt 0.970689 0.081675 0.000000
vt 0.970689 0.091173 0.000000
vt 0.970689 0.100670 0.000000
vt 0.970689 0.110168 0.000000
vt 0.970689 0.119665 0.000000
vt 0.970689 0.129163 0.000000
vt 0.989683 0.015193 0.000000
vt 0.989683 0.024690 0.000000
vt 0.989683 0.034188 0.000000
vt 0.989683 0.043685 0.000000
vt 0.989683 0.053183 0.000000
vt 0.989683 0.062680 0.000000
vt 0.989683 0.072178 0.000000
vt 0.989683 0.081675 0.000000
vt 0.989683 0.091173 0.000000
vt 0.989683 0.100670 0.000000
vt 0.989683 0.110168 0.000000
vt 0.989683 0.119665 0.000000
vt 0.757903 0.014791 0.000000
vt 0.757903 0.024288 0.000000
vt 0.757903 0.033786 0.000000
vt 0.757903 0.043283 0.000000
vt 0.757903 0.052781 0.000000
vt 0.757903 0.062278 0.000000
vt 0.757903 0.071776 0.000000
vt 0.757903 0.081273 0.000000
vt 0.757903 0.090771 0.000000
vt 0.757903 0.100268 0.000000
vt 0.757903 0.109766 0.000000
vt 0.757903 0.119263 0.000000
vt 0.776898 0.014791 0.000000
vt 0.776898 0.024288 0.000000
vt 0.776898 0.033786 0.000000
vt 0.776898 0.043283 0.000000
vt 0.776898 0.052781 0.000000
vt 0.776898 0.062278 0.000000
vt 0.776898 0.071776 0.000000
vt 0.776898 0.081273 0.000000
vt 0.776898 0.090771 0.000000
vt 0.776898 0.100268 0.000000
vt 0.776898 0.109766 0.000000
vt 0.776898 0.119263 0.000000
vt 0.776898 0.128761 0.000000
vt 0.795893 0.014791 0.000000
vt 0.795893 0.024288 0.000000
vt 0.795893 0.033786 0.000000
vt 0.795893 0.043283 0.000000
vt 0.795893 0.052781 0.000000
vt 0.795893 0.062278 0.000000
vt 0.795893 0.071776 0.000000
vt 0.795893 0.081273 0.000000
vt 0.795893 0.090771 0.000000
vt 0.795893 0.100268 0.000000
vt 0.795893 0.109766 0.000000
vt 0.795893 0.119263 0.000000
vt 0.795893 0.128761 0.000000
vt 0.814888 0.014791 0.000000
vt 0.814888 0.024288 0.000000
vt 0.814888 0.033786 0.000000
vt 0.814888 0.043283 0.000000
vt 0.814888 0.052781 0.000000
vt 0.814888 0.062278 0.000000
vt 0.814888 0.071776 0.000000
vt 0.814888 0.081273 0.000000
vt 0.814888 0.090771 0.000000
vt 0.814888 0.100268 0.000000
vt 0.814888 0.109766 0.000000
vt 0.814888 0.119263 0.000000
vt 0.814888 0.128761 0.000000
vt 0.833883 0.014791 0.000000
vt 0.833883 0.024288 0.000000
vt 0.833883 0.033786 0.000000
vt 0.833883 0.043283 0.000000
vt 0.833883 0.052781 0.000000
vt 0.833883 0.062278 0.000000
vt 0.833883 0.071776 0.000000
vt 0.833883 0.081273 0.000000
vt 0.833883 0.090771 0.000000
vt 0.833883 0.100268 0.000000
vt 0.833883 0.109766 0.000000
vt 0.833883 0.119263 0.000000
vt 0.833883 0.128761 0.000000
vt 0.852878 0.014791 0.000000
vt 0.852878 0.024288 0.000000
vt 0.852878 0.033786 0.000000
vt 0.852878 0.043283 0.000000
vt 0.852878 0.052781 0.000000
vt 0.852878 0.062278 0.000000
vt 0.852878 0.071776 0.000000
vt 0.852878 0.081273 0.000000
vt 0.852878 0.090771 0.000000
vt 0.852878 0.100268 0.000000
vt 0.852878 0.109766 0.000000
vt 0.852878 0.119263 0.000000
vt 0.852878 0.128761 0.000000
vt 0.871873 0.014791 0.000000
vt 0.871873 0.024288 0.000000
vt 0.871873 0.033786 0.000000
vt 0.871873 0.043283 0.000000
vt 0.871873 0.052781 0.000000
vt 0.871873 0.062278 0.000000
vt 0.871873 0.071776 0.000000
vt 0.871873 0.081273 0.000000
vt 0.871873 0.090771 0.000000
vt 0.871873 0.100268 0.000000
vt 0.871873 0.109766 0.000000
vt 0.871873 0.119263 0.000000
vt 0.880803 0.135208 0.000000
vt 0.880803 0.144706 0.000000
vt 0.880803 0.154203 0.000000
vt 0.880803 0.163701 0.000000
vt 0.880803 0.173198 0.000000
vt 0.880803 0.182696 0.000000
vt 0.880803 0.192193 0.000000
vt 0.880803 0.201691 0.000000
vt 0.880803 0.211188 0.000000
vt 0.880803 0.220686 0.000000
vt 0.880803 0.230183 0.000000
vt 0.880803 0.239681 0.000000
vt 0.899798 0.135208 0.000000
vt 0.899798 0.144706 0.000000
vt 0.899798 0.154203 0.000000
vt 0.899798 0.163701 0.000000
vt 0.899798 0.173198 0.000000
vt 0.899798 0.182696 0.000000
vt 0.899798 0.192193 0.000000
vt 0.899798 0.201691 0.000000
vt 0.899798 0.211188 0.000000
vt 0.899798 0.220686 0.000000
vt 0.899798 0.230183 0.000000
vt 0.899798 0.239681 0.000000
vt 0.899798 0.249178 0.000000
vt 0.918793 0.135208 0.000000
vt 0.918793 0.144706 0.000000
vt 0.918793 0.154203 0.000000
vt 0.918793 0.163701 0.000000
vt 0.918793 0.173198 0.000000
vt 0.918793 0.182696 0.000000
vt 0.918793 0.192193 0.000000
vt 0.918793 0.201691 0.000000
vt 0.918793 0.211188 0.000000
vt 0.918793 0.220686 0.000000
vt 0.918793 0.230183 0.000000
vt 0.918793 0.239681 0.000000
vt 0.918793 0.249178 0.000000
vt 0.937788 0.135208 0.000000
vt 0.937788 0.144706 0.000000
vt 0.937788 0.154203 0.000000
vt 0.937788 0.163701 0.000000
vt 0.937788 0.173198 0.000000
vt 0.937788 0.182696 0.000000
vt 0.937788 0.192193 0.000000
vt 0.937788 0.201691 0.000000
vt 0.937788 0.211188 0.000000
vt 0.937788 0.220686 0.000000
vt 0.937788 0.230183 0.000000
vt 0.937788 0.239681 0.000000
vt 0.937788 0.249178 0.000000
vt 0.956783 0.135208 0.000000
vt 0.956783 0.144706 0.000000
vt 0.956783 0.154203 0.000000
vt 0.956783 0.163701 0.000000
vt 0.956783 0.173198 0.000000
vt 0.956783 0.182696 0.000000
vt 0.956783 0.192193 0.000000
vt 0.956783 0.201691 0.000000
vt 0.956783 0.211188 0.000000
vt 0.956783 0.220686 0.000000
vt 0.956783 0.230183 0.000000
vt 0.956783 0.239681 0.000000
vt 0.956783 0.249178 0.000000
vt 0.975778 0.135208 0.000000
vt 0.975778 0.144706 0.000000
vt 0.975778 0.154203 0.000000
vt 0.975778 0.163701 0.000000
vt 0.975778 0.173198 0.000000
vt 0.975778 0.182696 0.000000
vt 0.975778 0.192193 0.000000
vt 0.975778 0.201691 0.000000
vt 0.975778 0.211188 0.000000
vt 0.975778 0.220686 0.000000
vt 0.975778 0.230183 0.000000
vt 0.975778 0.239681 0.000000
vt 0.975778 0.249178 0.000000
vt 0.994773 0.135208 0.000000
vt 0.994773 0.144706 0.000000
vt 0.994773 0.154203 0.000000
vt 0.994773 0.163701 0.000000
vt 0.994773 0.173198 0.000000
vt 0.994773 0.182696 0.000000
vt 0.994773 0.192193 0.000000
vt 0.994773 0.201691 0.000000
vt 0.994773 0.211188 0.000000
vt 0.994773 0.220686 0.000000
vt 0.994773 0.230183 0.000000
vt 0.994773 0.239681 0.000000
vt 0.077834 0.014841 0.000000
vt 0.083062 0.014606 0.000000
vt 0.084791 0.053972 0.000000
vt 0.079601 0.054230 0.000000
vt 0.088608 0.014832 0.000000
vt 0.093824 0.015215 0.000000
vt 0.095693 0.053433 0.000000
vt 0.090337 0.053699 0.000000
vt 0.099383 0.015378 0.000000
vt 0.104615 0.015001 0.000000
vt 0.107184 0.052809 0.000000
vt 0.101554 0.053127 0.000000
vt 0.110136 0.014047 0.000000
vt 0.115311 0.012916 0.000000
vt 0.118465 0.052089 0.000000
vt 0.113070 0.052440 0.000000
vt 0.086917 0.092827 0.000000
vt 0.081791 0.093097 0.000000
vt 0.097711 0.092270 0.000000
vt 0.092403 0.092541 0.000000
vt 0.109133 0.091724 0.000000
vt 0.103538 0.091983 0.000000
vt 0.120318 0.091226 0.000000
vt 0.114978 0.091459 0.000000
vt 0.088788 0.131202 0.000000
vt 0.083727 0.131435 0.000000
vt 0.099448 0.130721 0.000000
vt 0.094206 0.130954 0.000000
vt 0.110727 0.130261 0.000000
vt 0.105202 0.130477 0.000000
vt 0.121764 0.129857 0.000000
vt 0.116497 0.130045 0.000000
vt 0.090366 0.169124 0.000000
vt 0.085360 0.169320 0.000000
vt 0.100907 0.168717 0.000000
vt 0.095724 0.168914 0.000000
vt 0.112057 0.168331 0.000000
vt 0.106596 0.168512 0.000000
vt 0.122963 0.167992 0.000000
vt 0.117759 0.168150 0.000000
vt 0.091688 0.206660 0.000000
vt 0.086729 0.206825 0.000000
vt 0.102130 0.206318 0.000000
vt 0.096996 0.206485 0.000000
vt 0.113172 0.205994 0.000000
vt 0.107764 0.206145 0.000000
vt 0.123968 0.205708 0.000000
vt 0.118817 0.205841 0.000000
vt 0.092795 0.243877 0.000000
vt 0.087874 0.244014 0.000000
vt 0.103154 0.243590 0.000000
vt 0.098061 0.243730 0.000000
vt 0.114107 0.243319 0.000000
vt 0.108744 0.243445 0.000000
vt 0.124814 0.243077 0.000000
vt 0.119705 0.243189 0.000000
vt 0.093714 0.280831 0.000000
vt 0.088824 0.280944 0.000000
vt 0.104006 0.280593 0.000000
vt 0.098946 0.280709 0.000000
vt 0.114887 0.280367 0.000000
vt 0.109559 0.280472 0.000000
vt 0.125522 0.280165 0.000000
vt 0.120447 0.280259 0.000000
vt 0.094464 0.317573 0.000000
vt 0.089600 0.317664 0.000000
vt 0.104703 0.317379 0.000000
vt 0.099669 0.317474 0.000000
vt 0.115527 0.317195 0.000000
vt 0.110227 0.317280 0.000000
vt 0.126104 0.317028 0.000000
vt 0.121058 0.317106 0.000000
vt 0.095063 0.354149 0.000000
vt 0.090218 0.354220 0.000000
vt 0.105261 0.353994 0.000000
vt 0.100247 0.354070 0.000000
vt 0.116039 0.353848 0.000000
vt 0.110762 0.353915 0.000000
vt 0.126573 0.353715 0.000000
vt 0.121547 0.353777 0.000000
vt 0.095520 0.390598 0.000000
vt 0.090689 0.390650 0.000000
vt 0.105687 0.390480 0.000000
vt 0.100688 0.390538 0.000000
vt 0.116433 0.390371 0.000000
vt 0.111172 0.390421 0.000000
vt 0.126934 0.390268 0.000000
vt 0.121924 0.390317 0.000000
vt 0.095845 0.426956 0.000000
vt 0.091024 0.426992 0.000000
vt 0.105991 0.426874 0.000000
vt 0.101003 0.426915 0.000000
vt 0.116714 0.426799 0.000000
vt 0.111464 0.426832 0.000000
vt 0.127192 0.426726 0.000000
vt 0.122193 0.426761 0.000000
vt 0.096044 0.463256 0.000000
vt 0.091229 0.463275 0.000000
vt 0.106178 0.463208 0.000000
vt 0.101196 0.463232 0.000000
vt 0.116888 0.463165 0.000000
vt 0.111644 0.463183 0.000000
vt 0.127352 0.463121 0.000000
vt 0.122360 0.463142 0.000000
vt 0.096122 0.499526 0.000000
vt 0.091309 0.499528 0.000000
vt 0.106252 0.499511 0.000000
vt 0.101272 0.499519 0.000000
vt 0.116957 0.499500 0.000000
vt 0.111716 0.499502 0.000000
vt 0.127417 0.499484 0.000000
vt 0.122427 0.499492 0.000000
vt 0.096081 0.535796 0.000000
vt 0.091266 0.535782 0.000000
vt 0.106215 0.535813 0.000000
vt 0.101233 0.535806 0.000000
vt 0.116924 0.535834 0.000000
vt 0.111681 0.535822 0.000000
vt 0.127388 0.535846 0.000000
vt 0.122396 0.535841 0.000000
vt 0.095919 0.572095 0.000000
vt 0.091098 0.572064 0.000000
vt 0.106065 0.572146 0.000000
vt 0.101077 0.572122 0.000000
vt 0.116788 0.572199 0.000000
vt 0.111538 0.572171 0.000000
vt 0.127267 0.572239 0.000000
vt 0.122268 0.572221 0.000000
vt 0.095630 0.608455 0.000000
vt 0.090799 0.608407 0.000000
vt 0.105799 0.608542 0.000000
vt 0.100800 0.608501 0.000000
vt 0.116547 0.608630 0.000000
vt 0.111284 0.608585 0.000000
vt 0.127050 0.608699 0.000000
vt 0.122039 0.608667 0.000000
vt 0.095206 0.644912 0.000000
vt 0.090358 0.644845 0.000000
vt 0.105408 0.645038 0.000000
vt 0.100392 0.644978 0.000000
vt 0.116191 0.645163 0.000000
vt 0.110911 0.645101 0.000000
vt 0.126731 0.645263 0.000000
vt 0.121702 0.645217 0.000000
vt 0.094632 0.681508 0.000000
vt 0.089763 0.681419 0.000000
vt 0.104879 0.681676 0.000000
vt 0.099841 0.681596 0.000000
vt 0.115712 0.681842 0.000000
vt 0.110407 0.681761 0.000000
vt 0.126301 0.681977 0.000000
vt 0.121249 0.681915 0.000000
vt 0.093895 0.718287 0.000000
vt 0.088999 0.718175 0.000000
vt 0.104200 0.718503 0.000000
vt 0.099133 0.718399 0.000000
vt 0.115095 0.718714 0.000000
vt 0.109760 0.718611 0.000000
vt 0.125748 0.718888 0.000000
vt 0.120665 0.718808 0.000000
vt 0.092973 0.755294 0.000000
vt 0.088044 0.755155 0.000000
vt 0.103349 0.755563 0.000000
vt 0.098247 0.755434 0.000000
vt 0.114323 0.755826 0.000000
vt 0.108949 0.755699 0.000000
vt 0.125054 0.756045 0.000000
vt 0.119933 0.755945 0.000000
vt 0.091841 0.792583 0.000000
vt 0.086870 0.792414 0.000000
vt 0.102306 0.792913 0.000000
vt 0.097160 0.792754 0.000000
vt 0.113374 0.793234 0.000000
vt 0.107954 0.793079 0.000000
vt 0.124201 0.793503 0.000000
vt 0.119035 0.793379 0.000000
vt 0.090471 0.830215 0.000000
vt 0.085451 0.830012 0.000000
vt 0.101043 0.830615 0.000000
vt 0.095844 0.830423 0.000000
vt 0.112227 0.831003 0.000000
vt 0.106749 0.830816 0.000000
vt 0.123170 0.831329 0.000000
vt 0.117948 0.831179 0.000000
vt 0.088830 0.868263 0.000000
vt 0.083750 0.868021 0.000000
vt 0.099529 0.868740 0.000000
vt 0.094267 0.868510 0.000000
vt 0.110851 0.869204 0.000000
vt 0.105305 0.868981 0.000000
vt 0.121933 0.869599 0.000000
vt 0.116644 0.869417 0.000000
vt 0.086888 0.906796 0.000000
vt 0.081739 0.906517 0.000000
vt 0.097730 0.907351 0.000000
vt 0.092398 0.907083 0.000000
vt 0.109203 0.907903 0.000000
vt 0.103582 0.907635 0.000000
vt 0.120441 0.908393 0.000000
vt 0.115076 0.908165 0.000000
vt 0.084690 0.945836 0.000000
vt 0.079475 0.945569 0.000000
vt 0.095644 0.946375 0.000000
vt 0.090262 0.946111 0.000000
vt 0.107195 0.947007 0.000000
vt 0.101537 0.946679 0.000000
vt 0.118535 0.947725 0.000000
vt 0.113110 0.947376 0.000000
vt 0.077642 0.985136 0.000000
vt 0.120847 0.011987 0.000000
vt 0.120878 0.988067 0.000000
vt 0.082894 0.985379 0.000000
vt 0.124068 0.051728 0.000000
vt 0.088467 0.985161 0.000000
vt 0.093711 0.984783 0.000000
vt 0.099303 0.984627 0.000000
vt 0.104564 0.985012 0.000000
vt 0.110109 0.985980 0.000000
vt 0.115311 0.987126 0.000000
vt 0.125849 0.090996 0.000000
vt 0.127217 0.129673 0.000000
vt 0.128350 0.167838 0.000000
vt 0.129300 0.205578 0.000000
vt 0.130101 0.242967 0.000000
vt 0.130773 0.280072 0.000000
vt 0.131327 0.316952 0.000000
vt 0.131773 0.353653 0.000000
vt 0.132118 0.390222 0.000000
vt 0.132365 0.426693 0.000000
vt 0.132518 0.463101 0.000000
vt 0.132581 0.499477 0.000000
vt 0.132554 0.535852 0.000000
vt 0.132440 0.572257 0.000000
vt 0.132235 0.608731 0.000000
vt 0.131934 0.645309 0.000000
vt 0.131529 0.682039 0.000000
vt 0.131008 0.718968 0.000000
vt 0.130353 0.756146 0.000000
vt 0.129548 0.793626 0.000000
vt 0.128575 0.831478 0.000000
vt 0.127408 0.869779 0.000000
vt 0.125999 0.908621 0.000000
vt 0.124170 0.948087 0.000000
vt 0.015227 0.014841 0.000000
vt 0.020455 0.014606 0.000000
vt 0.022184 0.053972 0.000000
vt 0.016994 0.054230 0.000000
vt 0.026001 0.014832 0.000000
vt 0.031217 0.015215 0.000000
vt 0.033086 0.053433 0.000000
vt 0.027730 0.053699 0.000000
vt 0.036776 0.015378 0.000000
vt 0.042008 0.015001 0.000000
vt 0.044577 0.052809 0.000000
vt 0.038947 0.053127 0.000000
vt 0.047529 0.014047 0.000000
vt 0.052704 0.012916 0.000000
vt 0.055859 0.052089 0.000000
vt 0.050463 0.052440 0.000000
vt 0.024310 0.092827 0.000000
vt 0.019184 0.093097 0.000000
vt 0.035104 0.092270 0.000000
vt 0.029796 0.092541 0.000000
vt 0.046526 0.091724 0.000000
vt 0.040931 0.091983 0.000000
vt 0.057711 0.091226 0.000000
vt 0.052371 0.091459 0.000000
vt 0.026182 0.131202 0.000000
vt 0.021120 0.131435 0.000000
vt 0.036841 0.130721 0.000000
vt 0.031599 0.130954 0.000000
vt 0.048120 0.130261 0.000000
vt 0.042595 0.130477 0.000000
vt 0.059157 0.129857 0.000000
vt 0.053890 0.130045 0.000000
vt 0.027759 0.169124 0.000000
vt 0.022753 0.169320 0.000000
vt 0.038300 0.168717 0.000000
vt 0.033117 0.168914 0.000000
vt 0.049450 0.168331 0.000000
vt 0.043989 0.168512 0.000000
vt 0.060356 0.167992 0.000000
vt 0.055152 0.168150 0.000000
vt 0.029082 0.206660 0.000000
vt 0.024122 0.206825 0.000000
vt 0.039523 0.206318 0.000000
vt 0.034389 0.206485 0.000000
vt 0.050565 0.205994 0.000000
vt 0.045157 0.206145 0.000000
vt 0.061361 0.205708 0.000000
vt 0.056210 0.205841 0.000000
vt 0.030188 0.243877 0.000000
vt 0.025267 0.244014 0.000000
vt 0.040547 0.243590 0.000000
vt 0.035454 0.243730 0.000000
vt 0.051500 0.243319 0.000000
vt 0.046137 0.243445 0.000000
vt 0.062207 0.243077 0.000000
vt 0.057098 0.243189 0.000000
vt 0.031107 0.280831 0.000000
vt 0.026217 0.280944 0.000000
vt 0.041399 0.280593 0.000000
vt 0.036339 0.280709 0.000000
vt 0.052280 0.280367 0.000000
vt 0.046952 0.280472 0.000000
vt 0.062915 0.280165 0.000000
vt 0.057841 0.280259 0.000000
vt 0.031858 0.317573 0.000000
vt 0.026993 0.317664 0.000000
vt 0.042097 0.317379 0.000000
vt 0.037062 0.317474 0.000000
vt 0.052920 0.317195 0.000000
vt 0.047620 0.317280 0.000000
vt 0.063497 0.317028 0.000000
vt 0.058451 0.317106 0.000000
vt 0.032456 0.354149 0.000000
vt 0.027611 0.354220 0.000000
vt 0.042654 0.353994 0.000000
vt 0.037640 0.354070 0.000000
vt 0.053433 0.353848 0.000000
vt 0.048155 0.353915 0.000000
vt 0.063966 0.353715 0.000000
vt 0.058940 0.353777 0.000000
vt 0.032913 0.390598 0.000000
vt 0.028082 0.390650 0.000000
vt 0.043080 0.390480 0.000000
vt 0.038082 0.390538 0.000000
vt 0.053826 0.390371 0.000000
vt 0.048565 0.390421 0.000000
vt 0.064327 0.390268 0.000000
vt 0.059317 0.390317 0.000000
vt 0.033238 0.426956 0.000000
vt 0.028417 0.426992 0.000000
vt 0.043384 0.426874 0.000000
vt 0.038396 0.426915 0.000000
vt 0.054107 0.426799 0.000000
vt 0.048857 0.426832 0.000000
vt 0.064585 0.426726 0.000000
vt 0.059587 0.426761 0.000000
vt 0.033438 0.463256 0.000000
vt 0.028622 0.463275 0.000000
vt 0.043571 0.463208 0.000000
vt 0.038589 0.463232 0.000000
vt 0.054281 0.463165 0.000000
vt 0.049037 0.463183 0.000000
vt 0.064745 0.463121 0.000000
vt 0.059753 0.463142 0.000000
vt 0.033515 0.499526 0.000000
vt 0.028702 0.499528 0.000000
vt 0.043645 0.499511 0.000000
vt 0.038665 0.499519 0.000000
vt 0.054350 0.499500 0.000000
vt 0.049109 0.499502 0.000000
vt 0.064810 0.499484 0.000000
vt 0.059820 0.499492 0.000000
vt 0.033474 0.535796 0.000000
vt 0.028659 0.535782 0.000000
vt 0.043608 0.535813 0.000000
vt 0.038626 0.535806 0.000000
vt 0.054317 0.535834 0.000000
vt 0.049074 0.535822 0.000000
vt 0.064781 0.535846 0.000000
vt 0.059789 0.535841 0.000000
vt 0.033312 0.572095 0.000000
vt 0.028491 0.572064 0.000000
vt 0.043458 0.572146 0.000000
vt 0.038470 0.572122 0.000000
vt 0.054181 0.572199 0.000000
vt 0.048931 0.572171 0.000000
vt 0.064660 0.572239 0.000000
vt 0.059661 0.572221 0.000000
vt 0.033023 0.608455 0.000000
vt 0.028192 0.608407 0.000000
vt 0.043192 0.608542 0.000000
vt 0.038193 0.608501 0.000000
vt 0.053940 0.608630 0.000000
vt 0.048677 0.608585 0.000000
vt 0.064443 0.608699 0.000000
vt 0.059432 0.608667 0.000000
vt 0.032599 0.644912 0.000000
vt 0.027752 0.644845 0.000000
vt 0.042801 0.645038 0.000000
vt 0.037785 0.644978 0.000000
vt 0.053584 0.645163 0.000000
vt 0.048304 0.645101 0.000000
vt 0.064124 0.645263 0.000000
vt 0.059095 0.645217 0.000000
vt 0.032025 0.681508 0.000000
vt 0.027156 0.681419 0.000000
vt 0.042272 0.681676 0.000000
vt 0.037234 0.681596 0.000000
vt 0.053105 0.681842 0.000000
vt 0.047800 0.681761 0.000000
vt 0.063694 0.681977 0.000000
vt 0.058642 0.681915 0.000000
vt 0.031288 0.718287 0.000000
vt 0.026392 0.718175 0.000000
vt 0.041593 0.718503 0.000000
vt 0.036526 0.718399 0.000000
vt 0.052488 0.718714 0.000000
vt 0.047153 0.718611 0.000000
vt 0.063141 0.718888 0.000000
vt 0.058058 0.718808 0.000000
vt 0.030366 0.755294 0.000000
vt 0.025437 0.755155 0.000000
vt 0.040742 0.755563 0.000000
vt 0.035640 0.755434 0.000000
vt 0.051716 0.755826 0.000000
vt 0.046342 0.755699 0.000000
vt 0.062447 0.756045 0.000000
vt 0.057327 0.755945 0.000000
vt 0.029234 0.792583 0.000000
vt 0.024263 0.792414 0.000000
vt 0.039699 0.792913 0.000000
vt 0.034553 0.792754 0.000000
vt 0.050767 0.793234 0.000000
vt 0.045347 0.793079 0.000000
vt 0.061594 0.793503 0.000000
vt 0.056428 0.793379 0.000000
vt 0.027864 0.830215 0.000000
vt 0.022844 0.830012 0.000000
vt 0.038436 0.830615 0.000000
vt 0.033237 0.830423 0.000000
vt 0.049620 0.831003 0.000000
vt 0.044142 0.830816 0.000000
vt 0.060563 0.831329 0.000000
vt 0.055341 0.831179 0.000000
vt 0.026223 0.868263 0.000000
vt 0.021143 0.868021 0.000000
vt 0.036922 0.868740 0.000000
vt 0.031660 0.868510 0.000000
vt 0.048244 0.869204 0.000000
vt 0.042698 0.868981 0.000000
vt 0.059326 0.869599 0.000000
vt 0.054037 0.869417 0.000000
vt 0.024281 0.906796 0.000000
vt 0.019132 0.906517 0.000000
vt 0.035123 0.907351 0.000000
vt 0.029791 0.907083 0.000000
vt 0.046596 0.907903 0.000000
vt 0.040975 0.907635 0.000000
vt 0.057834 0.908393 0.000000
vt 0.052469 0.908165 0.000000
vt 0.022083 0.945836 0.000000
vt 0.016868 0.945569 0.000000
vt 0.033037 0.946375 0.000000
vt 0.027655 0.946111 0.000000
vt 0.044588 0.947007 0.000000
vt 0.038930 0.946679 0.000000
vt 0.055928 0.947725 0.000000
vt 0.050504 0.947376 0.000000
vt 0.015035 0.985136 0.000000
vt 0.058240 0.011987 0.000000
vt 0.058271 0.988067 0.000000
vt 0.020287 0.985379 0.000000
vt 0.061461 0.051728 0.000000
vt 0.025860 0.985161 0.000000
vt 0.031105 0.984783 0.000000
vt 0.036696 0.984627 0.000000
vt 0.041957 0.985012 0.000000
vt 0.047502 0.985980 0.000000
vt 0.052704 0.987126 0.000000
vt 0.063242 0.090996 0.000000
vt 0.064610 0.129673 0.000000
vt 0.065743 0.167838 0.000000
vt 0.066693 0.205578 0.000000
vt 0.067494 0.242967 0.000000
vt 0.068166 0.280072 0.000000
vt 0.068720 0.316952 0.000000
vt 0.069166 0.353653 0.000000
vt 0.069511 0.390222 0.000000
vt 0.069758 0.426693 0.000000
vt 0.069911 0.463101 0.000000
vt 0.069974 0.499477 0.000000
vt 0.069947 0.535852 0.000000
vt 0.069833 0.572257 0.000000
vt 0.069628 0.608731 0.000000
vt 0.069327 0.645309 0.000000
vt 0.068922 0.682039 0.000000
vt 0.068401 0.718968 0.000000
vt 0.067746 0.756146 0.000000
vt 0.066941 0.793626 0.000000
vt 0.065969 0.831478 0.000000
vt 0.064801 0.869779 0.000000
vt 0.063392 0.908621 0.000000
vt 0.061563 0.948087 0.000000
vt 0.203047 0.014841 0.000000
vt 0.208276 0.014606 0.000000
vt 0.210005 0.053972 0.000000
vt 0.204815 0.054230 0.000000
vt 0.213822 0.014832 0.000000
vt 0.219038 0.015215 0.000000
vt 0.220906 0.053433 0.000000
vt 0.215551 0.053699 0.000000
vt 0.224596 0.015378 0.000000
vt 0.229829 0.015001 0.000000
vt 0.232397 0.052809 0.000000
vt 0.226768 0.053127 0.000000
vt 0.235350 0.014047 0.000000
vt 0.240524 0.012916 0.000000
vt 0.243679 0.052089 0.000000
vt 0.238284 0.052440 0.000000
vt 0.212131 0.092827 0.000000
vt 0.207005 0.093097 0.000000
vt 0.222925 0.092270 0.000000
vt 0.217617 0.092541 0.000000
vt 0.234347 0.091724 0.000000
vt 0.228751 0.091983 0.000000
vt 0.245532 0.091226 0.000000
vt 0.240192 0.091459 0.000000
vt 0.214002 0.131202 0.000000
vt 0.208941 0.131435 0.000000
vt 0.224661 0.130721 0.000000
vt 0.219420 0.130954 0.000000
vt 0.235941 0.130261 0.000000
vt 0.230416 0.130477 0.000000
vt 0.246978 0.129857 0.000000
vt 0.241711 0.130045 0.000000
vt 0.215580 0.169124 0.000000
vt 0.210574 0.169320 0.000000
vt 0.226121 0.168717 0.000000
vt 0.220937 0.168914 0.000000
vt 0.237271 0.168331 0.000000
vt 0.231810 0.168512 0.000000
vt 0.248177 0.167992 0.000000
vt 0.242973 0.168150 0.000000
vt 0.216902 0.206660 0.000000
vt 0.211943 0.206825 0.000000
vt 0.227343 0.206318 0.000000
vt 0.222209 0.206485 0.000000
vt 0.238386 0.205994 0.000000
vt 0.232978 0.206145 0.000000
vt 0.249182 0.205708 0.000000
vt 0.244030 0.205841 0.000000
vt 0.218009 0.243877 0.000000
vt 0.213088 0.244014 0.000000
vt 0.228368 0.243590 0.000000
vt 0.223274 0.243730 0.000000
vt 0.239321 0.243319 0.000000
vt 0.233957 0.243445 0.000000
vt 0.250028 0.243077 0.000000
vt 0.244919 0.243189 0.000000
vt 0.218928 0.280831 0.000000
vt 0.214038 0.280944 0.000000
vt 0.229220 0.280593 0.000000
vt 0.224160 0.280709 0.000000
vt 0.240100 0.280367 0.000000
vt 0.234773 0.280472 0.000000
vt 0.250735 0.280165 0.000000
vt 0.245661 0.280259 0.000000
vt 0.219678 0.317573 0.000000
vt 0.214814 0.317664 0.000000
vt 0.229917 0.317379 0.000000
vt 0.224883 0.317474 0.000000
vt 0.240741 0.317195 0.000000
vt 0.235441 0.317280 0.000000
vt 0.251318 0.317028 0.000000
vt 0.246272 0.317106 0.000000
vt 0.220277 0.354149 0.000000
vt 0.215431 0.354220 0.000000
vt 0.230475 0.353994 0.000000
vt 0.225461 0.354070 0.000000
vt 0.241253 0.353848 0.000000
vt 0.235976 0.353915 0.000000
vt 0.251787 0.353715 0.000000
vt 0.246761 0.353777 0.000000
vt 0.220734 0.390598 0.000000
vt 0.215903 0.390650 0.000000
vt 0.230901 0.390480 0.000000
vt 0.225902 0.390538 0.000000
vt 0.241647 0.390371 0.000000
vt 0.236385 0.390421 0.000000
vt 0.252147 0.390268 0.000000
vt 0.247138 0.390317 0.000000
vt 0.221059 0.426956 0.000000
vt 0.216237 0.426992 0.000000
vt 0.231205 0.426874 0.000000
vt 0.226217 0.426915 0.000000
vt 0.241928 0.426799 0.000000
vt 0.236678 0.426832 0.000000
vt 0.252406 0.426726 0.000000
vt 0.247407 0.426761 0.000000
vt 0.221258 0.463256 0.000000
vt 0.216443 0.463275 0.000000
vt 0.231392 0.463208 0.000000
vt 0.226410 0.463232 0.000000
vt 0.242102 0.463165 0.000000
vt 0.236858 0.463183 0.000000
vt 0.252566 0.463121 0.000000
vt 0.247574 0.463142 0.000000
vt 0.221336 0.499526 0.000000
vt 0.216523 0.499528 0.000000
vt 0.231466 0.499511 0.000000
vt 0.226486 0.499519 0.000000
vt 0.242171 0.499500 0.000000
vt 0.236930 0.499502 0.000000
vt 0.252631 0.499484 0.000000
vt 0.247641 0.499492 0.000000
vt 0.221295 0.535796 0.000000
vt 0.216479 0.535782 0.000000
vt 0.231428 0.535813 0.000000
vt 0.226446 0.535806 0.000000
vt 0.242138 0.535834 0.000000
vt 0.236894 0.535822 0.000000
vt 0.252602 0.535846 0.000000
vt 0.247610 0.535841 0.000000
vt 0.221133 0.572095 0.000000
vt 0.216311 0.572064 0.000000
vt 0.231279 0.572146 0.000000
vt 0.226291 0.572122 0.000000
vt 0.242002 0.572199 0.000000
vt 0.236752 0.572171 0.000000
vt 0.252481 0.572239 0.000000
vt 0.247481 0.572221 0.000000
vt 0.220844 0.608455 0.000000
vt 0.216012 0.608407 0.000000
vt 0.231013 0.608542 0.000000
vt 0.226013 0.608501 0.000000
vt 0.241760 0.608630 0.000000
vt 0.236498 0.608585 0.000000
vt 0.252263 0.608699 0.000000
vt 0.247253 0.608667 0.000000
vt 0.220420 0.644912 0.000000
vt 0.215572 0.644845 0.000000
vt 0.230621 0.645038 0.000000
vt 0.225606 0.644978 0.000000
vt 0.241405 0.645163 0.000000
vt 0.236125 0.645101 0.000000
vt 0.251945 0.645263 0.000000
vt 0.246916 0.645217 0.000000
vt 0.219846 0.681508 0.000000
vt 0.214977 0.681419 0.000000
vt 0.230093 0.681676 0.000000
vt 0.225055 0.681596 0.000000
vt 0.240926 0.681842 0.000000
vt 0.235621 0.681761 0.000000
vt 0.251515 0.681977 0.000000
vt 0.246462 0.681915 0.000000
vt 0.219108 0.718287 0.000000
vt 0.214213 0.718175 0.000000
vt 0.229413 0.718503 0.000000
vt 0.224347 0.718399 0.000000
vt 0.240309 0.718714 0.000000
vt 0.234974 0.718611 0.000000
vt 0.250961 0.718888 0.000000
vt 0.245879 0.718808 0.000000
vt 0.218186 0.755294 0.000000
vt 0.213257 0.755155 0.000000
vt 0.228563 0.755563 0.000000
vt 0.223461 0.755434 0.000000
vt 0.239537 0.755826 0.000000
vt 0.234163 0.755699 0.000000
vt 0.250267 0.756045 0.000000
vt 0.245147 0.755945 0.000000
vt 0.217055 0.792583 0.000000
vt 0.212084 0.792414 0.000000
vt 0.227519 0.792913 0.000000
vt 0.222374 0.792754 0.000000
vt 0.238588 0.793234 0.000000
vt 0.233167 0.793079 0.000000
vt 0.249415 0.793503 0.000000
vt 0.244249 0.793379 0.000000
vt 0.215685 0.830215 0.000000
vt 0.210664 0.830012 0.000000
vt 0.226256 0.830615 0.000000
vt 0.221058 0.830423 0.000000
vt 0.237441 0.831003 0.000000
vt 0.231963 0.830816 0.000000
vt 0.248384 0.831329 0.000000
vt 0.243162 0.831179 0.000000
vt 0.214044 0.868263 0.000000
vt 0.208963 0.868021 0.000000
vt 0.224743 0.868740 0.000000
vt 0.219481 0.868510 0.000000
vt 0.236065 0.869204 0.000000
vt 0.230519 0.868981 0.000000
vt 0.247147 0.869599 0.000000
vt 0.241858 0.869417 0.000000
vt 0.212102 0.906796 0.000000
vt 0.206952 0.906517 0.000000
vt 0.222944 0.907351 0.000000
vt 0.217612 0.907083 0.000000
vt 0.234416 0.907903 0.000000
vt 0.228796 0.907635 0.000000
vt 0.245655 0.908393 0.000000
vt 0.240290 0.908165 0.000000
vt 0.209903 0.945836 0.000000
vt 0.204689 0.945569 0.000000
vt 0.220858 0.946375 0.000000
vt 0.215475 0.946111 0.000000
vt 0.232409 0.947007 0.000000
vt 0.226751 0.946679 0.000000
vt 0.243749 0.947725 0.000000
vt 0.238324 0.947376 0.000000
vt 0.202856 0.985136 0.000000
vt 0.246061 0.011987 0.000000
vt 0.246092 0.988067 0.000000
vt 0.208108 0.985379 0.000000
vt 0.249282 0.051728 0.000000
vt 0.213681 0.985161 0.000000
vt 0.218925 0.984783 0.000000
vt 0.224517 0.984627 0.000000
vt 0.229777 0.985012 0.000000
vt 0.235323 0.985980 0.000000
vt 0.240524 0.987126 0.000000
vt 0.251062 0.090996 0.000000
vt 0.252431 0.129673 0.000000
vt 0.253564 0.167838 0.000000
vt 0.254514 0.205578 0.000000
vt 0.255315 0.242967 0.000000
vt 0.255986 0.280072 0.000000
vt 0.256541 0.316952 0.000000
vt 0.256987 0.353653 0.000000
vt 0.257332 0.390222 0.000000
vt 0.257579 0.426693 0.000000
vt 0.257732 0.463101 0.000000
vt 0.257794 0.499477 0.000000
vt 0.257768 0.535852 0.000000
vt 0.257653 0.572257 0.000000
vt 0.257449 0.608731 0.000000
vt 0.257148 0.645309 0.000000
vt 0.256743 0.682039 0.000000
vt 0.256221 0.718968 0.000000
vt 0.255567 0.756146 0.000000
vt 0.254762 0.793626 0.000000
vt 0.253789 0.831478 0.000000
vt 0.252622 0.869779 0.000000
vt 0.251213 0.908621 0.000000
vt 0.249383 0.948087 0.000000
vt 0.142460 0.014841 0.000000
vt 0.147689 0.014606 0.000000
vt 0.149417 0.053972 0.000000
vt 0.144227 0.054230 0.000000
vt 0.153235 0.014832 0.000000
vt 0.158451 0.015215 0.000000
vt 0.160319 0.053433 0.000000
vt 0.154963 0.053699 0.000000
vt 0.164009 0.015378 0.000000
vt 0.169242 0.015001 0.000000
vt 0.171810 0.052809 0.000000
vt 0.166181 0.053127 0.000000
vt 0.174763 0.014047 0.000000
vt 0.179937 0.012916 0.000000
vt 0.183092 0.052089 0.000000
vt 0.177696 0.052440 0.000000
vt 0.151544 0.092827 0.000000
vt 0.146417 0.093097 0.000000
vt 0.162338 0.092270 0.000000
vt 0.157030 0.092541 0.000000
vt 0.173759 0.091724 0.000000
vt 0.168164 0.091983 0.000000
vt 0.184944 0.091226 0.000000
vt 0.179604 0.091459 0.000000
vt 0.153415 0.131202 0.000000
vt 0.148353 0.131435 0.000000
vt 0.164074 0.130721 0.000000
vt 0.158832 0.130954 0.000000
vt 0.175354 0.130261 0.000000
vt 0.169829 0.130477 0.000000
vt 0.186391 0.129857 0.000000
vt 0.181123 0.130045 0.000000
vt 0.154993 0.169124 0.000000
vt 0.149987 0.169320 0.000000
vt 0.165533 0.168717 0.000000
vt 0.160350 0.168914 0.000000
vt 0.176684 0.168331 0.000000
vt 0.171223 0.168512 0.000000
vt 0.187590 0.167992 0.000000
vt 0.182385 0.168150 0.000000
vt 0.156315 0.206660 0.000000
vt 0.151355 0.206825 0.000000
vt 0.166756 0.206318 0.000000
vt 0.161622 0.206485 0.000000
vt 0.177798 0.205994 0.000000
vt 0.172391 0.206145 0.000000
vt 0.188595 0.205708 0.000000
vt 0.183443 0.205841 0.000000
vt 0.157421 0.243877 0.000000
vt 0.152500 0.244014 0.000000
vt 0.167781 0.243590 0.000000
vt 0.162687 0.243730 0.000000
vt 0.178733 0.243319 0.000000
vt 0.173370 0.243445 0.000000
vt 0.189440 0.243077 0.000000
vt 0.184332 0.243189 0.000000
vt 0.158340 0.280831 0.000000
vt 0.153451 0.280944 0.000000
vt 0.168633 0.280593 0.000000
vt 0.163572 0.280709 0.000000
vt 0.179513 0.280367 0.000000
vt 0.174185 0.280472 0.000000
vt 0.190148 0.280165 0.000000
vt 0.185074 0.280259 0.000000
vt 0.159091 0.317573 0.000000
vt 0.154226 0.317664 0.000000
vt 0.169330 0.317379 0.000000
vt 0.164296 0.317474 0.000000
vt 0.180153 0.317195 0.000000
vt 0.174854 0.317280 0.000000
vt 0.190731 0.317028 0.000000
vt 0.185684 0.317106 0.000000
vt 0.159689 0.354149 0.000000
vt 0.154844 0.354220 0.000000
vt 0.169887 0.353994 0.000000
vt 0.164873 0.354070 0.000000
vt 0.180666 0.353848 0.000000
vt 0.175388 0.353915 0.000000
vt 0.191199 0.353715 0.000000
vt 0.186174 0.353777 0.000000
vt 0.160146 0.390598 0.000000
vt 0.155315 0.390650 0.000000
vt 0.170314 0.390480 0.000000
vt 0.165315 0.390538 0.000000
vt 0.181059 0.390371 0.000000
vt 0.175798 0.390421 0.000000
vt 0.191560 0.390268 0.000000
vt 0.186550 0.390317 0.000000
vt 0.160471 0.426956 0.000000
vt 0.155650 0.426992 0.000000
vt 0.170618 0.426874 0.000000
vt 0.165629 0.426915 0.000000
vt 0.181341 0.426799 0.000000
vt 0.176091 0.426832 0.000000
vt 0.191819 0.426726 0.000000
vt 0.186820 0.426761 0.000000
vt 0.160671 0.463256 0.000000
vt 0.155856 0.463275 0.000000
vt 0.170805 0.463208 0.000000
vt 0.165823 0.463232 0.000000
vt 0.181514 0.463165 0.000000
vt 0.176271 0.463183 0.000000
vt 0.191979 0.463121 0.000000
vt 0.186986 0.463142 0.000000
vt 0.160749 0.499526 0.000000
vt 0.155935 0.499528 0.000000
vt 0.170879 0.499511 0.000000
vt 0.165898 0.499519 0.000000
vt 0.181584 0.499500 0.000000
vt 0.176342 0.499502 0.000000
vt 0.192043 0.499484 0.000000
vt 0.187053 0.499492 0.000000
vt 0.160707 0.535796 0.000000
vt 0.155892 0.535782 0.000000
vt 0.170841 0.535813 0.000000
vt 0.165859 0.535806 0.000000
vt 0.181550 0.535834 0.000000
vt 0.176307 0.535822 0.000000
vt 0.192015 0.535846 0.000000
vt 0.187022 0.535841 0.000000
vt 0.160545 0.572095 0.000000
vt 0.155724 0.572064 0.000000
vt 0.170692 0.572146 0.000000
vt 0.165703 0.572122 0.000000
vt 0.181415 0.572199 0.000000
vt 0.176165 0.572171 0.000000
vt 0.191893 0.572239 0.000000
vt 0.186894 0.572221 0.000000
vt 0.160257 0.608455 0.000000
vt 0.155425 0.608407 0.000000
vt 0.170426 0.608542 0.000000
vt 0.165426 0.608501 0.000000
vt 0.181173 0.608630 0.000000
vt 0.175911 0.608585 0.000000
vt 0.191676 0.608699 0.000000
vt 0.186665 0.608667 0.000000
vt 0.159832 0.644912 0.000000
vt 0.154985 0.644845 0.000000
vt 0.170034 0.645038 0.000000
vt 0.165018 0.644978 0.000000
vt 0.180818 0.645163 0.000000
vt 0.175538 0.645101 0.000000
vt 0.191357 0.645263 0.000000
vt 0.186329 0.645217 0.000000
vt 0.159258 0.681508 0.000000
vt 0.154390 0.681419 0.000000
vt 0.169505 0.681676 0.000000
vt 0.164467 0.681596 0.000000
vt 0.180338 0.681842 0.000000
vt 0.175034 0.681761 0.000000
vt 0.190927 0.681977 0.000000
vt 0.185875 0.681915 0.000000
vt 0.158521 0.718287 0.000000
vt 0.153626 0.718175 0.000000
vt 0.168826 0.718503 0.000000
vt 0.163759 0.718399 0.000000
vt 0.179722 0.718714 0.000000
vt 0.174386 0.718611 0.000000
vt 0.190374 0.718888 0.000000
vt 0.185292 0.718808 0.000000
vt 0.157599 0.755294 0.000000
vt 0.152670 0.755155 0.000000
vt 0.167976 0.755563 0.000000
vt 0.162874 0.755434 0.000000
vt 0.178949 0.755826 0.000000
vt 0.173576 0.755699 0.000000
vt 0.189680 0.756045 0.000000
vt 0.184560 0.755945 0.000000
vt 0.156467 0.792583 0.000000
vt 0.151497 0.792414 0.000000
vt 0.166932 0.792913 0.000000
vt 0.161786 0.792754 0.000000
vt 0.178001 0.793234 0.000000
vt 0.172580 0.793079 0.000000
vt 0.188827 0.793503 0.000000
vt 0.183661 0.793379 0.000000
vt 0.155098 0.830215 0.000000
vt 0.150077 0.830012 0.000000
vt 0.165669 0.830615 0.000000
vt 0.160471 0.830423 0.000000
vt 0.176854 0.831003 0.000000
vt 0.171376 0.830816 0.000000
vt 0.187797 0.831329 0.000000
vt 0.182575 0.831179 0.000000
vt 0.153456 0.868263 0.000000
vt 0.148376 0.868021 0.000000
vt 0.164155 0.868740 0.000000
vt 0.158894 0.868510 0.000000
vt 0.175477 0.869204 0.000000
vt 0.169931 0.868981 0.000000
vt 0.186559 0.869599 0.000000
vt 0.181270 0.869417 0.000000
vt 0.151514 0.906796 0.000000
vt 0.146365 0.906517 0.000000
vt 0.162356 0.907351 0.000000
vt 0.157024 0.907083 0.000000
vt 0.173829 0.907903 0.000000
vt 0.168209 0.907635 0.000000
vt 0.185068 0.908393 0.000000
vt 0.179702 0.908165 0.000000
vt 0.149316 0.945836 0.000000
vt 0.144102 0.945569 0.000000
vt 0.160271 0.946375 0.000000
vt 0.154888 0.946111 0.000000
vt 0.171821 0.947007 0.000000
vt 0.166164 0.946679 0.000000
vt 0.183162 0.947725 0.000000
vt 0.177737 0.947376 0.000000
vt 0.142269 0.985136 0.000000
vt 0.185473 0.011987 0.000000
vt 0.185505 0.988067 0.000000
vt 0.147521 0.985379 0.000000
vt 0.188695 0.051728 0.000000
vt 0.153094 0.985161 0.000000
vt 0.158338 0.984783 0.000000
vt 0.163930 0.984627 0.000000
vt 0.169190 0.985012 0.000000
vt 0.174736 0.985980 0.000000
vt 0.179937 0.987126 0.000000
vt 0.190475 0.090996 0.000000
vt 0.191844 0.129673 0.000000
vt 0.192976 0.167838 0.000000
vt 0.193927 0.205578 0.000000
vt 0.194727 0.242967 0.000000
vt 0.195399 0.280072 0.000000
vt 0.195953 0.316952 0.000000
vt 0.196400 0.353653 0.000000
vt 0.196744 0.390222 0.000000
vt 0.196992 0.426693 0.000000
vt 0.197145 0.463101 0.000000
vt 0.197207 0.499477 0.000000
vt 0.197180 0.535852 0.000000
vt 0.197066 0.572257 0.000000
vt 0.196861 0.608731 0.000000
vt 0.196561 0.645309 0.000000
vt 0.196156 0.682039 0.000000
vt 0.195634 0.718968 0.000000
vt 0.194979 0.756146 0.000000
vt 0.194174 0.793626 0.000000
vt 0.193202 0.831478 0.000000
vt 0.192035 0.869779 0.000000
vt 0.190625 0.908621 0.000000
vt 0.188796 0.948087 0.000000
vt 0.865920 0.991279 0.000000
vt 0.865920 0.982305 0.000000
vt 0.865920 0.973331 0.000000
vt 0.865920 0.964357 0.000000
vt 0.865920 0.955383 0.000000
vt 0.865920 0.946409 0.000000
vt 0.865920 0.937436 0.000000
vt 0.865920 0.928462 0.000000
vt 0.865920 0.919488 0.000000
vt 0.865920 0.910514 0.000000
vt 0.865920 0.901540 0.000000
vt 0.865920 0.892567 0.000000
vt 0.847972 0.991279 0.000000
vt 0.847972 0.982305 0.000000
vt 0.847972 0.973331 0.000000
vt 0.847972 0.964357 0.000000
vt 0.847972 0.955383 0.000000
vt 0.847972 0.946409 0.000000
vt 0.847972 0.937436 0.000000
vt 0.847972 0.928462 0.000000
vt 0.847972 0.919488 0.000000
vt 0.847972 0.910514 0.000000
vt 0.847972 0.901540 0.000000
vt 0.847972 0.892567 0.000000
vt 0.847972 0.883593 0.000000
vt 0.830025 0.991279 0.000000
vt 0.830025 0.982305 0.000000
vt 0.830025 0.973331 0.000000
vt 0.830025 0.964357 0.000000
vt 0.830025 0.955383 0.000000
vt 0.830025 0.946409 0.000000
vt 0.830025 0.937436 0.000000
vt 0.830025 0.928462 0.000000
vt 0.830025 0.919488 0.000000
vt 0.830025 0.910514 0.000000
vt 0.830025 0.901540 0.000000
vt 0.830025 0.892567 0.000000
vt 0.830025 0.883593 0.000000
vt 0.812077 0.991279 0.000000
vt 0.812077 0.982305 0.000000
vt 0.812077 0.973331 0.000000
vt 0.812077 0.964357 0.000000
vt 0.812077 0.955383 0.000000
vt 0.812077 0.946409 0.000000
vt 0.812077 0.937436 0.000000
vt 0.812077 0.928462 0.000000
vt 0.812077 0.919488 0.000000
vt 0.812077 0.910514 0.000000
vt 0.812077 0.901540 0.000000
vt 0.812077 0.892567 0.000000
vt 0.812077 0.883593 0.000000
vt 0.794130 0.991279 0.000000
vt 0.794130 0.982305 0.000000
vt 0.794130 0.973331 0.000000
vt 0.794130 0.964357 0.000000
vt 0.794130 0.955383 0.000000
vt 0.794130 0.946409 0.000000
vt 0.794130 0.937436 0.000000
vt 0.794130 0.928462 0.000000
vt 0.794130 0.919488 0.000000
vt 0.794130 0.910514 0.000000
vt 0.794130 0.901540 0.000000
vt 0.794130 0.892567 0.000000
vt 0.794130 0.883593 0.000000
vt 0.776182 0.991279 0.000000
vt 0.776182 0.982305 0.000000
vt 0.776182 0.973331 0.000000
vt 0.776182 0.964357 0.000000
vt 0.776182 0.955383 0.000000
vt 0.776182 0.946409 0.000000
vt 0.776182 0.937436 0.000000
vt 0.776182 0.928462 0.000000
vt 0.776182 0.919488 0.000000
vt 0.776182 0.910514 0.000000
vt 0.776182 0.901540 0.000000
vt 0.776182 0.892567 0.000000
vt 0.776182 0.883593 0.000000
vt 0.758234 0.991279 0.000000
vt 0.758234 0.982305 0.000000
vt 0.758234 0.973331 0.000000
vt 0.758234 0.964357 0.000000
vt 0.758234 0.955383 0.000000
vt 0.758234 0.946409 0.000000
vt 0.758234 0.937436 0.000000
vt 0.758234 0.928462 0.000000
vt 0.758234 0.919488 0.000000
vt 0.758234 0.910514 0.000000
vt 0.758234 0.901540 0.000000
vt 0.758234 0.892567 0.000000
vt 0.977235 0.991659 0.000000
vt 0.977235 0.982685 0.000000
vt 0.977235 0.973711 0.000000
vt 0.977235 0.964737 0.000000
vt 0.977235 0.955763 0.000000
vt 0.977235 0.946789 0.000000
vt 0.977235 0.937815 0.000000
vt 0.977235 0.928842 0.000000
vt 0.977235 0.919868 0.000000
vt 0.977235 0.910894 0.000000
vt 0.977235 0.901920 0.000000
vt 0.977235 0.892946 0.000000
vt 0.959287 0.991659 0.000000
vt 0.959287 0.982685 0.000000
vt 0.959287 0.973711 0.000000
vt 0.959287 0.964737 0.000000
vt 0.959287 0.955763 0.000000
vt 0.959287 0.946789 0.000000
vt 0.959287 0.937815 0.000000
vt 0.959287 0.928842 0.000000
vt 0.959287 0.919868 0.000000
vt 0.959287 0.910894 0.000000
vt 0.959287 0.901920 0.000000
vt 0.959287 0.892946 0.000000
vt 0.959287 0.883972 0.000000
vt 0.941340 0.991659 0.000000
vt 0.941340 0.982685 0.000000
vt 0.941340 0.973711 0.000000
vt 0.941340 0.964737 0.000000
vt 0.941340 0.955763 0.000000
vt 0.941340 0.946789 0.000000
vt 0.941340 0.937815 0.000000
vt 0.941340 0.928842 0.000000
vt 0.941340 0.919868 0.000000
vt 0.941340 0.910894 0.000000
vt 0.941340 0.901920 0.000000
vt 0.941340 0.892946 0.000000
vt 0.941340 0.883972 0.000000
vt 0.923392 0.991659 0.000000
vt 0.923392 0.982685 0.000000
vt 0.923392 0.973711 0.000000
vt 0.923392 0.964737 0.000000
vt 0.923392 0.955763 0.000000
vt 0.923392 0.946789 0.000000
vt 0.923392 0.937815 0.000000
vt 0.923392 0.928842 0.000000
vt 0.923392 0.919868 0.000000
vt 0.923392 0.910894 0.000000
vt 0.923392 0.901920 0.000000
vt 0.923392 0.892946 0.000000
vt 0.923392 0.883972 0.000000
vt 0.905444 0.991659 0.000000
vt 0.905444 0.982685 0.000000
vt 0.905444 0.973711 0.000000
vt 0.905444 0.964737 0.000000
vt 0.905444 0.955763 0.000000
vt 0.905444 0.946789 0.000000
vt 0.905444 0.937815 0.000000
vt 0.905444 0.928842 0.000000
vt 0.905444 0.919868 0.000000
vt 0.905444 0.910894 0.000000
vt 0.905444 0.901920 0.000000
vt 0.905444 0.892946 0.000000
vt 0.905444 0.883972 0.000000
vt 0.887497 0.991659 0.000000
vt 0.887497 0.982685 0.000000
vt 0.887497 0.973711 0.000000
vt 0.887497 0.964737 0.000000
vt 0.887497 0.955763 0.000000
vt 0.887497 0.946789 0.000000
vt 0.887497 0.937815 0.000000
vt 0.887497 0.928842 0.000000
vt 0.887497 0.919868 0.000000
vt 0.887497 0.910894 0.000000
vt 0.887497 0.901920 0.000000
vt 0.887497 0.892946 0.000000
vt 0.887497 0.883972 0.000000
vt 0.869549 0.991659 0.000000
vt 0.869549 0.982685 0.000000
vt 0.869549 0.973711 0.000000
vt 0.869549 0.964737 0.000000
vt 0.869549 0.955763 0.000000
vt 0.869549 0.946789 0.000000
vt 0.869549 0.937815 0.000000
vt 0.869549 0.928842 0.000000
vt 0.869549 0.919868 0.000000
vt 0.869549 0.910894 0.000000
vt 0.869549 0.901920 0.000000
vt 0.869549 0.892946 0.000000
vt 0.871475 0.877522 0.000000
vt 0.871475 0.868548 0.000000
vt 0.871475 0.859575 0.000000
vt 0.871475 0.850601 0.000000
vt 0.871475 0.841627 0.000000
vt 0.871475 0.832653 0.000000
vt 0.871475 0.823679 0.000000
vt 0.871475 0.814705 0.000000
vt 0.871475 0.805732 0.000000
vt 0.871475 0.796758 0.000000
vt 0.871475 0.787784 0.000000
vt 0.871475 0.778810 0.000000
vt 0.853527 0.877522 0.000000
vt 0.853527 0.868548 0.000000
vt 0.853527 0.859575 0.000000
vt 0.853527 0.850601 0.000000
vt 0.853527 0.841627 0.000000
vt 0.853527 0.832653 0.000000
vt 0.853527 0.823679 0.000000
vt 0.853527 0.814705 0.000000
vt 0.853527 0.805732 0.000000
vt 0.853527 0.796758 0.000000
vt 0.853527 0.787784 0.000000
vt 0.853527 0.778810 0.000000
vt 0.853527 0.769836 0.000000
vt 0.835580 0.877522 0.000000
vt 0.835580 0.868548 0.000000
vt 0.835580 0.859575 0.000000
vt 0.835580 0.850601 0.000000
vt 0.835580 0.841627 0.000000
vt 0.835580 0.832653 0.000000
vt 0.835580 0.823679 0.000000
vt 0.835580 0.814705 0.000000
vt 0.835580 0.805732 0.000000
vt 0.835580 0.796758 0.000000
vt 0.835580 0.787784 0.000000
vt 0.835580 0.778810 0.000000
vt 0.835580 0.769836 0.000000
vt 0.817632 0.877522 0.000000
vt 0.817632 0.868548 0.000000
vt 0.817632 0.859575 0.000000
vt 0.817632 0.850601 0.000000
vt 0.817632 0.841627 0.000000
vt 0.817632 0.832653 0.000000
vt 0.817632 0.823679 0.000000
vt 0.817632 0.814705 0.000000
vt 0.817632 0.805732 0.000000
vt 0.817632 0.796758 0.000000
vt 0.817632 0.787784 0.000000
vt 0.817632 0.778810 0.000000
vt 0.817632 0.769836 0.000000
vt 0.799684 0.877522 0.000000
vt 0.799684 0.868548 0.000000
vt 0.799684 0.859575 0.000000
vt 0.799684 0.850601 0.000000
vt 0.799684 0.841627 0.000000
vt 0.799684 0.832653 0.000000
vt 0.799684 0.823679 0.000000
vt 0.799684 0.814705 0.000000
vt 0.799684 0.805732 0.000000
vt 0.799684 0.796758 0.000000
vt 0.799684 0.787784 0.000000
vt 0.799684 0.778810 0.000000
vt 0.799684 0.769836 0.000000
vt 0.781737 0.877522 0.000000
vt 0.781737 0.868548 0.000000
vt 0.781737 0.859575 0.000000
vt 0.781737 0.850601 0.000000
vt 0.781737 0.841627 0.000000
vt 0.781737 0.832653 0.000000
vt 0.781737 0.823679 0.000000
vt 0.781737 0.814705 0.000000
vt 0.781737 0.805732 0.000000
vt 0.781737 0.796758 0.000000
vt 0.781737 0.787784 0.000000
vt 0.781737 0.778810 0.000000
vt 0.781737 0.769836 0.000000
vt 0.763789 0.877522 0.000000
vt 0.763789 0.868548 0.000000
vt 0.763789 0.859575 0.000000
vt 0.763789 0.850601 0.000000
vt 0.763789 0.841627 0.000000
vt 0.763789 0.832653 0.000000
vt 0.763789 0.823679 0.000000
vt 0.763789 0.814705 0.000000
vt 0.763789 0.805732 0.000000
vt 0.763789 0.796758 0.000000
vt 0.763789 0.787784 0.000000
vt 0.763789 0.778810 0.000000
vt 0.878910 0.760309 0.000000
vt 0.878910 0.769769 0.000000
vt 0.878910 0.779230 0.000000
vt 0.878910 0.788690 0.000000
vt 0.878910 0.798151 0.000000
vt 0.878910 0.807612 0.000000
vt 0.878910 0.817072 0.000000
vt 0.878910 0.826533 0.000000
vt 0.878910 0.835993 0.000000
vt 0.878910 0.845454 0.000000
vt 0.878910 0.854915 0.000000
vt 0.878910 0.864375 0.000000
vt 0.897832 0.760309 0.000000
vt 0.897832 0.769769 0.000000
vt 0.897832 0.779230 0.000000
vt 0.897832 0.788690 0.000000
vt 0.897832 0.798151 0.000000
vt 0.897832 0.807612 0.000000
vt 0.897832 0.817072 0.000000
vt 0.897832 0.826533 0.000000
vt 0.897832 0.835993 0.000000
vt 0.897832 0.845454 0.000000
vt 0.897832 0.854915 0.000000
vt 0.897832 0.864375 0.000000
vt 0.897832 0.873836 0.000000
vt 0.916753 0.760309 0.000000
vt 0.916753 0.769769 0.000000
vt 0.916753 0.779230 0.000000
vt 0.916753 0.788690 0.000000
vt 0.916753 0.798151 0.000000
vt 0.916753 0.807612 0.000000
vt 0.916753 0.817072 0.000000
vt 0.916753 0.826533 0.000000
vt 0.916753 0.835993 0.000000
vt 0.916753 0.845454 0.000000
vt 0.916753 0.854915 0.000000
vt 0.916753 0.864375 0.000000
vt 0.916753 0.873836 0.000000
vt 0.935674 0.760309 0.000000
vt 0.935674 0.769769 0.000000
vt 0.935674 0.779230 0.000000
vt 0.935674 0.788690 0.000000
vt 0.935674 0.798151 0.000000
vt 0.935674 0.807612 0.000000
vt 0.935674 0.817072 0.000000
vt 0.935674 0.826533 0.000000
vt 0.935674 0.835993 0.000000
vt 0.935674 0.845454 0.000000
vt 0.935674 0.854915 0.000000
vt 0.935674 0.864375 0.000000
vt 0.935674 0.873836 0.000000
vt 0.954595 0.760309 0.000000
vt 0.954595 0.769769 0.000000
vt 0.954595 0.779230 0.000000
vt 0.954595 0.788690 0.000000
vt 0.954595 0.798151 0.000000
vt 0.954595 0.807612 0.000000
vt 0.954595 0.817072 0.000000
vt 0.954595 0.826533 0.000000
vt 0.954595 0.835993 0.000000
vt 0.954595 0.845454 0.000000
vt 0.954595 0.854915 0.000000
vt 0.954595 0.864375 0.000000
vt 0.954595 0.873836 0.000000
vt 0.973516 0.760309 0.000000
vt 0.973516 0.769769 0.000000
vt 0.973516 0.779230 0.000000
vt 0.973516 0.788690 0.000000
vt 0.973516 0.798151 0.000000
vt 0.973516 0.807612 0.000000
vt 0.973516 0.817072 0.000000
vt 0.973516 0.826533 0.000000
vt 0.973516 0.835993 0.000000
vt 0.973516 0.845454 0.000000
vt 0.973516 0.854915 0.000000
vt 0.973516 0.864375 0.000000
vt 0.973516 0.873836 0.000000
vt 0.992437 0.760309 0.000000
vt 0.992437 0.769769 0.000000
vt 0.992437 0.779230 0.000000
vt 0.992437 0.788690 0.000000
vt 0.992437 0.798151 0.000000
vt 0.992437 0.807612 0.000000
vt 0.992437 0.817072 0.000000
vt 0.992437 0.826533 0.000000
vt 0.992437 0.835993 0.000000
vt 0.992437 0.845454 0.000000
vt 0.992437 0.854915 0.000000
vt 0.992437 0.864375 0.000000
vt 0.784827 0.383774 0.000000
vt 0.784827 0.398645 0.000000
vt 0.784827 0.413515 0.000000
vt 0.784827 0.428385 0.000000
vt 0.784827 0.443255 0.000000
vt 0.784827 0.458125 0.000000
vt 0.784827 0.472995 0.000000
vt 0.784827 0.487865 0.000000
vt 0.784827 0.502735 0.000000
vt 0.784827 0.517605 0.000000
vt 0.784827 0.532475 0.000000
vt 0.784827 0.547345 0.000000
vt 0.814567 0.383774 0.000000
vt 0.814567 0.398645 0.000000
vt 0.814567 0.413515 0.000000
vt 0.814567 0.428385 0.000000
vt 0.814567 0.443255 0.000000
vt 0.814567 0.458125 0.000000
vt 0.814567 0.472995 0.000000
vt 0.814567 0.487865 0.000000
vt 0.814567 0.502735 0.000000
vt 0.814567 0.517605 0.000000
vt 0.814567 0.532475 0.000000
vt 0.814567 0.547345 0.000000
vt 0.814567 0.562215 0.000000
vt 0.844307 0.383774 0.000000
vt 0.844307 0.398645 0.000000
vt 0.844307 0.413515 0.000000
vt 0.844307 0.428385 0.000000
vt 0.844307 0.443255 0.000000
vt 0.844307 0.458125 0.000000
vt 0.844307 0.472995 0.000000
vt 0.844307 0.487865 0.000000
vt 0.844307 0.502735 0.000000
vt 0.844307 0.517605 0.000000
vt 0.844307 0.532475 0.000000
vt 0.844307 0.547345 0.000000
vt 0.844307 0.562215 0.000000
vt 0.874047 0.383774 0.000000
vt 0.874047 0.398645 0.000000
vt 0.874047 0.413515 0.000000
vt 0.874047 0.428385 0.000000
vt 0.874047 0.443255 0.000000
vt 0.874047 0.458125 0.000000
vt 0.874047 0.472995 0.000000
vt 0.874047 0.487865 0.000000
vt 0.874047 0.502735 0.000000
vt 0.874047 0.517605 0.000000
vt 0.874047 0.532475 0.000000
vt 0.874047 0.547345 0.000000
vt 0.874047 0.562215 0.000000
vt 0.903787 0.383774 0.000000
vt 0.903787 0.398645 0.000000
vt 0.903787 0.413515 0.000000
vt 0.903787 0.428385 0.000000
vt 0.903787 0.443255 0.000000
vt 0.903787 0.458125 0.000000
vt 0.903787 0.472995 0.000000
vt 0.903787 0.487865 0.000000
vt 0.903787 0.502735 0.000000
vt 0.903787 0.517605 0.000000
vt 0.903787 0.532475 0.000000
vt 0.903787 0.547345 0.000000
vt 0.903787 0.562215 0.000000
vt 0.933527 0.383774 0.000000
vt 0.933527 0.398645 0.000000
vt 0.933527 0.413515 0.000000
vt 0.933527 0.428385 0.000000
vt 0.933527 0.443255 0.000000
vt 0.933527 0.458125 0.000000
vt 0.933527 0.472995 0.000000
vt 0.933527 0.487865 0.000000
vt 0.933527 0.502735 0.000000
vt 0.933527 0.517605 0.000000
vt 0.933527 0.532475 0.000000
vt 0.933527 0.547345 0.000000
vt 0.933527 0.562215 0.000000
vt 0.963267 0.383774 0.000000
vt 0.963267 0.398645 0.000000
vt 0.963267 0.413515 0.000000
vt 0.963267 0.428385 0.000000
vt 0.963267 0.443255 0.000000
vt 0.963267 0.458125 0.000000
vt 0.963267 0.472995 0.000000
vt 0.963267 0.487865 0.000000
vt 0.963267 0.502735 0.000000
vt 0.963267 0.517605 0.000000
vt 0.963267 0.532475 0.000000
vt 0.963267 0.547345 0.000000
vt 0.782009 0.568910 0.000000
vt 0.782009 0.583780 0.000000
vt 0.782009 0.598650 0.000000
vt 0.782009 0.613520 0.000000
vt 0.782009 0.628390 0.000000
vt 0.782009 0.643260 0.000000
vt 0.782009 0.658130 0.000000
vt 0.782009 0.673000 0.000000
vt 0.782009 0.687870 0.000000
vt 0.782009 0.702740 0.000000
vt 0.782009 0.717610 0.000000
vt 0.782009 0.732480 0.000000
vt 0.811749 0.568910 0.000000
vt 0.811749 0.583780 0.000000
vt 0.811749 0.598650 0.000000
vt 0.811749 0.613520 0.000000
vt 0.811749 0.628390 0.000000
vt 0.811749 0.643260 0.000000
vt 0.811749 0.658130 0.000000
vt 0.811749 0.673000 0.000000
vt 0.811749 0.687870 0.000000
vt 0.811749 0.702740 0.000000
vt 0.811749 0.717610 0.000000
vt 0.811749 0.732480 0.000000
vt 0.811749 0.747350 0.000000
vt 0.841489 0.568910 0.000000
vt 0.841489 0.583780 0.000000
vt 0.841489 0.598650 0.000000
vt 0.841489 0.613520 0.000000
vt 0.841489 0.628390 0.000000
vt 0.841489 0.643260 0.000000
vt 0.841489 0.658130 0.000000
vt 0.841489 0.673000 0.000000
vt 0.841489 0.687870 0.000000
vt 0.841489 0.702740 0.000000
vt 0.841489 0.717610 0.000000
vt 0.841489 0.732480 0.000000
vt 0.841489 0.747350 0.000000
vt 0.871229 0.568910 0.000000
vt 0.871229 0.583780 0.000000
vt 0.871229 0.598650 0.000000
vt 0.871229 0.613520 0.000000
vt 0.871229 0.628390 0.000000
vt 0.871229 0.643260 0.000000
vt 0.871229 0.658130 0.000000
vt 0.871229 0.673000 0.000000
vt 0.871229 0.687870 0.000000
vt 0.871229 0.702740 0.000000
vt 0.871229 0.717610 0.000000
vt 0.871229 0.732480 0.000000
vt 0.871229 0.747350 0.000000
vt 0.900969 0.568910 0.000000
vt 0.900969 0.583780 0.000000
vt 0.900969 0.598650 0.000000
vt 0.900969 0.613520 0.000000
vt 0.900969 0.628390 0.000000
vt 0.900969 0.643260 0.000000
vt 0.900969 0.658130 0.000000
vt 0.900969 0.673000 0.000000
vt 0.900969 0.687870 0.000000
vt 0.900969 0.702740 0.000000
vt 0.900969 0.717610 0.000000
vt 0.900969 0.732480 0.000000
vt 0.900969 0.747350 0.000000
vt 0.930709 0.568910 0.000000
vt 0.930709 0.583780 0.000000
vt 0.930709 0.598650 0.000000
vt 0.930709 0.613520 0.000000
vt 0.930709 0.628390 0.000000
vt 0.930709 0.643260 0.000000
vt 0.930709 0.658130 0.000000
vt 0.930709 0.673000 0.000000
vt 0.930709 0.687870 0.000000
vt 0.930709 0.702740 0.000000
vt 0.930709 0.717610 0.000000
vt 0.930709 0.732480 0.000000
vt 0.930709 0.747350 0.000000
vt 0.960449 0.568910 0.000000
vt 0.960449 0.583780 0.000000
vt 0.960449 0.598650 0.000000
vt 0.960449 0.613520 0.000000
vt 0.960449 0.628390 0.000000
vt 0.960449 0.643260 0.000000
vt 0.960449 0.658130 0.000000
vt 0.960449 0.673000 0.000000
vt 0.960449 0.687870 0.000000
vt 0.960449 0.702740 0.000000
vt 0.960449 0.717610 0.000000
vt 0.960449 0.732480 0.000000
# 3984 texture coords

g Atom
usemtl wire_088088225
f 1/1 2/2 110/3 5/4 
f 106/5 3/6 111/7 6/8 
f 107/9 108/10 112/11 7/12 
f 4/13 105/14 109/15 8/16 
f 5/4 110/3 114/17 9/18 
f 6/8 111/7 115/19 10/20 
f 7/12 112/11 116/21 11/22 
f 8/16 109/15 113/23 12/24 
f 9/18 114/17 118/25 13/26 
f 10/20 115/19 119/27 14/28 
f 11/22 116/21 120/29 15/30 
f 12/24 113/23 117/31 16/32 
f 13/26 118/25 122/33 17/34 
f 14/28 119/27 123/35 18/36 
f 15/30 120/29 124/37 19/38 
f 16/32 117/31 121/39 20/40 
f 17/34 122/33 126/41 21/42 
f 18/36 123/35 127/43 22/44 
f 19/38 124/37 128/45 23/46 
f 20/40 121/39 125/47 24/48 
f 21/42 126/41 130/49 25/50 
f 22/44 127/43 131/51 26/52 
f 23/46 128/45 132/53 27/54 
f 24/48 125/47 129/55 28/56 
f 25/50 130/49 134/57 29/58 
f 26/52 131/51 135/59 30/60 
f 27/54 132/53 136/61 31/62 
f 28/56 129/55 133/63 32/64 
f 29/58 134/57 138/65 33/66 
f 30/60 135/59 139/67 34/68 
f 31/62 136/61 140/69 35/70 
f 32/64 133/63 137/71 36/72 
f 33/66 138/65 142/73 37/74 
f 34/68 139/67 143/75 38/76 
f 35/70 140/69 144/77 39/78 
f 36/72 137/71 141/79 40/80 
f 37/74 142/73 146/81 41/82 
f 38/76 143/75 147/83 42/84 
f 39/78 144/77 148/85 43/86 
f 40/80 141/79 145/87 44/88 
f 41/82 146/81 150/89 45/90 
f 42/84 147/83 151/91 46/92 
f 43/86 148/85 152/93 47/94 
f 44/88 145/87 149/95 48/96 
f 45/90 150/89 154/97 49/98 
f 46/92 151/91 155/99 50/100 
f 47/94 152/93 156/101 51/102 
f 48/96 149/95 153/103 52/104 
f 49/98 154/97 158/105 53/106 
f 50/100 155/99 159/107 54/108 
f 51/102 156/101 160/109 55/110 
f 52/104 153/103 157/111 56/112 
f 53/106 158/105 162/113 57/114 
f 54/108 159/107 163/115 58/116 
f 55/110 160/109 164/117 59/118 
f 56/112 157/111 161/119 60/120 
f 57/114 162/113 166/121 61/122 
f 58/116 163/115 167/123 62/124 
f 59/118 164/117 168/125 63/126 
f 60/120 161/119 165/127 64/128 
f 61/122 166/121 170/129 65/130 
f 62/124 167/123 171/131 66/132 
f 63/126 168/125 172/133 67/134 
f 64/128 165/127 169/135 68/136 
f 65/130 170/129 174/137 69/138 
f 66/132 171/131 175/139 70/140 
f 67/134 172/133 176/141 71/142 
f 68/136 169/135 173/143 72/144 
f 69/138 174/137 178/145 73/146 
f 70/140 175/139 179/147 74/148 
f 71/142 176/141 180/149 75/150 
f 72/144 173/143 177/151 76/152 
f 73/146 178/145 182/153 77/154 
f 74/148 179/147 183/155 78/156 
f 75/150 180/149 184/157 79/158 
f 76/152 177/151 181/159 80/160 
f 77/154 182/153 186/161 81/162 
f 78/156 183/155 187/163 82/164 
f 79/158 184/157 188/165 83/166 
f 80/160 181/159 185/167 84/168 
f 81/162 186/161 190/169 85/170 
f 82/164 187/163 191/171 86/172 
f 83/166 188/165 192/173 87/174 
f 84/168 185/167 189/175 88/176 
f 85/170 190/169 194/177 89/178 
f 86/172 191/171 195/179 90/180 
f 87/174 192/173 196/181 91/182 
f 88/176 189/175 193/183 92/184 
f 89/178 194/177 198/185 93/186 
f 90/180 195/179 199/187 94/188 
f 91/182 196/181 200/189 95/190 
f 92/184 193/183 197/191 96/192 
f 93/186 198/185 202/193 97/194 
f 94/188 199/187 203/195 98/196 
f 95/190 200/189 204/197 99/198 
f 96/192 197/191 201/199 100/200 
f 97/194 202/193 102/201 205/202 
f 98/196 203/195 103/203 206/204 
f 99/198 204/197 104/205 207/206 
f 100/200 201/199 101/207 208/208 
f 205/202 102/201 2/212 1/209 
f 206/204 103/203 3/215 106/214 
f 207/206 104/205 108/217 107/216 
f 208/208 101/207 105/219 4/218 
f 5/213 109/15 105/14 1/210 
f 2/2 106/5 6/8 110/3 
f 3/6 107/9 7/12 111/7 
f 108/10 4/13 8/16 112/11 
f 9/220 113/23 109/15 5/213 
f 110/3 6/8 10/20 114/17 
f 111/7 7/12 11/22 115/19 
f 112/11 8/16 12/24 116/21 
f 13/221 117/31 113/23 9/220 
f 114/17 10/20 14/28 118/25 
f 115/19 11/22 15/30 119/27 
f 116/21 12/24 16/32 120/29 
f 17/222 121/39 117/31 13/221 
f 118/25 14/28 18/36 122/33 
f 119/27 15/30 19/38 123/35 
f 120/29 16/32 20/40 124/37 
f 21/223 125/47 121/39 17/222 
f 122/33 18/36 22/44 126/41 
f 123/35 19/38 23/46 127/43 
f 124/37 20/40 24/48 128/45 
f 25/224 129/55 125/47 21/223 
f 126/41 22/44 26/52 130/49 
f 127/43 23/46 27/54 131/51 
f 128/45 24/48 28/56 132/53 
f 29/225 133/63 129/55 25/224 
f 130/49 26/52 30/60 134/57 
f 131/51 27/54 31/62 135/59 
f 132/53 28/56 32/64 136/61 
f 33/226 137/71 133/63 29/225 
f 134/57 30/60 34/68 138/65 
f 135/59 31/62 35/70 139/67 
f 136/61 32/64 36/72 140/69 
f 37/227 141/79 137/71 33/226 
f 138/65 34/68 38/76 142/73 
f 139/67 35/70 39/78 143/75 
f 140/69 36/72 40/80 144/77 
f 41/228 145/87 141/79 37/227 
f 142/73 38/76 42/84 146/81 
f 143/75 39/78 43/86 147/83 
f 144/77 40/80 44/88 148/85 
f 45/229 149/95 145/87 41/228 
f 146/81 42/84 46/92 150/89 
f 147/83 43/86 47/94 151/91 
f 148/85 44/88 48/96 152/93 
f 49/230 153/103 149/95 45/229 
f 150/89 46/92 50/100 154/97 
f 151/91 47/94 51/102 155/99 
f 152/93 48/96 52/104 156/101 
f 53/231 157/111 153/103 49/230 
f 154/97 50/100 54/108 158/105 
f 155/99 51/102 55/110 159/107 
f 156/101 52/104 56/112 160/109 
f 57/232 161/119 157/111 53/231 
f 158/105 54/108 58/116 162/113 
f 159/107 55/110 59/118 163/115 
f 160/109 56/112 60/120 164/117 
f 61/233 165/127 161/119 57/232 
f 162/113 58/116 62/124 166/121 
f 163/115 59/118 63/126 167/123 
f 164/117 60/120 64/128 168/125 
f 65/234 169/135 165/127 61/233 
f 166/121 62/124 66/132 170/129 
f 167/123 63/126 67/134 171/131 
f 168/125 64/128 68/136 172/133 
f 69/235 173/143 169/135 65/234 
f 170/129 66/132 70/140 174/137 
f 171/131 67/134 71/142 175/139 
f 172/133 68/136 72/144 176/141 
f 73/236 177/151 173/143 69/235 
f 174/137 70/140 74/148 178/145 
f 175/139 71/142 75/150 179/147 
f 176/141 72/144 76/152 180/149 
f 77/237 181/159 177/151 73/236 
f 178/145 74/148 78/156 182/153 
f 179/147 75/150 79/158 183/155 
f 180/149 76/152 80/160 184/157 
f 81/238 185/167 181/159 77/237 
f 182/153 78/156 82/164 186/161 
f 183/155 79/158 83/166 187/163 
f 184/157 80/160 84/168 188/165 
f 85/239 189/175 185/167 81/238 
f 186/161 82/164 86/172 190/169 
f 187/163 83/166 87/174 191/171 
f 188/165 84/168 88/176 192/173 
f 89/240 193/183 189/175 85/239 
f 190/169 86/172 90/180 194/177 
f 191/171 87/174 91/182 195/179 
f 192/173 88/176 92/184 196/181 
f 93/241 197/191 193/183 89/240 
f 194/177 90/180 94/188 198/185 
f 195/179 91/182 95/190 199/187 
f 196/181 92/184 96/192 200/189 
f 97/242 201/199 197/191 93/241 
f 198/185 94/188 98/196 202/193 
f 199/187 95/190 99/198 203/195 
f 200/189 96/192 100/200 204/197 
f 205/243 101/207 201/199 97/242 
f 202/193 98/196 206/204 102/201 
f 203/195 99/198 207/206 103/203 
f 204/197 100/200 208/208 104/205 
f 1/211 105/219 101/207 205/243 
f 102/201 206/204 106/214 2/212 
f 103/203 207/206 107/216 3/215 
f 104/205 208/208 4/218 108/217 
f 209/244 210/245 318/246 213/247 
f 314/248 211/249 319/250 214/251 
f 315/252 316/253 320/254 215/255 
f 212/256 313/257 317/258 216/259 
f 213/247 318/246 322/260 217/261 
f 214/251 319/250 323/262 218/263 
f 215/255 320/254 324/264 219/265 
f 216/259 317/258 321/266 220/267 
f 217/261 322/260 326/268 221/269 
f 218/263 323/262 327/270 222/271 
f 219/265 324/264 328/272 223/273 
f 220/267 321/266 325/274 224/275 
f 221/269 326/268 330/276 225/277 
f 222/271 327/270 331/278 226/279 
f 223/273 328/272 332/280 227/281 
f 224/275 325/274 329/282 228/283 
f 225/277 330/276 334/284 229/285 
f 226/279 331/278 335/286 230/287 
f 227/281 332/280 336/288 231/289 
f 228/283 329/282 333/290 232/291 
f 229/285 334/284 338/292 233/293 
f 230/287 335/286 339/294 234/295 
f 231/289 336/288 340/296 235/297 
f 232/291 333/290 337/298 236/299 
f 233/293 338/292 342/300 237/301 
f 234/295 339/294 343/302 238/303 
f 235/297 340/296 344/304 239/305 
f 236/299 337/298 341/306 240/307 
f 237/301 342/300 346/308 241/309 
f 238/303 343/302 347/310 242/311 
f 239/305 344/304 348/312 243/313 
f 240/307 341/306 345/314 244/315 
f 241/309 346/308 350/316 245/317 
f 242/311 347/310 351/318 246/319 
f 243/313 348/312 352/320 247/321 
f 244/315 345/314 349/322 248/323 
f 245/317 350/316 354/324 249/325 
f 246/319 351/318 355/326 250/327 
f 247/321 352/320 356/328 251/329 
f 248/323 349/322 353/330 252/331 
f 249/325 354/324 358/332 253/333 
f 250/327 355/326 359/334 254/335 
f 251/329 356/328 360/336 255/337 
f 252/331 353/330 357/338 256/339 
f 253/333 358/332 362/340 257/341 
f 254/335 359/334 363/342 258/343 
f 255/337 360/336 364/344 259/345 
f 256/339 357/338 361/346 260/347 
f 257/341 362/340 366/348 261/349 
f 258/343 363/342 367/350 262/351 
f 259/345 364/344 368/352 263/353 
f 260/347 361/346 365/354 264/355 
f 261/349 366/348 370/356 265/357 
f 262/351 367/350 371/358 266/359 
f 263/353 368/352 372/360 267/361 
f 264/355 365/354 369/362 268/363 
f 265/357 370/356 374/364 269/365 
f 266/359 371/358 375/366 270/367 
f 267/361 372/360 376/368 271/369 
f 268/363 369/362 373/370 272/371 
f 269/365 374/364 378/372 273/373 
f 270/367 375/366 379/374 274/375 
f 271/369 376/368 380/376 275/377 
f 272/371 373/370 377/378 276/379 
f 273/373 378/372 382/380 277/381 
f 274/375 379/374 383/382 278/383 
f 275/377 380/376 384/384 279/385 
f 276/379 377/378 381/386 280/387 
f 277/381 382/380 386/388 281/389 
f 278/383 383/382 387/390 282/391 
f 279/385 384/384 388/392 283/393 
f 280/387 381/386 385/394 284/395 
f 281/389 386/388 390/396 285/397 
f 282/391 387/390 391/398 286/399 
f 283/393 388/392 392/400 287/401 
f 284/395 385/394 389/402 288/403 
f 285/397 390/396 394/404 289/405 
f 286/399 391/398 395/406 290/407 
f 287/401 392/400 396/408 291/409 
f 288/403 389/402 393/410 292/411 
f 289/405 394/404 398/412 293/413 
f 290/407 395/406 399/414 294/415 
f 291/409 396/408 400/416 295/417 
f 292/411 393/410 397/418 296/419 
f 293/413 398/412 402/420 297/421 
f 294/415 399/414 403/422 298/423 
f 295/417 400/416 404/424 299/425 
f 296/419 397/418 401/426 300/427 
f 297/421 402/420 406/428 301/429 
f 298/423 403/422 407/430 302/431 
f 299/425 404/424 408/432 303/433 
f 300/427 401/426 405/434 304/435 
f 301/429 406/428 410/436 305/437 
f 302/431 407/430 411/438 306/439 
f 303/433 408/432 412/440 307/441 
f 304/435 405/434 409/442 308/443 
f 305/437 410/436 310/444 413/445 
f 306/439 411/438 311/446 414/447 
f 307/441 412/440 312/448 415/449 
f 308/443 409/442 309/450 416/451 
f 413/445 310/444 210/455 209/452 
f 414/447 311/446 211/458 314/457 
f 415/449 312/448 316/460 315/459 
f 416/451 309/450 313/462 212/461 
f 213/456 317/258 313/257 209/453 
f 210/245 314/248 214/251 318/246 
f 211/249 315/252 215/255 319/250 
f 316/253 212/256 216/259 320/254 
f 217/463 321/266 317/258 213/456 
f 318/246 214/251 218/263 322/260 
f 319/250 215/255 219/265 323/262 
f 320/254 216/259 220/267 324/264 
f 221/464 325/274 321/266 217/463 
f 322/260 218/263 222/271 326/268 
f 323/262 219/265 223/273 327/270 
f 324/264 220/267 224/275 328/272 
f 225/465 329/282 325/274 221/464 
f 326/268 222/271 226/279 330/276 
f 327/270 223/273 227/281 331/278 
f 328/272 224/275 228/283 332/280 
f 229/466 333/290 329/282 225/465 
f 330/276 226/279 230/287 334/284 
f 331/278 227/281 231/289 335/286 
f 332/280 228/283 232/291 336/288 
f 233/467 337/298 333/290 229/466 
f 334/284 230/287 234/295 338/292 
f 335/286 231/289 235/297 339/294 
f 336/288 232/291 236/299 340/296 
f 237/468 341/306 337/298 233/467 
f 338/292 234/295 238/303 342/300 
f 339/294 235/297 239/305 343/302 
f 340/296 236/299 240/307 344/304 
f 241/469 345/314 341/306 237/468 
f 342/300 238/303 242/311 346/308 
f 343/302 239/305 243/313 347/310 
f 344/304 240/307 244/315 348/312 
f 245/470 349/322 345/314 241/469 
f 346/308 242/311 246/319 350/316 
f 347/310 243/313 247/321 351/318 
f 348/312 244/315 248/323 352/320 
f 249/471 353/330 349/322 245/470 
f 350/316 246/319 250/327 354/324 
f 351/318 247/321 251/329 355/326 
f 352/320 248/323 252/331 356/328 
f 253/472 357/338 353/330 249/471 
f 354/324 250/327 254/335 358/332 
f 355/326 251/329 255/337 359/334 
f 356/328 252/331 256/339 360/336 
f 257/473 361/346 357/338 253/472 
f 358/332 254/335 258/343 362/340 
f 359/334 255/337 259/345 363/342 
f 360/336 256/339 260/347 364/344 
f 261/474 365/354 361/346 257/473 
f 362/340 258/343 262/351 366/348 
f 363/342 259/345 263/353 367/350 
f 364/344 260/347 264/355 368/352 
f 265/475 369/362 365/354 261/474 
f 366/348 262/351 266/359 370/356 
f 367/350 263/353 267/361 371/358 
f 368/352 264/355 268/363 372/360 
f 269/476 373/370 369/362 265/475 
f 370/356 266/359 270/367 374/364 
f 371/358 267/361 271/369 375/366 
f 372/360 268/363 272/371 376/368 
f 273/477 377/378 373/370 269/476 
f 374/364 270/367 274/375 378/372 
f 375/366 271/369 275/377 379/374 
f 376/368 272/371 276/379 380/376 
f 277/478 381/386 377/378 273/477 
f 378/372 274/375 278/383 382/380 
f 379/374 275/377 279/385 383/382 
f 380/376 276/379 280/387 384/384 
f 281/479 385/394 381/386 277/478 
f 382/380 278/383 282/391 386/388 
f 383/382 279/385 283/393 387/390 
f 384/384 280/387 284/395 388/392 
f 285/480 389/402 385/394 281/479 
f 386/388 282/391 286/399 390/396 
f 387/390 283/393 287/401 391/398 
f 388/392 284/395 288/403 392/400 
f 289/481 393/410 389/402 285/480 
f 390/396 286/399 290/407 394/404 
f 391/398 287/401 291/409 395/406 
f 392/400 288/403 292/411 396/408 
f 293/482 397/418 393/410 289/481 
f 394/404 290/407 294/415 398/412 
f 395/406 291/409 295/417 399/414 
f 396/408 292/411 296/419 400/416 
f 297/483 401/426 397/418 293/482 
f 398/412 294/415 298/423 402/420 
f 399/414 295/417 299/425 403/422 
f 400/416 296/419 300/427 404/424 
f 301/484 405/434 401/426 297/483 
f 402/420 298/423 302/431 406/428 
f 403/422 299/425 303/433 407/430 
f 404/424 300/427 304/435 408/432 
f 305/485 409/442 405/434 301/484 
f 406/428 302/431 306/439 410/436 
f 407/430 303/433 307/441 411/438 
f 408/432 304/435 308/443 412/440 
f 413/486 309/450 409/442 305/485 
f 410/436 306/439 414/447 310/444 
f 411/438 307/441 415/449 311/446 
f 412/440 308/443 416/451 312/448 
f 209/454 313/462 309/450 413/486 
f 310/444 414/447 314/457 210/455 
f 311/446 415/449 315/459 211/458 
f 312/448 416/451 212/461 316/460 
f 417/487 418/488 526/489 421/490 
f 522/491 419/492 527/493 422/494 
f 523/495 524/496 528/497 423/498 
f 420/499 521/500 525/501 424/502 
f 421/490 526/489 530/503 425/504 
f 422/494 527/493 531/505 426/506 
f 423/498 528/497 532/507 427/508 
f 424/502 525/501 529/509 428/510 
f 425/504 530/503 534/511 429/512 
f 426/506 531/505 535/513 430/514 
f 427/508 532/507 536/515 431/516 
f 428/510 529/509 533/517 432/518 
f 429/512 534/511 538/519 433/520 
f 430/514 535/513 539/521 434/522 
f 431/516 536/515 540/523 435/524 
f 432/518 533/517 537/525 436/526 
f 433/520 538/519 542/527 437/528 
f 434/522 539/521 543/529 438/530 
f 435/524 540/523 544/531 439/532 
f 436/526 537/525 541/533 440/534 
f 437/528 542/527 546/535 441/536 
f 438/530 543/529 547/537 442/538 
f 439/532 544/531 548/539 443/540 
f 440/534 541/533 545/541 444/542 
f 441/536 546/535 550/543 445/544 
f 442/538 547/537 551/545 446/546 
f 443/540 548/539 552/547 447/548 
f 444/542 545/541 549/549 448/550 
f 445/544 550/543 554/551 449/552 
f 446/546 551/545 555/553 450/554 
f 447/548 552/547 556/555 451/556 
f 448/550 549/549 553/557 452/558 
f 449/552 554/551 558/559 453/560 
f 450/554 555/553 559/561 454/562 
f 451/556 556/555 560/563 455/564 
f 452/558 553/557 557/565 456/566 
f 453/560 558/559 562/567 457/568 
f 454/562 559/561 563/569 458/570 
f 455/564 560/563 564/571 459/572 
f 456/566 557/565 561/573 460/574 
f 457/568 562/567 566/575 461/576 
f 458/570 563/569 567/577 462/578 
f 459/572 564/571 568/579 463/580 
f 460/574 561/573 565/581 464/582 
f 461/576 566/575 570/583 465/584 
f 462/578 567/577 571/585 466/586 
f 463/580 568/579 572/587 467/588 
f 464/582 565/581 569/589 468/590 
f 465/584 570/583 574/591 469/592 
f 466/586 571/585 575/593 470/594 
f 467/588 572/587 576/595 471/596 
f 468/590 569/589 573/597 472/598 
f 469/592 574/591 578/599 473/600 
f 470/594 575/593 579/601 474/602 
f 471/596 576/595 580/603 475/604 
f 472/598 573/597 577/605 476/606 
f 473/600 578/599 582/607 477/608 
f 474/602 579/601 583/609 478/610 
f 475/604 580/603 584/611 479/612 
f 476/606 577/605 581/613 480/614 
f 477/608 582/607 586/615 481/616 
f 478/610 583/609 587/617 482/618 
f 479/612 584/611 588/619 483/620 
f 480/614 581/613 585/621 484/622 
f 481/616 586/615 590/623 485/624 
f 482/618 587/617 591/625 486/626 
f 483/620 588/619 592/627 487/628 
f 484/622 585/621 589/629 488/630 
f 485/624 590/623 594/631 489/632 
f 486/626 591/625 595/633 490/634 
f 487/628 592/627 596/635 491/636 
f 488/630 589/629 593/637 492/638 
f 489/632 594/631 598/639 493/640 
f 490/634 595/633 599/641 494/642 
f 491/636 596/635 600/643 495/644 
f 492/638 593/637 597/645 496/646 
f 493/640 598/639 602/647 497/648 
f 494/642 599/641 603/649 498/650 
f 495/644 600/643 604/651 499/652 
f 496/646 597/645 601/653 500/654 
f 497/648 602/647 606/655 501/656 
f 498/650 603/649 607/657 502/658 
f 499/652 604/651 608/659 503/660 
f 500/654 601/653 605/661 504/662 
f 501/656 606/655 610/663 505/664 
f 502/658 607/657 611/665 506/666 
f 503/660 608/659 612/667 507/668 
f 504/662 605/661 609/669 508/670 
f 505/664 610/663 614/671 509/672 
f 506/666 611/665 615/673 510/674 
f 507/668 612/667 616/675 511/676 
f 508/670 609/669 613/677 512/678 
f 509/672 614/671 618/679 513/680 
f 510/674 615/673 619/681 514/682 
f 511/676 616/675 620/683 515/684 
f 512/678 613/677 617/685 516/686 
f 513/680 618/679 518/687 621/688 
f 514/682 619/681 519/689 622/690 
f 515/684 620/683 520/691 623/692 
f 516/686 617/685 517/693 624/694 
f 621/688 518/687 418/698 417/695 
f 622/690 519/689 419/701 522/700 
f 623/692 520/691 524/703 523/702 
f 624/694 517/693 521/705 420/704 
f 421/699 525/501 521/500 417/696 
f 418/488 522/491 422/494 526/489 
f 419/492 523/495 423/498 527/493 
f 524/496 420/499 424/502 528/497 
f 425/706 529/509 525/501 421/699 
f 526/489 422/494 426/506 530/503 
f 527/493 423/498 427/508 531/505 
f 528/497 424/502 428/510 532/507 
f 429/707 533/517 529/509 425/706 
f 530/503 426/506 430/514 534/511 
f 531/505 427/508 431/516 535/513 
f 532/507 428/510 432/518 536/515 
f 433/708 537/525 533/517 429/707 
f 534/511 430/514 434/522 538/519 
f 535/513 431/516 435/524 539/521 
f 536/515 432/518 436/526 540/523 
f 437/709 541/533 537/525 433/708 
f 538/519 434/522 438/530 542/527 
f 539/521 435/524 439/532 543/529 
f 540/523 436/526 440/534 544/531 
f 441/710 545/541 541/533 437/709 
f 542/527 438/530 442/538 546/535 
f 543/529 439/532 443/540 547/537 
f 544/531 440/534 444/542 548/539 
f 445/711 549/549 545/541 441/710 
f 546/535 442/538 446/546 550/543 
f 547/537 443/540 447/548 551/545 
f 548/539 444/542 448/550 552/547 
f 449/712 553/557 549/549 445/711 
f 550/543 446/546 450/554 554/551 
f 551/545 447/548 451/556 555/553 
f 552/547 448/550 452/558 556/555 
f 453/713 557/565 553/557 449/712 
f 554/551 450/554 454/562 558/559 
f 555/553 451/556 455/564 559/561 
f 556/555 452/558 456/566 560/563 
f 457/714 561/573 557/565 453/713 
f 558/559 454/562 458/570 562/567 
f 559/561 455/564 459/572 563/569 
f 560/563 456/566 460/574 564/571 
f 461/715 565/581 561/573 457/714 
f 562/567 458/570 462/578 566/575 
f 563/569 459/572 463/580 567/577 
f 564/571 460/574 464/582 568/579 
f 465/716 569/589 565/581 461/715 
f 566/575 462/578 466/586 570/583 
f 567/577 463/580 467/588 571/585 
f 568/579 464/582 468/590 572/587 
f 469/717 573/597 569/589 465/716 
f 570/583 466/586 470/594 574/591 
f 571/585 467/588 471/596 575/593 
f 572/587 468/590 472/598 576/595 
f 473/718 577/605 573/597 469/717 
f 574/591 470/594 474/602 578/599 
f 575/593 471/596 475/604 579/601 
f 576/595 472/598 476/606 580/603 
f 477/719 581/613 577/605 473/718 
f 578/599 474/602 478/610 582/607 
f 579/601 475/604 479/612 583/609 
f 580/603 476/606 480/614 584/611 
f 481/720 585/621 581/613 477/719 
f 582/607 478/610 482/618 586/615 
f 583/609 479/612 483/620 587/617 
f 584/611 480/614 484/622 588/619 
f 485/721 589/629 585/621 481/720 
f 586/615 482/618 486/626 590/623 
f 587/617 483/620 487/628 591/625 
f 588/619 484/622 488/630 592/627 
f 489/722 593/637 589/629 485/721 
f 590/623 486/626 490/634 594/631 
f 591/625 487/628 491/636 595/633 
f 592/627 488/630 492/638 596/635 
f 493/723 597/645 593/637 489/722 
f 594/631 490/634 494/642 598/639 
f 595/633 491/636 495/644 599/641 
f 596/635 492/638 496/646 600/643 
f 497/724 601/653 597/645 493/723 
f 598/639 494/642 498/650 602/647 
f 599/641 495/644 499/652 603/649 
f 600/643 496/646 500/654 604/651 
f 501/725 605/661 601/653 497/724 
f 602/647 498/650 502/658 606/655 
f 603/649 499/652 503/660 607/657 
f 604/651 500/654 504/662 608/659 
f 505/726 609/669 605/661 501/725 
f 606/655 502/658 506/666 610/663 
f 607/657 503/660 507/668 611/665 
f 608/659 504/662 508/670 612/667 
f 509/727 613/677 609/669 505/726 
f 610/663 506/666 510/674 614/671 
f 611/665 507/668 511/676 615/673 
f 612/667 508/670 512/678 616/675 
f 513/728 617/685 613/677 509/727 
f 614/671 510/674 514/682 618/679 
f 615/673 511/676 515/684 619/681 
f 616/675 512/678 516/686 620/683 
f 621/729 517/693 617/685 513/728 
f 618/679 514/682 622/690 518/687 
f 619/681 515/684 623/692 519/689 
f 620/683 516/686 624/694 520/691 
f 417/697 521/705 517/693 621/729 
f 518/687 622/690 522/700 418/698 
f 519/689 623/692 523/702 419/701 
f 520/691 624/694 420/704 524/703 
f 625/730 626/731 734/732 629/733 
f 730/734 627/735 735/736 630/737 
f 731/738 732/739 736/740 631/741 
f 628/742 729/743 733/744 632/745 
f 629/733 734/732 738/746 633/747 
f 630/737 735/736 739/748 634/749 
f 631/741 736/740 740/750 635/751 
f 632/745 733/744 737/752 636/753 
f 633/747 738/746 742/754 637/755 
f 634/749 739/748 743/756 638/757 
f 635/751 740/750 744/758 639/759 
f 636/753 737/752 741/760 640/761 
f 637/755 742/754 746/762 641/763 
f 638/757 743/756 747/764 642/765 
f 639/759 744/758 748/766 643/767 
f 640/761 741/760 745/768 644/769 
f 641/763 746/762 750/770 645/771 
f 642/765 747/764 751/772 646/773 
f 643/767 748/766 752/774 647/775 
f 644/769 745/768 749/776 648/777 
f 645/771 750/770 754/778 649/779 
f 646/773 751/772 755/780 650/781 
f 647/775 752/774 756/782 651/783 
f 648/777 749/776 753/784 652/785 
f 649/779 754/778 758/786 653/787 
f 650/781 755/780 759/788 654/789 
f 651/783 756/782 760/790 655/791 
f 652/785 753/784 757/792 656/793 
f 653/787 758/786 762/794 657/795 
f 654/789 759/788 763/796 658/797 
f 655/791 760/790 764/798 659/799 
f 656/793 757/792 761/800 660/801 
f 657/795 762/794 766/802 661/803 
f 658/797 763/796 767/804 662/805 
f 659/799 764/798 768/806 663/807 
f 660/801 761/800 765/808 664/809 
f 661/803 766/802 770/810 665/811 
f 662/805 767/804 771/812 666/813 
f 663/807 768/806 772/814 667/815 
f 664/809 765/808 769/816 668/817 
f 665/811 770/810 774/818 669/819 
f 666/813 771/812 775/820 670/821 
f 667/815 772/814 776/822 671/823 
f 668/817 769/816 773/824 672/825 
f 669/819 774/818 778/826 673/827 
f 670/821 775/820 779/828 674/829 
f 671/823 776/822 780/830 675/831 
f 672/825 773/824 777/832 676/833 
f 673/827 778/826 782/834 677/835 
f 674/829 779/828 783/836 678/837 
f 675/831 780/830 784/838 679/839 
f 676/833 777/832 781/840 680/841 
f 677/835 782/834 786/842 681/843 
f 678/837 783/836 787/844 682/845 
f 679/839 784/838 788/846 683/847 
f 680/841 781/840 785/848 684/849 
f 681/843 786/842 790/850 685/851 
f 682/845 787/844 791/852 686/853 
f 683/847 788/846 792/854 687/855 
f 684/849 785/848 789/856 688/857 
f 685/851 790/850 794/858 689/859 
f 686/853 791/852 795/860 690/861 
f 687/855 792/854 796/862 691/863 
f 688/857 789/856 793/864 692/865 
f 689/859 794/858 798/866 693/867 
f 690/861 795/860 799/868 694/869 
f 691/863 796/862 800/870 695/871 
f 692/865 793/864 797/872 696/873 
f 693/867 798/866 802/874 697/875 
f 694/869 799/868 803/876 698/877 
f 695/871 800/870 804/878 699/879 
f 696/873 797/872 801/880 700/881 
f 697/875 802/874 806/882 701/883 
f 698/877 803/876 807/884 702/885 
f 699/879 804/878 808/886 703/887 
f 700/881 801/880 805/888 704/889 
f 701/883 806/882 810/890 705/891 
f 702/885 807/884 811/892 706/893 
f 703/887 808/886 812/894 707/895 
f 704/889 805/888 809/896 708/897 
f 705/891 810/890 814/898 709/899 
f 706/893 811/892 815/900 710/901 
f 707/895 812/894 816/902 711/903 
f 708/897 809/896 813/904 712/905 
f 709/899 814/898 818/906 713/907 
f 710/901 815/900 819/908 714/909 
f 711/903 816/902 820/910 715/911 
f 712/905 813/904 817/912 716/913 
f 713/907 818/906 822/914 717/915 
f 714/909 819/908 823/916 718/917 
f 715/911 820/910 824/918 719/919 
f 716/913 817/912 821/920 720/921 
f 717/915 822/914 826/922 721/923 
f 718/917 823/916 827/924 722/925 
f 719/919 824/918 828/926 723/927 
f 720/921 821/920 825/928 724/929 
f 721/923 826/922 726/930 829/931 
f 722/925 827/924 727/932 830/933 
f 723/927 828/926 728/934 831/935 
f 724/929 825/928 725/936 832/937 
f 829/931 726/930 626/941 625/938 
f 830/933 727/932 627/944 730/943 
f 831/935 728/934 732/946 731/945 
f 832/937 725/936 729/948 628/947 
f 629/942 733/744 729/743 625/939 
f 626/731 730/734 630/737 734/732 
f 627/735 731/738 631/741 735/736 
f 732/739 628/742 632/745 736/740 
f 633/949 737/752 733/744 629/942 
f 734/732 630/737 634/749 738/746 
f 735/736 631/741 635/751 739/748 
f 736/740 632/745 636/753 740/750 
f 637/950 741/760 737/752 633/949 
f 738/746 634/749 638/757 742/754 
f 739/748 635/751 639/759 743/756 
f 740/750 636/753 640/761 744/758 
f 641/951 745/768 741/760 637/950 
f 742/754 638/757 642/765 746/762 
f 743/756 639/759 643/767 747/764 
f 744/758 640/761 644/769 748/766 
f 645/952 749/776 745/768 641/951 
f 746/762 642/765 646/773 750/770 
f 747/764 643/767 647/775 751/772 
f 748/766 644/769 648/777 752/774 
f 649/953 753/784 749/776 645/952 
f 750/770 646/773 650/781 754/778 
f 751/772 647/775 651/783 755/780 
f 752/774 648/777 652/785 756/782 
f 653/954 757/792 753/784 649/953 
f 754/778 650/781 654/789 758/786 
f 755/780 651/783 655/791 759/788 
f 756/782 652/785 656/793 760/790 
f 657/955 761/800 757/792 653/954 
f 758/786 654/789 658/797 762/794 
f 759/788 655/791 659/799 763/796 
f 760/790 656/793 660/801 764/798 
f 661/956 765/808 761/800 657/955 
f 762/794 658/797 662/805 766/802 
f 763/796 659/799 663/807 767/804 
f 764/798 660/801 664/809 768/806 
f 665/957 769/816 765/808 661/956 
f 766/802 662/805 666/813 770/810 
f 767/804 663/807 667/815 771/812 
f 768/806 664/809 668/817 772/814 
f 669/958 773/824 769/816 665/957 
f 770/810 666/813 670/821 774/818 
f 771/812 667/815 671/823 775/820 
f 772/814 668/817 672/825 776/822 
f 673/959 777/832 773/824 669/958 
f 774/818 670/821 674/829 778/826 
f 775/820 671/823 675/831 779/828 
f 776/822 672/825 676/833 780/830 
f 677/960 781/840 777/832 673/959 
f 778/826 674/829 678/837 782/834 
f 779/828 675/831 679/839 783/836 
f 780/830 676/833 680/841 784/838 
f 681/961 785/848 781/840 677/960 
f 782/834 678/837 682/845 786/842 
f 783/836 679/839 683/847 787/844 
f 784/838 680/841 684/849 788/846 
f 685/962 789/856 785/848 681/961 
f 786/842 682/845 686/853 790/850 
f 787/844 683/847 687/855 791/852 
f 788/846 684/849 688/857 792/854 
f 689/963 793/864 789/856 685/962 
f 790/850 686/853 690/861 794/858 
f 791/852 687/855 691/863 795/860 
f 792/854 688/857 692/865 796/862 
f 693/964 797/872 793/864 689/963 
f 794/858 690/861 694/869 798/866 
f 795/860 691/863 695/871 799/868 
f 796/862 692/865 696/873 800/870 
f 697/965 801/880 797/872 693/964 
f 798/866 694/869 698/877 802/874 
f 799/868 695/871 699/879 803/876 
f 800/870 696/873 700/881 804/878 
f 701/966 805/888 801/880 697/965 
f 802/874 698/877 702/885 806/882 
f 803/876 699/879 703/887 807/884 
f 804/878 700/881 704/889 808/886 
f 705/967 809/896 805/888 701/966 
f 806/882 702/885 706/893 810/890 
f 807/884 703/887 707/895 811/892 
f 808/886 704/889 708/897 812/894 
f 709/968 813/904 809/896 705/967 
f 810/890 706/893 710/901 814/898 
f 811/892 707/895 711/903 815/900 
f 812/894 708/897 712/905 816/902 
f 713/969 817/912 813/904 709/968 
f 814/898 710/901 714/909 818/906 
f 815/900 711/903 715/911 819/908 
f 816/902 712/905 716/913 820/910 
f 717/970 821/920 817/912 713/969 
f 818/906 714/909 718/917 822/914 
f 819/908 715/911 719/919 823/916 
f 820/910 716/913 720/921 824/918 
f 721/971 825/928 821/920 717/970 
f 822/914 718/917 722/925 826/922 
f 823/916 719/919 723/927 827/924 
f 824/918 720/921 724/929 828/926 
f 829/972 725/936 825/928 721/971 
f 826/922 722/925 830/933 726/930 
f 827/924 723/927 831/935 727/932 
f 828/926 724/929 832/937 728/934 
f 625/940 729/948 725/936 829/972 
f 726/930 830/933 730/943 626/941 
f 727/932 831/935 731/945 627/944 
f 728/934 832/937 628/947 732/946 
f 833/973 834/985 835/986 
f 833/974 835/986 836/987 
f 833/975 836/987 837/988 
f 833/976 837/988 838/989 
f 833/977 838/989 839/990 
f 833/978 839/990 840/991 
f 833/979 840/991 841/992 
f 833/980 841/992 842/993 
f 833/981 842/993 843/994 
f 833/982 843/994 844/995 
f 833/983 844/995 845/996 
f 833/984 845/996 834/997 
f 847/999 835/986 834/985 846/998 
f 848/1000 836/987 835/986 847/999 
f 849/1001 837/988 836/987 848/1000 
f 850/1002 838/989 837/988 849/1001 
f 851/1003 839/990 838/989 850/1002 
f 852/1004 840/991 839/990 851/1003 
f 853/1005 841/992 840/991 852/1004 
f 854/1006 842/993 841/992 853/1005 
f 855/1007 843/994 842/993 854/1006 
f 856/1008 844/995 843/994 855/1007 
f 857/1009 845/996 844/995 856/1008 
f 846/1010 834/997 845/996 857/1009 
f 859/1012 847/999 846/998 858/1011 
f 860/1013 848/1000 847/999 859/1012 
f 861/1014 849/1001 848/1000 860/1013 
f 862/1015 850/1002 849/1001 861/1014 
f 863/1016 851/1003 850/1002 862/1015 
f 864/1017 852/1004 851/1003 863/1016 
f 865/1018 853/1005 852/1004 864/1017 
f 866/1019 854/1006 853/1005 865/1018 
f 867/1020 855/1007 854/1006 866/1019 
f 868/1021 856/1008 855/1007 867/1020 
f 869/1022 857/1009 856/1008 868/1021 
f 858/1023 846/1010 857/1009 869/1022 
f 871/1025 859/1012 858/1011 870/1024 
f 872/1026 860/1013 859/1012 871/1025 
f 873/1027 861/1014 860/1013 872/1026 
f 874/1028 862/1015 861/1014 873/1027 
f 875/1029 863/1016 862/1015 874/1028 
f 876/1030 864/1017 863/1016 875/1029 
f 877/1031 865/1018 864/1017 876/1030 
f 878/1032 866/1019 865/1018 877/1031 
f 879/1033 867/1020 866/1019 878/1032 
f 880/1034 868/1021 867/1020 879/1033 
f 881/1035 869/1022 868/1021 880/1034 
f 870/1036 858/1023 869/1022 881/1035 
f 883/1038 871/1025 870/1024 882/1037 
f 884/1039 872/1026 871/1025 883/1038 
f 885/1040 873/1027 872/1026 884/1039 
f 886/1041 874/1028 873/1027 885/1040 
f 887/1042 875/1029 874/1028 886/1041 
f 888/1043 876/1030 875/1029 887/1042 
f 889/1044 877/1031 876/1030 888/1043 
f 890/1045 878/1032 877/1031 889/1044 
f 891/1046 879/1033 878/1032 890/1045 
f 892/1047 880/1034 879/1033 891/1046 
f 893/1048 881/1035 880/1034 892/1047 
f 882/1049 870/1036 881/1035 893/1048 
f 894/1050 883/1038 882/1037 
f 894/1051 884/1039 883/1038 
f 894/1052 885/1040 884/1039 
f 894/1053 886/1041 885/1040 
f 894/1054 887/1042 886/1041 
f 894/1055 888/1043 887/1042 
f 894/1056 889/1044 888/1043 
f 894/1057 890/1045 889/1044 
f 894/1058 891/1046 890/1045 
f 894/1059 892/1047 891/1046 
f 894/1060 893/1048 892/1047 
f 894/1061 882/1049 893/1048 
f 895/1062 896/1074 897/1075 
f 895/1063 897/1075 898/1076 
f 895/1064 898/1076 899/1077 
f 895/1065 899/1077 900/1078 
f 895/1066 900/1078 901/1079 
f 895/1067 901/1079 902/1080 
f 895/1068 902/1080 903/1081 
f 895/1069 903/1081 904/1082 
f 895/1070 904/1082 905/1083 
f 895/1071 905/1083 906/1084 
f 895/1072 906/1084 907/1085 
f 895/1073 907/1085 896/1086 
f 909/1088 897/1075 896/1074 908/1087 
f 910/1089 898/1076 897/1075 909/1088 
f 911/1090 899/1077 898/1076 910/1089 
f 912/1091 900/1078 899/1077 911/1090 
f 913/1092 901/1079 900/1078 912/1091 
f 914/1093 902/1080 901/1079 913/1092 
f 915/1094 903/1081 902/1080 914/1093 
f 916/1095 904/1082 903/1081 915/1094 
f 917/1096 905/1083 904/1082 916/1095 
f 918/1097 906/1084 905/1083 917/1096 
f 919/1098 907/1085 906/1084 918/1097 
f 908/1099 896/1086 907/1085 919/1098 
f 921/1101 909/1088 908/1087 920/1100 
f 922/1102 910/1089 909/1088 921/1101 
f 923/1103 911/1090 910/1089 922/1102 
f 924/1104 912/1091 911/1090 923/1103 
f 925/1105 913/1092 912/1091 924/1104 
f 926/1106 914/1093 913/1092 925/1105 
f 927/1107 915/1094 914/1093 926/1106 
f 928/1108 916/1095 915/1094 927/1107 
f 929/1109 917/1096 916/1095 928/1108 
f 930/1110 918/1097 917/1096 929/1109 
f 931/1111 919/1098 918/1097 930/1110 
f 920/1112 908/1099 919/1098 931/1111 
f 933/1114 921/1101 920/1100 932/1113 
f 934/1115 922/1102 921/1101 933/1114 
f 935/1116 923/1103 922/1102 934/1115 
f 936/1117 924/1104 923/1103 935/1116 
f 937/1118 925/1105 924/1104 936/1117 
f 938/1119 926/1106 925/1105 937/1118 
f 939/1120 927/1107 926/1106 938/1119 
f 940/1121 928/1108 927/1107 939/1120 
f 941/1122 929/1109 928/1108 940/1121 
f 942/1123 930/1110 929/1109 941/1122 
f 943/1124 931/1111 930/1110 942/1123 
f 932/1125 920/1112 931/1111 943/1124 
f 945/1127 933/1114 932/1113 944/1126 
f 946/1128 934/1115 933/1114 945/1127 
f 947/1129 935/1116 934/1115 946/1128 
f 948/1130 936/1117 935/1116 947/1129 
f 949/1131 937/1118 936/1117 948/1130 
f 950/1132 938/1119 937/1118 949/1131 
f 951/1133 939/1120 938/1119 950/1132 
f 952/1134 940/1121 939/1120 951/1133 
f 953/1135 941/1122 940/1121 952/1134 
f 954/1136 942/1123 941/1122 953/1135 
f 955/1137 943/1124 942/1123 954/1136 
f 944/1138 932/1125 943/1124 955/1137 
f 956/1139 945/1127 944/1126 
f 956/1140 946/1128 945/1127 
f 956/1141 947/1129 946/1128 
f 956/1142 948/1130 947/1129 
f 956/1143 949/1131 948/1130 
f 956/1144 950/1132 949/1131 
f 956/1145 951/1133 950/1132 
f 956/1146 952/1134 951/1133 
f 956/1147 953/1135 952/1134 
f 956/1148 954/1136 953/1135 
f 956/1149 955/1137 954/1136 
f 956/1150 944/1138 955/1137 
f 957/1151 958/1163 959/1164 
f 957/1152 959/1164 960/1165 
f 957/1153 960/1165 961/1166 
f 957/1154 961/1166 962/1167 
f 957/1155 962/1167 963/1168 
f 957/1156 963/1168 964/1169 
f 957/1157 964/1169 965/1170 
f 957/1158 965/1170 966/1171 
f 957/1159 966/1171 967/1172 
f 957/1160 967/1172 968/1173 
f 957/1161 968/1173 969/1174 
f 957/1162 969/1174 958/1175 
f 971/1177 959/1164 958/1163 970/1176 
f 972/1178 960/1165 959/1164 971/1177 
f 973/1179 961/1166 960/1165 972/1178 
f 974/1180 962/1167 961/1166 973/1179 
f 975/1181 963/1168 962/1167 974/1180 
f 976/1182 964/1169 963/1168 975/1181 
f 977/1183 965/1170 964/1169 976/1182 
f 978/1184 966/1171 965/1170 977/1183 
f 979/1185 967/1172 966/1171 978/1184 
f 980/1186 968/1173 967/1172 979/1185 
f 981/1187 969/1174 968/1173 980/1186 
f 970/1188 958/1175 969/1174 981/1187 
f 983/1190 971/1177 970/1176 982/1189 
f 984/1191 972/1178 971/1177 983/1190 
f 985/1192 973/1179 972/1178 984/1191 
f 986/1193 974/1180 973/1179 985/1192 
f 987/1194 975/1181 974/1180 986/1193 
f 988/1195 976/1182 975/1181 987/1194 
f 989/1196 977/1183 976/1182 988/1195 
f 990/1197 978/1184 977/1183 989/1196 
f 991/1198 979/1185 978/1184 990/1197 
f 992/1199 980/1186 979/1185 991/1198 
f 993/1200 981/1187 980/1186 992/1199 
f 982/1201 970/1188 981/1187 993/1200 
f 995/1203 983/1190 982/1189 994/1202 
f 996/1204 984/1191 983/1190 995/1203 
f 997/1205 985/1192 984/1191 996/1204 
f 998/1206 986/1193 985/1192 997/1205 
f 999/1207 987/1194 986/1193 998/1206 
f 1000/1208 988/1195 987/1194 999/1207 
f 1001/1209 989/1196 988/1195 1000/1208 
f 1002/1210 990/1197 989/1196 1001/1209 
f 1003/1211 991/1198 990/1197 1002/1210 
f 1004/1212 992/1199 991/1198 1003/1211 
f 1005/1213 993/1200 992/1199 1004/1212 
f 994/1214 982/1201 993/1200 1005/1213 
f 1007/1216 995/1203 994/1202 1006/1215 
f 1008/1217 996/1204 995/1203 1007/1216 
f 1009/1218 997/1205 996/1204 1008/1217 
f 1010/1219 998/1206 997/1205 1009/1218 
f 1011/1220 999/1207 998/1206 1010/1219 
f 1012/1221 1000/1208 999/1207 1011/1220 
f 1013/1222 1001/1209 1000/1208 1012/1221 
f 1014/1223 1002/1210 1001/1209 1013/1222 
f 1015/1224 1003/1211 1002/1210 1014/1223 
f 1016/1225 1004/1212 1003/1211 1015/1224 
f 1017/1226 1005/1213 1004/1212 1016/1225 
f 1006/1227 994/1214 1005/1213 1017/1226 
f 1018/1228 1007/1216 1006/1215 
f 1018/1229 1008/1217 1007/1216 
f 1018/1230 1009/1218 1008/1217 
f 1018/1231 1010/1219 1009/1218 
f 1018/1232 1011/1220 1010/1219 
f 1018/1233 1012/1221 1011/1220 
f 1018/1234 1013/1222 1012/1221 
f 1018/1235 1014/1223 1013/1222 
f 1018/1236 1015/1224 1014/1223 
f 1018/1237 1016/1225 1015/1224 
f 1018/1238 1017/1226 1016/1225 
f 1018/1239 1006/1227 1017/1226 
f 1019/1240 1020/1241 1128/1242 1023/1243 
f 1124/1244 1021/1245 1129/1246 1024/1247 
f 1125/1248 1126/1249 1130/1250 1025/1251 
f 1022/1252 1123/1253 1127/1254 1026/1255 
f 1023/1243 1128/1242 1132/1256 1027/1257 
f 1024/1247 1129/1246 1133/1258 1028/1259 
f 1025/1251 1130/1250 1134/1260 1029/1261 
f 1026/1255 1127/1254 1131/1262 1030/1263 
f 1027/1257 1132/1256 1136/1264 1031/1265 
f 1028/1259 1133/1258 1137/1266 1032/1267 
f 1029/1261 1134/1260 1138/1268 1033/1269 
f 1030/1263 1131/1262 1135/1270 1034/1271 
f 1031/1265 1136/1264 1140/1272 1035/1273 
f 1032/1267 1137/1266 1141/1274 1036/1275 
f 1033/1269 1138/1268 1142/1276 1037/1277 
f 1034/1271 1135/1270 1139/1278 1038/1279 
f 1035/1273 1140/1272 1144/1280 1039/1281 
f 1036/1275 1141/1274 1145/1282 1040/1283 
f 1037/1277 1142/1276 1146/1284 1041/1285 
f 1038/1279 1139/1278 1143/1286 1042/1287 
f 1039/1281 1144/1280 1148/1288 1043/1289 
f 1040/1283 1145/1282 1149/1290 1044/1291 
f 1041/1285 1146/1284 1150/1292 1045/1293 
f 1042/1287 1143/1286 1147/1294 1046/1295 
f 1043/1289 1148/1288 1152/1296 1047/1297 
f 1044/1291 1149/1290 1153/1298 1048/1299 
f 1045/1293 1150/1292 1154/1300 1049/1301 
f 1046/1295 1147/1294 1151/1302 1050/1303 
f 1047/1297 1152/1296 1156/1304 1051/1305 
f 1048/1299 1153/1298 1157/1306 1052/1307 
f 1049/1301 1154/1300 1158/1308 1053/1309 
f 1050/1303 1151/1302 1155/1310 1054/1311 
f 1051/1305 1156/1304 1160/1312 1055/1313 
f 1052/1307 1157/1306 1161/1314 1056/1315 
f 1053/1309 1158/1308 1162/1316 1057/1317 
f 1054/1311 1155/1310 1159/1318 1058/1319 
f 1055/1313 1160/1312 1164/1320 1059/1321 
f 1056/1315 1161/1314 1165/1322 1060/1323 
f 1057/1317 1162/1316 1166/1324 1061/1325 
f 1058/1319 1159/1318 1163/1326 1062/1327 
f 1059/1321 1164/1320 1168/1328 1063/1329 
f 1060/1323 1165/1322 1169/1330 1064/1331 
f 1061/1325 1166/1324 1170/1332 1065/1333 
f 1062/1327 1163/1326 1167/1334 1066/1335 
f 1063/1329 1168/1328 1172/1336 1067/1337 
f 1064/1331 1169/1330 1173/1338 1068/1339 
f 1065/1333 1170/1332 1174/1340 1069/1341 
f 1066/1335 1167/1334 1171/1342 1070/1343 
f 1067/1337 1172/1336 1176/1344 1071/1345 
f 1068/1339 1173/1338 1177/1346 1072/1347 
f 1069/1341 1174/1340 1178/1348 1073/1349 
f 1070/1343 1171/1342 1175/1350 1074/1351 
f 1071/1345 1176/1344 1180/1352 1075/1353 
f 1072/1347 1177/1346 1181/1354 1076/1355 
f 1073/1349 1178/1348 1182/1356 1077/1357 
f 1074/1351 1175/1350 1179/1358 1078/1359 
f 1075/1353 1180/1352 1184/1360 1079/1361 
f 1076/1355 1181/1354 1185/1362 1080/1363 
f 1077/1357 1182/1356 1186/1364 1081/1365 
f 1078/1359 1179/1358 1183/1366 1082/1367 
f 1079/1361 1184/1360 1188/1368 1083/1369 
f 1080/1363 1185/1362 1189/1370 1084/1371 
f 1081/1365 1186/1364 1190/1372 1085/1373 
f 1082/1367 1183/1366 1187/1374 1086/1375 
f 1083/1369 1188/1368 1192/1376 1087/1377 
f 1084/1371 1189/1370 1193/1378 1088/1379 
f 1085/1373 1190/1372 1194/1380 1089/1381 
f 1086/1375 1187/1374 1191/1382 1090/1383 
f 1087/1377 1192/1376 1196/1384 1091/1385 
f 1088/1379 1193/1378 1197/1386 1092/1387 
f 1089/1381 1194/1380 1198/1388 1093/1389 
f 1090/1383 1191/1382 1195/1390 1094/1391 
f 1091/1385 1196/1384 1200/1392 1095/1393 
f 1092/1387 1197/1386 1201/1394 1096/1395 
f 1093/1389 1198/1388 1202/1396 1097/1397 
f 1094/1391 1195/1390 1199/1398 1098/1399 
f 1095/1393 1200/1392 1204/1400 1099/1401 
f 1096/1395 1201/1394 1205/1402 1100/1403 
f 1097/1397 1202/1396 1206/1404 1101/1405 
f 1098/1399 1199/1398 1203/1406 1102/1407 
f 1099/1401 1204/1400 1208/1408 1103/1409 
f 1100/1403 1205/1402 1209/1410 1104/1411 
f 1101/1405 1206/1404 1210/1412 1105/1413 
f 1102/1407 1203/1406 1207/1414 1106/1415 
f 1103/1409 1208/1408 1212/1416 1107/1417 
f 1104/1411 1209/1410 1213/1418 1108/1419 
f 1105/1413 1210/1412 1214/1420 1109/1421 
f 1106/1415 1207/1414 1211/1422 1110/1423 
f 1107/1417 1212/1416 1216/1424 1111/1425 
f 1108/1419 1213/1418 1217/1426 1112/1427 
f 1109/1421 1214/1420 1218/1428 1113/1429 
f 1110/1423 1211/1422 1215/1430 1114/1431 
f 1111/1425 1216/1424 1220/1432 1115/1433 
f 1112/1427 1217/1426 1221/1434 1116/1435 
f 1113/1429 1218/1428 1222/1436 1117/1437 
f 1114/1431 1215/1430 1219/1438 1118/1439 
f 1115/1433 1220/1432 1120/1440 1223/1441 
f 1116/1435 1221/1434 1121/1442 1224/1443 
f 1117/1437 1222/1436 1122/1444 1225/1445 
f 1118/1439 1219/1438 1119/1446 1226/1447 
f 1223/1441 1120/1440 1020/1451 1019/1448 
f 1224/1443 1121/1442 1021/1454 1124/1453 
f 1225/1445 1122/1444 1126/1456 1125/1455 
f 1226/1447 1119/1446 1123/1458 1022/1457 
f 1023/1452 1127/1254 1123/1253 1019/1449 
f 1020/1241 1124/1244 1024/1247 1128/1242 
f 1021/1245 1125/1248 1025/1251 1129/1246 
f 1126/1249 1022/1252 1026/1255 1130/1250 
f 1027/1459 1131/1262 1127/1254 1023/1452 
f 1128/1242 1024/1247 1028/1259 1132/1256 
f 1129/1246 1025/1251 1029/1261 1133/1258 
f 1130/1250 1026/1255 1030/1263 1134/1260 
f 1031/1460 1135/1270 1131/1262 1027/1459 
f 1132/1256 1028/1259 1032/1267 1136/1264 
f 1133/1258 1029/1261 1033/1269 1137/1266 
f 1134/1260 1030/1263 1034/1271 1138/1268 
f 1035/1461 1139/1278 1135/1270 1031/1460 
f 1136/1264 1032/1267 1036/1275 1140/1272 
f 1137/1266 1033/1269 1037/1277 1141/1274 
f 1138/1268 1034/1271 1038/1279 1142/1276 
f 1039/1462 1143/1286 1139/1278 1035/1461 
f 1140/1272 1036/1275 1040/1283 1144/1280 
f 1141/1274 1037/1277 1041/1285 1145/1282 
f 1142/1276 1038/1279 1042/1287 1146/1284 
f 1043/1463 1147/1294 1143/1286 1039/1462 
f 1144/1280 1040/1283 1044/1291 1148/1288 
f 1145/1282 1041/1285 1045/1293 1149/1290 
f 1146/1284 1042/1287 1046/1295 1150/1292 
f 1047/1464 1151/1302 1147/1294 1043/1463 
f 1148/1288 1044/1291 1048/1299 1152/1296 
f 1149/1290 1045/1293 1049/1301 1153/1298 
f 1150/1292 1046/1295 1050/1303 1154/1300 
f 1051/1465 1155/1310 1151/1302 1047/1464 
f 1152/1296 1048/1299 1052/1307 1156/1304 
f 1153/1298 1049/1301 1053/1309 1157/1306 
f 1154/1300 1050/1303 1054/1311 1158/1308 
f 1055/1466 1159/1318 1155/1310 1051/1465 
f 1156/1304 1052/1307 1056/1315 1160/1312 
f 1157/1306 1053/1309 1057/1317 1161/1314 
f 1158/1308 1054/1311 1058/1319 1162/1316 
f 1059/1467 1163/1326 1159/1318 1055/1466 
f 1160/1312 1056/1315 1060/1323 1164/1320 
f 1161/1314 1057/1317 1061/1325 1165/1322 
f 1162/1316 1058/1319 1062/1327 1166/1324 
f 1063/1468 1167/1334 1163/1326 1059/1467 
f 1164/1320 1060/1323 1064/1331 1168/1328 
f 1165/1322 1061/1325 1065/1333 1169/1330 
f 1166/1324 1062/1327 1066/1335 1170/1332 
f 1067/1469 1171/1342 1167/1334 1063/1468 
f 1168/1328 1064/1331 1068/1339 1172/1336 
f 1169/1330 1065/1333 1069/1341 1173/1338 
f 1170/1332 1066/1335 1070/1343 1174/1340 
f 1071/1470 1175/1350 1171/1342 1067/1469 
f 1172/1336 1068/1339 1072/1347 1176/1344 
f 1173/1338 1069/1341 1073/1349 1177/1346 
f 1174/1340 1070/1343 1074/1351 1178/1348 
f 1075/1471 1179/1358 1175/1350 1071/1470 
f 1176/1344 1072/1347 1076/1355 1180/1352 
f 1177/1346 1073/1349 1077/1357 1181/1354 
f 1178/1348 1074/1351 1078/1359 1182/1356 
f 1079/1472 1183/1366 1179/1358 1075/1471 
f 1180/1352 1076/1355 1080/1363 1184/1360 
f 1181/1354 1077/1357 1081/1365 1185/1362 
f 1182/1356 1078/1359 1082/1367 1186/1364 
f 1083/1473 1187/1374 1183/1366 1079/1472 
f 1184/1360 1080/1363 1084/1371 1188/1368 
f 1185/1362 1081/1365 1085/1373 1189/1370 
f 1186/1364 1082/1367 1086/1375 1190/1372 
f 1087/1474 1191/1382 1187/1374 1083/1473 
f 1188/1368 1084/1371 1088/1379 1192/1376 
f 1189/1370 1085/1373 1089/1381 1193/1378 
f 1190/1372 1086/1375 1090/1383 1194/1380 
f 1091/1475 1195/1390 1191/1382 1087/1474 
f 1192/1376 1088/1379 1092/1387 1196/1384 
f 1193/1378 1089/1381 1093/1389 1197/1386 
f 1194/1380 1090/1383 1094/1391 1198/1388 
f 1095/1476 1199/1398 1195/1390 1091/1475 
f 1196/1384 1092/1387 1096/1395 1200/1392 
f 1197/1386 1093/1389 1097/1397 1201/1394 
f 1198/1388 1094/1391 1098/1399 1202/1396 
f 1099/1477 1203/1406 1199/1398 1095/1476 
f 1200/1392 1096/1395 1100/1403 1204/1400 
f 1201/1394 1097/1397 1101/1405 1205/1402 
f 1202/1396 1098/1399 1102/1407 1206/1404 
f 1103/1478 1207/1414 1203/1406 1099/1477 
f 1204/1400 1100/1403 1104/1411 1208/1408 
f 1205/1402 1101/1405 1105/1413 1209/1410 
f 1206/1404 1102/1407 1106/1415 1210/1412 
f 1107/1479 1211/1422 1207/1414 1103/1478 
f 1208/1408 1104/1411 1108/1419 1212/1416 
f 1209/1410 1105/1413 1109/1421 1213/1418 
f 1210/1412 1106/1415 1110/1423 1214/1420 
f 1111/1480 1215/1430 1211/1422 1107/1479 
f 1212/1416 1108/1419 1112/1427 1216/1424 
f 1213/1418 1109/1421 1113/1429 1217/1426 
f 1214/1420 1110/1423 1114/1431 1218/1428 
f 1115/1481 1219/1438 1215/1430 1111/1480 
f 1216/1424 1112/1427 1116/1435 1220/1432 
f 1217/1426 1113/1429 1117/1437 1221/1434 
f 1218/1428 1114/1431 1118/1439 1222/1436 
f 1223/1482 1119/1446 1219/1438 1115/1481 
f 1220/1432 1116/1435 1224/1443 1120/1440 
f 1221/1434 1117/1437 1225/1445 1121/1442 
f 1222/1436 1118/1439 1226/1447 1122/1444 
f 1019/1450 1123/1458 1119/1446 1223/1482 
f 1120/1440 1224/1443 1124/1453 1020/1451 
f 1121/1442 1225/1445 1125/1455 1021/1454 
f 1122/1444 1226/1447 1022/1457 1126/1456 
f 1227/1483 1228/1484 1336/1485 1231/1486 
f 1332/1487 1229/1488 1337/1489 1232/1490 
f 1333/1491 1334/1492 1338/1493 1233/1494 
f 1230/1495 1331/1496 1335/1497 1234/1498 
f 1231/1486 1336/1485 1340/1499 1235/1500 
f 1232/1490 1337/1489 1341/1501 1236/1502 
f 1233/1494 1338/1493 1342/1503 1237/1504 
f 1234/1498 1335/1497 1339/1505 1238/1506 
f 1235/1500 1340/1499 1344/1507 1239/1508 
f 1236/1502 1341/1501 1345/1509 1240/1510 
f 1237/1504 1342/1503 1346/1511 1241/1512 
f 1238/1506 1339/1505 1343/1513 1242/1514 
f 1239/1508 1344/1507 1348/1515 1243/1516 
f 1240/1510 1345/1509 1349/1517 1244/1518 
f 1241/1512 1346/1511 1350/1519 1245/1520 
f 1242/1514 1343/1513 1347/1521 1246/1522 
f 1243/1516 1348/1515 1352/1523 1247/1524 
f 1244/1518 1349/1517 1353/1525 1248/1526 
f 1245/1520 1350/1519 1354/1527 1249/1528 
f 1246/1522 1347/1521 1351/1529 1250/1530 
f 1247/1524 1352/1523 1356/1531 1251/1532 
f 1248/1526 1353/1525 1357/1533 1252/1534 
f 1249/1528 1354/1527 1358/1535 1253/1536 
f 1250/1530 1351/1529 1355/1537 1254/1538 
f 1251/1532 1356/1531 1360/1539 1255/1540 
f 1252/1534 1357/1533 1361/1541 1256/1542 
f 1253/1536 1358/1535 1362/1543 1257/1544 
f 1254/1538 1355/1537 1359/1545 1258/1546 
f 1255/1540 1360/1539 1364/1547 1259/1548 
f 1256/1542 1361/1541 1365/1549 1260/1550 
f 1257/1544 1362/1543 1366/1551 1261/1552 
f 1258/1546 1359/1545 1363/1553 1262/1554 
f 1259/1548 1364/1547 1368/1555 1263/1556 
f 1260/1550 1365/1549 1369/1557 1264/1558 
f 1261/1552 1366/1551 1370/1559 1265/1560 
f 1262/1554 1363/1553 1367/1561 1266/1562 
f 1263/1556 1368/1555 1372/1563 1267/1564 
f 1264/1558 1369/1557 1373/1565 1268/1566 
f 1265/1560 1370/1559 1374/1567 1269/1568 
f 1266/1562 1367/1561 1371/1569 1270/1570 
f 1267/1564 1372/1563 1376/1571 1271/1572 
f 1268/1566 1373/1565 1377/1573 1272/1574 
f 1269/1568 1374/1567 1378/1575 1273/1576 
f 1270/1570 1371/1569 1375/1577 1274/1578 
f 1271/1572 1376/1571 1380/1579 1275/1580 
f 1272/1574 1377/1573 1381/1581 1276/1582 
f 1273/1576 1378/1575 1382/1583 1277/1584 
f 1274/1578 1375/1577 1379/1585 1278/1586 
f 1275/1580 1380/1579 1384/1587 1279/1588 
f 1276/1582 1381/1581 1385/1589 1280/1590 
f 1277/1584 1382/1583 1386/1591 1281/1592 
f 1278/1586 1379/1585 1383/1593 1282/1594 
f 1279/1588 1384/1587 1388/1595 1283/1596 
f 1280/1590 1385/1589 1389/1597 1284/1598 
f 1281/1592 1386/1591 1390/1599 1285/1600 
f 1282/1594 1383/1593 1387/1601 1286/1602 
f 1283/1596 1388/1595 1392/1603 1287/1604 
f 1284/1598 1389/1597 1393/1605 1288/1606 
f 1285/1600 1390/1599 1394/1607 1289/1608 
f 1286/1602 1387/1601 1391/1609 1290/1610 
f 1287/1604 1392/1603 1396/1611 1291/1612 
f 1288/1606 1393/1605 1397/1613 1292/1614 
f 1289/1608 1394/1607 1398/1615 1293/1616 
f 1290/1610 1391/1609 1395/1617 1294/1618 
f 1291/1612 1396/1611 1400/1619 1295/1620 
f 1292/1614 1397/1613 1401/1621 1296/1622 
f 1293/1616 1398/1615 1402/1623 1297/1624 
f 1294/1618 1395/1617 1399/1625 1298/1626 
f 1295/1620 1400/1619 1404/1627 1299/1628 
f 1296/1622 1401/1621 1405/1629 1300/1630 
f 1297/1624 1402/1623 1406/1631 1301/1632 
f 1298/1626 1399/1625 1403/1633 1302/1634 
f 1299/1628 1404/1627 1408/1635 1303/1636 
f 1300/1630 1405/1629 1409/1637 1304/1638 
f 1301/1632 1406/1631 1410/1639 1305/1640 
f 1302/1634 1403/1633 1407/1641 1306/1642 
f 1303/1636 1408/1635 1412/1643 1307/1644 
f 1304/1638 1409/1637 1413/1645 1308/1646 
f 1305/1640 1410/1639 1414/1647 1309/1648 
f 1306/1642 1407/1641 1411/1649 1310/1650 
f 1307/1644 1412/1643 1416/1651 1311/1652 
f 1308/1646 1413/1645 1417/1653 1312/1654 
f 1309/1648 1414/1647 1418/1655 1313/1656 
f 1310/1650 1411/1649 1415/1657 1314/1658 
f 1311/1652 1416/1651 1420/1659 1315/1660 
f 1312/1654 1417/1653 1421/1661 1316/1662 
f 1313/1656 1418/1655 1422/1663 1317/1664 
f 1314/1658 1415/1657 1419/1665 1318/1666 
f 1315/1660 1420/1659 1424/1667 1319/1668 
f 1316/1662 1421/1661 1425/1669 1320/1670 
f 1317/1664 1422/1663 1426/1671 1321/1672 
f 1318/1666 1419/1665 1423/1673 1322/1674 
f 1319/1668 1424/1667 1428/1675 1323/1676 
f 1320/1670 1425/1669 1429/1677 1324/1678 
f 1321/1672 1426/1671 1430/1679 1325/1680 
f 1322/1674 1423/1673 1427/1681 1326/1682 
f 1323/1676 1428/1675 1328/1683 1431/1684 
f 1324/1678 1429/1677 1329/1685 1432/1686 
f 1325/1680 1430/1679 1330/1687 1433/1688 
f 1326/1682 1427/1681 1327/1689 1434/1690 
f 1431/1684 1328/1683 1228/1694 1227/1691 
f 1432/1686 1329/1685 1229/1697 1332/1696 
f 1433/1688 1330/1687 1334/1699 1333/1698 
f 1434/1690 1327/1689 1331/1701 1230/1700 
f 1231/1695 1335/1497 1331/1496 1227/1692 
f 1228/1484 1332/1487 1232/1490 1336/1485 
f 1229/1488 1333/1491 1233/1494 1337/1489 
f 1334/1492 1230/1495 1234/1498 1338/1493 
f 1235/1702 1339/1505 1335/1497 1231/1695 
f 1336/1485 1232/1490 1236/1502 1340/1499 
f 1337/1489 1233/1494 1237/1504 1341/1501 
f 1338/1493 1234/1498 1238/1506 1342/1503 
f 1239/1703 1343/1513 1339/1505 1235/1702 
f 1340/1499 1236/1502 1240/1510 1344/1507 
f 1341/1501 1237/1504 1241/1512 1345/1509 
f 1342/1503 1238/1506 1242/1514 1346/1511 
f 1243/1704 1347/1521 1343/1513 1239/1703 
f 1344/1507 1240/1510 1244/1518 1348/1515 
f 1345/1509 1241/1512 1245/1520 1349/1517 
f 1346/1511 1242/1514 1246/1522 1350/1519 
f 1247/1705 1351/1529 1347/1521 1243/1704 
f 1348/1515 1244/1518 1248/1526 1352/1523 
f 1349/1517 1245/1520 1249/1528 1353/1525 
f 1350/1519 1246/1522 1250/1530 1354/1527 
f 1251/1706 1355/1537 1351/1529 1247/1705 
f 1352/1523 1248/1526 1252/1534 1356/1531 
f 1353/1525 1249/1528 1253/1536 1357/1533 
f 1354/1527 1250/1530 1254/1538 1358/1535 
f 1255/1707 1359/1545 1355/1537 1251/1706 
f 1356/1531 1252/1534 1256/1542 1360/1539 
f 1357/1533 1253/1536 1257/1544 1361/1541 
f 1358/1535 1254/1538 1258/1546 1362/1543 
f 1259/1708 1363/1553 1359/1545 1255/1707 
f 1360/1539 1256/1542 1260/1550 1364/1547 
f 1361/1541 1257/1544 1261/1552 1365/1549 
f 1362/1543 1258/1546 1262/1554 1366/1551 
f 1263/1709 1367/1561 1363/1553 1259/1708 
f 1364/1547 1260/1550 1264/1558 1368/1555 
f 1365/1549 1261/1552 1265/1560 1369/1557 
f 1366/1551 1262/1554 1266/1562 1370/1559 
f 1267/1710 1371/1569 1367/1561 1263/1709 
f 1368/1555 1264/1558 1268/1566 1372/1563 
f 1369/1557 1265/1560 1269/1568 1373/1565 
f 1370/1559 1266/1562 1270/1570 1374/1567 
f 1271/1711 1375/1577 1371/1569 1267/1710 
f 1372/1563 1268/1566 1272/1574 1376/1571 
f 1373/1565 1269/1568 1273/1576 1377/1573 
f 1374/1567 1270/1570 1274/1578 1378/1575 
f 1275/1712 1379/1585 1375/1577 1271/1711 
f 1376/1571 1272/1574 1276/1582 1380/1579 
f 1377/1573 1273/1576 1277/1584 1381/1581 
f 1378/1575 1274/1578 1278/1586 1382/1583 
f 1279/1713 1383/1593 1379/1585 1275/1712 
f 1380/1579 1276/1582 1280/1590 1384/1587 
f 1381/1581 1277/1584 1281/1592 1385/1589 
f 1382/1583 1278/1586 1282/1594 1386/1591 
f 1283/1714 1387/1601 1383/1593 1279/1713 
f 1384/1587 1280/1590 1284/1598 1388/1595 
f 1385/1589 1281/1592 1285/1600 1389/1597 
f 1386/1591 1282/1594 1286/1602 1390/1599 
f 1287/1715 1391/1609 1387/1601 1283/1714 
f 1388/1595 1284/1598 1288/1606 1392/1603 
f 1389/1597 1285/1600 1289/1608 1393/1605 
f 1390/1599 1286/1602 1290/1610 1394/1607 
f 1291/1716 1395/1617 1391/1609 1287/1715 
f 1392/1603 1288/1606 1292/1614 1396/1611 
f 1393/1605 1289/1608 1293/1616 1397/1613 
f 1394/1607 1290/1610 1294/1618 1398/1615 
f 1295/1717 1399/1625 1395/1617 1291/1716 
f 1396/1611 1292/1614 1296/1622 1400/1619 
f 1397/1613 1293/1616 1297/1624 1401/1621 
f 1398/1615 1294/1618 1298/1626 1402/1623 
f 1299/1718 1403/1633 1399/1625 1295/1717 
f 1400/1619 1296/1622 1300/1630 1404/1627 
f 1401/1621 1297/1624 1301/1632 1405/1629 
f 1402/1623 1298/1626 1302/1634 1406/1631 
f 1303/1719 1407/1641 1403/1633 1299/1718 
f 1404/1627 1300/1630 1304/1638 1408/1635 
f 1405/1629 1301/1632 1305/1640 1409/1637 
f 1406/1631 1302/1634 1306/1642 1410/1639 
f 1307/1720 1411/1649 1407/1641 1303/1719 
f 1408/1635 1304/1638 1308/1646 1412/1643 
f 1409/1637 1305/1640 1309/1648 1413/1645 
f 1410/1639 1306/1642 1310/1650 1414/1647 
f 1311/1721 1415/1657 1411/1649 1307/1720 
f 1412/1643 1308/1646 1312/1654 1416/1651 
f 1413/1645 1309/1648 1313/1656 1417/1653 
f 1414/1647 1310/1650 1314/1658 1418/1655 
f 1315/1722 1419/1665 1415/1657 1311/1721 
f 1416/1651 1312/1654 1316/1662 1420/1659 
f 1417/1653 1313/1656 1317/1664 1421/1661 
f 1418/1655 1314/1658 1318/1666 1422/1663 
f 1319/1723 1423/1673 1419/1665 1315/1722 
f 1420/1659 1316/1662 1320/1670 1424/1667 
f 1421/1661 1317/1664 1321/1672 1425/1669 
f 1422/1663 1318/1666 1322/1674 1426/1671 
f 1323/1724 1427/1681 1423/1673 1319/1723 
f 1424/1667 1320/1670 1324/1678 1428/1675 
f 1425/1669 1321/1672 1325/1680 1429/1677 
f 1426/1671 1322/1674 1326/1682 1430/1679 
f 1431/1725 1327/1689 1427/1681 1323/1724 
f 1428/1675 1324/1678 1432/1686 1328/1683 
f 1429/1677 1325/1680 1433/1688 1329/1685 
f 1430/1679 1326/1682 1434/1690 1330/1687 
f 1227/1693 1331/1701 1327/1689 1431/1725 
f 1328/1683 1432/1686 1332/1696 1228/1694 
f 1329/1685 1433/1688 1333/1698 1229/1697 
f 1330/1687 1434/1690 1230/1700 1334/1699 
f 1435/1726 1436/1727 1544/1728 1439/1729 
f 1540/1730 1437/1731 1545/1732 1440/1733 
f 1541/1734 1542/1735 1546/1736 1441/1737 
f 1438/1738 1539/1739 1543/1740 1442/1741 
f 1439/1729 1544/1728 1548/1742 1443/1743 
f 1440/1733 1545/1732 1549/1744 1444/1745 
f 1441/1737 1546/1736 1550/1746 1445/1747 
f 1442/1741 1543/1740 1547/1748 1446/1749 
f 1443/1743 1548/1742 1552/1750 1447/1751 
f 1444/1745 1549/1744 1553/1752 1448/1753 
f 1445/1747 1550/1746 1554/1754 1449/1755 
f 1446/1749 1547/1748 1551/1756 1450/1757 
f 1447/1751 1552/1750 1556/1758 1451/1759 
f 1448/1753 1553/1752 1557/1760 1452/1761 
f 1449/1755 1554/1754 1558/1762 1453/1763 
f 1450/1757 1551/1756 1555/1764 1454/1765 
f 1451/1759 1556/1758 1560/1766 1455/1767 
f 1452/1761 1557/1760 1561/1768 1456/1769 
f 1453/1763 1558/1762 1562/1770 1457/1771 
f 1454/1765 1555/1764 1559/1772 1458/1773 
f 1455/1767 1560/1766 1564/1774 1459/1775 
f 1456/1769 1561/1768 1565/1776 1460/1777 
f 1457/1771 1562/1770 1566/1778 1461/1779 
f 1458/1773 1559/1772 1563/1780 1462/1781 
f 1459/1775 1564/1774 1568/1782 1463/1783 
f 1460/1777 1565/1776 1569/1784 1464/1785 
f 1461/1779 1566/1778 1570/1786 1465/1787 
f 1462/1781 1563/1780 1567/1788 1466/1789 
f 1463/1783 1568/1782 1572/1790 1467/1791 
f 1464/1785 1569/1784 1573/1792 1468/1793 
f 1465/1787 1570/1786 1574/1794 1469/1795 
f 1466/1789 1567/1788 1571/1796 1470/1797 
f 1467/1791 1572/1790 1576/1798 1471/1799 
f 1468/1793 1573/1792 1577/1800 1472/1801 
f 1469/1795 1574/1794 1578/1802 1473/1803 
f 1470/1797 1571/1796 1575/1804 1474/1805 
f 1471/1799 1576/1798 1580/1806 1475/1807 
f 1472/1801 1577/1800 1581/1808 1476/1809 
f 1473/1803 1578/1802 1582/1810 1477/1811 
f 1474/1805 1575/1804 1579/1812 1478/1813 
f 1475/1807 1580/1806 1584/1814 1479/1815 
f 1476/1809 1581/1808 1585/1816 1480/1817 
f 1477/1811 1582/1810 1586/1818 1481/1819 
f 1478/1813 1579/1812 1583/1820 1482/1821 
f 1479/1815 1584/1814 1588/1822 1483/1823 
f 1480/1817 1585/1816 1589/1824 1484/1825 
f 1481/1819 1586/1818 1590/1826 1485/1827 
f 1482/1821 1583/1820 1587/1828 1486/1829 
f 1483/1823 1588/1822 1592/1830 1487/1831 
f 1484/1825 1589/1824 1593/1832 1488/1833 
f 1485/1827 1590/1826 1594/1834 1489/1835 
f 1486/1829 1587/1828 1591/1836 1490/1837 
f 1487/1831 1592/1830 1596/1838 1491/1839 
f 1488/1833 1593/1832 1597/1840 1492/1841 
f 1489/1835 1594/1834 1598/1842 1493/1843 
f 1490/1837 1591/1836 1595/1844 1494/1845 
f 1491/1839 1596/1838 1600/1846 1495/1847 
f 1492/1841 1597/1840 1601/1848 1496/1849 
f 1493/1843 1598/1842 1602/1850 1497/1851 
f 1494/1845 1595/1844 1599/1852 1498/1853 
f 1495/1847 1600/1846 1604/1854 1499/1855 
f 1496/1849 1601/1848 1605/1856 1500/1857 
f 1497/1851 1602/1850 1606/1858 1501/1859 
f 1498/1853 1599/1852 1603/1860 1502/1861 
f 1499/1855 1604/1854 1608/1862 1503/1863 
f 1500/1857 1605/1856 1609/1864 1504/1865 
f 1501/1859 1606/1858 1610/1866 1505/1867 
f 1502/1861 1603/1860 1607/1868 1506/1869 
f 1503/1863 1608/1862 1612/1870 1507/1871 
f 1504/1865 1609/1864 1613/1872 1508/1873 
f 1505/1867 1610/1866 1614/1874 1509/1875 
f 1506/1869 1607/1868 1611/1876 1510/1877 
f 1507/1871 1612/1870 1616/1878 1511/1879 
f 1508/1873 1613/1872 1617/1880 1512/1881 
f 1509/1875 1614/1874 1618/1882 1513/1883 
f 1510/1877 1611/1876 1615/1884 1514/1885 
f 1511/1879 1616/1878 1620/1886 1515/1887 
f 1512/1881 1617/1880 1621/1888 1516/1889 
f 1513/1883 1618/1882 1622/1890 1517/1891 
f 1514/1885 1615/1884 1619/1892 1518/1893 
f 1515/1887 1620/1886 1624/1894 1519/1895 
f 1516/1889 1621/1888 1625/1896 1520/1897 
f 1517/1891 1622/1890 1626/1898 1521/1899 
f 1518/1893 1619/1892 1623/1900 1522/1901 
f 1519/1895 1624/1894 1628/1902 1523/1903 
f 1520/1897 1625/1896 1629/1904 1524/1905 
f 1521/1899 1626/1898 1630/1906 1525/1907 
f 1522/1901 1623/1900 1627/1908 1526/1909 
f 1523/1903 1628/1902 1632/1910 1527/1911 
f 1524/1905 1629/1904 1633/1912 1528/1913 
f 1525/1907 1630/1906 1634/1914 1529/1915 
f 1526/1909 1627/1908 1631/1916 1530/1917 
f 1527/1911 1632/1910 1636/1918 1531/1919 
f 1528/1913 1633/1912 1637/1920 1532/1921 
f 1529/1915 1634/1914 1638/1922 1533/1923 
f 1530/1917 1631/1916 1635/1924 1534/1925 
f 1531/1919 1636/1918 1536/1926 1639/1927 
f 1532/1921 1637/1920 1537/1928 1640/1929 
f 1533/1923 1638/1922 1538/1930 1641/1931 
f 1534/1925 1635/1924 1535/1932 1642/1933 
f 1639/1927 1536/1926 1436/1937 1435/1934 
f 1640/1929 1537/1928 1437/1940 1540/1939 
f 1641/1931 1538/1930 1542/1942 1541/1941 
f 1642/1933 1535/1932 1539/1944 1438/1943 
f 1439/1938 1543/1740 1539/1739 1435/1935 
f 1436/1727 1540/1730 1440/1733 1544/1728 
f 1437/1731 1541/1734 1441/1737 1545/1732 
f 1542/1735 1438/1738 1442/1741 1546/1736 
f 1443/1945 1547/1748 1543/1740 1439/1938 
f 1544/1728 1440/1733 1444/1745 1548/1742 
f 1545/1732 1441/1737 1445/1747 1549/1744 
f 1546/1736 1442/1741 1446/1749 1550/1746 
f 1447/1946 1551/1756 1547/1748 1443/1945 
f 1548/1742 1444/1745 1448/1753 1552/1750 
f 1549/1744 1445/1747 1449/1755 1553/1752 
f 1550/1746 1446/1749 1450/1757 1554/1754 
f 1451/1947 1555/1764 1551/1756 1447/1946 
f 1552/1750 1448/1753 1452/1761 1556/1758 
f 1553/1752 1449/1755 1453/1763 1557/1760 
f 1554/1754 1450/1757 1454/1765 1558/1762 
f 1455/1948 1559/1772 1555/1764 1451/1947 
f 1556/1758 1452/1761 1456/1769 1560/1766 
f 1557/1760 1453/1763 1457/1771 1561/1768 
f 1558/1762 1454/1765 1458/1773 1562/1770 
f 1459/1949 1563/1780 1559/1772 1455/1948 
f 1560/1766 1456/1769 1460/1777 1564/1774 
f 1561/1768 1457/1771 1461/1779 1565/1776 
f 1562/1770 1458/1773 1462/1781 1566/1778 
f 1463/1950 1567/1788 1563/1780 1459/1949 
f 1564/1774 1460/1777 1464/1785 1568/1782 
f 1565/1776 1461/1779 1465/1787 1569/1784 
f 1566/1778 1462/1781 1466/1789 1570/1786 
f 1467/1951 1571/1796 1567/1788 1463/1950 
f 1568/1782 1464/1785 1468/1793 1572/1790 
f 1569/1784 1465/1787 1469/1795 1573/1792 
f 1570/1786 1466/1789 1470/1797 1574/1794 
f 1471/1952 1575/1804 1571/1796 1467/1951 
f 1572/1790 1468/1793 1472/1801 1576/1798 
f 1573/1792 1469/1795 1473/1803 1577/1800 
f 1574/1794 1470/1797 1474/1805 1578/1802 
f 1475/1953 1579/1812 1575/1804 1471/1952 
f 1576/1798 1472/1801 1476/1809 1580/1806 
f 1577/1800 1473/1803 1477/1811 1581/1808 
f 1578/1802 1474/1805 1478/1813 1582/1810 
f 1479/1954 1583/1820 1579/1812 1475/1953 
f 1580/1806 1476/1809 1480/1817 1584/1814 
f 1581/1808 1477/1811 1481/1819 1585/1816 
f 1582/1810 1478/1813 1482/1821 1586/1818 
f 1483/1955 1587/1828 1583/1820 1479/1954 
f 1584/1814 1480/1817 1484/1825 1588/1822 
f 1585/1816 1481/1819 1485/1827 1589/1824 
f 1586/1818 1482/1821 1486/1829 1590/1826 
f 1487/1956 1591/1836 1587/1828 1483/1955 
f 1588/1822 1484/1825 1488/1833 1592/1830 
f 1589/1824 1485/1827 1489/1835 1593/1832 
f 1590/1826 1486/1829 1490/1837 1594/1834 
f 1491/1957 1595/1844 1591/1836 1487/1956 
f 1592/1830 1488/1833 1492/1841 1596/1838 
f 1593/1832 1489/1835 1493/1843 1597/1840 
f 1594/1834 1490/1837 1494/1845 1598/1842 
f 1495/1958 1599/1852 1595/1844 1491/1957 
f 1596/1838 1492/1841 1496/1849 1600/1846 
f 1597/1840 1493/1843 1497/1851 1601/1848 
f 1598/1842 1494/1845 1498/1853 1602/1850 
f 1499/1959 1603/1860 1599/1852 1495/1958 
f 1600/1846 1496/1849 1500/1857 1604/1854 
f 1601/1848 1497/1851 1501/1859 1605/1856 
f 1602/1850 1498/1853 1502/1861 1606/1858 
f 1503/1960 1607/1868 1603/1860 1499/1959 
f 1604/1854 1500/1857 1504/1865 1608/1862 
f 1605/1856 1501/1859 1505/1867 1609/1864 
f 1606/1858 1502/1861 1506/1869 1610/1866 
f 1507/1961 1611/1876 1607/1868 1503/1960 
f 1608/1862 1504/1865 1508/1873 1612/1870 
f 1609/1864 1505/1867 1509/1875 1613/1872 
f 1610/1866 1506/1869 1510/1877 1614/1874 
f 1511/1962 1615/1884 1611/1876 1507/1961 
f 1612/1870 1508/1873 1512/1881 1616/1878 
f 1613/1872 1509/1875 1513/1883 1617/1880 
f 1614/1874 1510/1877 1514/1885 1618/1882 
f 1515/1963 1619/1892 1615/1884 1511/1962 
f 1616/1878 1512/1881 1516/1889 1620/1886 
f 1617/1880 1513/1883 1517/1891 1621/1888 
f 1618/1882 1514/1885 1518/1893 1622/1890 
f 1519/1964 1623/1900 1619/1892 1515/1963 
f 1620/1886 1516/1889 1520/1897 1624/1894 
f 1621/1888 1517/1891 1521/1899 1625/1896 
f 1622/1890 1518/1893 1522/1901 1626/1898 
f 1523/1965 1627/1908 1623/1900 1519/1964 
f 1624/1894 1520/1897 1524/1905 1628/1902 
f 1625/1896 1521/1899 1525/1907 1629/1904 
f 1626/1898 1522/1901 1526/1909 1630/1906 
f 1527/1966 1631/1916 1627/1908 1523/1965 
f 1628/1902 1524/1905 1528/1913 1632/1910 
f 1629/1904 1525/1907 1529/1915 1633/1912 
f 1630/1906 1526/1909 1530/1917 1634/1914 
f 1531/1967 1635/1924 1631/1916 1527/1966 
f 1632/1910 1528/1913 1532/1921 1636/1918 
f 1633/1912 1529/1915 1533/1923 1637/1920 
f 1634/1914 1530/1917 1534/1925 1638/1922 
f 1639/1968 1535/1932 1635/1924 1531/1967 
f 1636/1918 1532/1921 1640/1929 1536/1926 
f 1637/1920 1533/1923 1641/1931 1537/1928 
f 1638/1922 1534/1925 1642/1933 1538/1930 
f 1435/1936 1539/1944 1535/1932 1639/1968 
f 1536/1926 1640/1929 1540/1939 1436/1937 
f 1537/1928 1641/1931 1541/1941 1437/1940 
f 1538/1930 1642/1933 1438/1943 1542/1942 
f 1643/1969 1644/1970 1752/1971 1647/1972 
f 1748/1973 1645/1974 1753/1975 1648/1976 
f 1749/1977 1750/1978 1754/1979 1649/1980 
f 1646/1981 1747/1982 1751/1983 1650/1984 
f 1647/1972 1752/1971 1756/1985 1651/1986 
f 1648/1976 1753/1975 1757/1987 1652/1988 
f 1649/1980 1754/1979 1758/1989 1653/1990 
f 1650/1984 1751/1983 1755/1991 1654/1992 
f 1651/1986 1756/1985 1760/1993 1655/1994 
f 1652/1988 1757/1987 1761/1995 1656/1996 
f 1653/1990 1758/1989 1762/1997 1657/1998 
f 1654/1992 1755/1991 1759/1999 1658/2000 
f 1655/1994 1760/1993 1764/2001 1659/2002 
f 1656/1996 1761/1995 1765/2003 1660/2004 
f 1657/1998 1762/1997 1766/2005 1661/2006 
f 1658/2000 1759/1999 1763/2007 1662/2008 
f 1659/2002 1764/2001 1768/2009 1663/2010 
f 1660/2004 1765/2003 1769/2011 1664/2012 
f 1661/2006 1766/2005 1770/2013 1665/2014 
f 1662/2008 1763/2007 1767/2015 1666/2016 
f 1663/2010 1768/2009 1772/2017 1667/2018 
f 1664/2012 1769/2011 1773/2019 1668/2020 
f 1665/2014 1770/2013 1774/2021 1669/2022 
f 1666/2016 1767/2015 1771/2023 1670/2024 
f 1667/2018 1772/2017 1776/2025 1671/2026 
f 1668/2020 1773/2019 1777/2027 1672/2028 
f 1669/2022 1774/2021 1778/2029 1673/2030 
f 1670/2024 1771/2023 1775/2031 1674/2032 
f 1671/2026 1776/2025 1780/2033 1675/2034 
f 1672/2028 1777/2027 1781/2035 1676/2036 
f 1673/2030 1778/2029 1782/2037 1677/2038 
f 1674/2032 1775/2031 1779/2039 1678/2040 
f 1675/2034 1780/2033 1784/2041 1679/2042 
f 1676/2036 1781/2035 1785/2043 1680/2044 
f 1677/2038 1782/2037 1786/2045 1681/2046 
f 1678/2040 1779/2039 1783/2047 1682/2048 
f 1679/2042 1784/2041 1788/2049 1683/2050 
f 1680/2044 1785/2043 1789/2051 1684/2052 
f 1681/2046 1786/2045 1790/2053 1685/2054 
f 1682/2048 1783/2047 1787/2055 1686/2056 
f 1683/2050 1788/2049 1792/2057 1687/2058 
f 1684/2052 1789/2051 1793/2059 1688/2060 
f 1685/2054 1790/2053 1794/2061 1689/2062 
f 1686/2056 1787/2055 1791/2063 1690/2064 
f 1687/2058 1792/2057 1796/2065 1691/2066 
f 1688/2060 1793/2059 1797/2067 1692/2068 
f 1689/2062 1794/2061 1798/2069 1693/2070 
f 1690/2064 1791/2063 1795/2071 1694/2072 
f 1691/2066 1796/2065 1800/2073 1695/2074 
f 1692/2068 1797/2067 1801/2075 1696/2076 
f 1693/2070 1798/2069 1802/2077 1697/2078 
f 1694/2072 1795/2071 1799/2079 1698/2080 
f 1695/2074 1800/2073 1804/2081 1699/2082 
f 1696/2076 1801/2075 1805/2083 1700/2084 
f 1697/2078 1802/2077 1806/2085 1701/2086 
f 1698/2080 1799/2079 1803/2087 1702/2088 
f 1699/2082 1804/2081 1808/2089 1703/2090 
f 1700/2084 1805/2083 1809/2091 1704/2092 
f 1701/2086 1806/2085 1810/2093 1705/2094 
f 1702/2088 1803/2087 1807/2095 1706/2096 
f 1703/2090 1808/2089 1812/2097 1707/2098 
f 1704/2092 1809/2091 1813/2099 1708/2100 
f 1705/2094 1810/2093 1814/2101 1709/2102 
f 1706/2096 1807/2095 1811/2103 1710/2104 
f 1707/2098 1812/2097 1816/2105 1711/2106 
f 1708/2100 1813/2099 1817/2107 1712/2108 
f 1709/2102 1814/2101 1818/2109 1713/2110 
f 1710/2104 1811/2103 1815/2111 1714/2112 
f 1711/2106 1816/2105 1820/2113 1715/2114 
f 1712/2108 1817/2107 1821/2115 1716/2116 
f 1713/2110 1818/2109 1822/2117 1717/2118 
f 1714/2112 1815/2111 1819/2119 1718/2120 
f 1715/2114 1820/2113 1824/2121 1719/2122 
f 1716/2116 1821/2115 1825/2123 1720/2124 
f 1717/2118 1822/2117 1826/2125 1721/2126 
f 1718/2120 1819/2119 1823/2127 1722/2128 
f 1719/2122 1824/2121 1828/2129 1723/2130 
f 1720/2124 1825/2123 1829/2131 1724/2132 
f 1721/2126 1826/2125 1830/2133 1725/2134 
f 1722/2128 1823/2127 1827/2135 1726/2136 
f 1723/2130 1828/2129 1832/2137 1727/2138 
f 1724/2132 1829/2131 1833/2139 1728/2140 
f 1725/2134 1830/2133 1834/2141 1729/2142 
f 1726/2136 1827/2135 1831/2143 1730/2144 
f 1727/2138 1832/2137 1836/2145 1731/2146 
f 1728/2140 1833/2139 1837/2147 1732/2148 
f 1729/2142 1834/2141 1838/2149 1733/2150 
f 1730/2144 1831/2143 1835/2151 1734/2152 
f 1731/2146 1836/2145 1840/2153 1735/2154 
f 1732/2148 1837/2147 1841/2155 1736/2156 
f 1733/2150 1838/2149 1842/2157 1737/2158 
f 1734/2152 1835/2151 1839/2159 1738/2160 
f 1735/2154 1840/2153 1844/2161 1739/2162 
f 1736/2156 1841/2155 1845/2163 1740/2164 
f 1737/2158 1842/2157 1846/2165 1741/2166 
f 1738/2160 1839/2159 1843/2167 1742/2168 
f 1739/2162 1844/2161 1744/2169 1847/2170 
f 1740/2164 1845/2163 1745/2171 1848/2172 
f 1741/2166 1846/2165 1746/2173 1849/2174 
f 1742/2168 1843/2167 1743/2175 1850/2176 
f 1847/2170 1744/2169 1644/2180 1643/2177 
f 1848/2172 1745/2171 1645/2183 1748/2182 
f 1849/2174 1746/2173 1750/2185 1749/2184 
f 1850/2176 1743/2175 1747/2187 1646/2186 
f 1647/2181 1751/1983 1747/1982 1643/2178 
f 1644/1970 1748/1973 1648/1976 1752/1971 
f 1645/1974 1749/1977 1649/1980 1753/1975 
f 1750/1978 1646/1981 1650/1984 1754/1979 
f 1651/2188 1755/1991 1751/1983 1647/2181 
f 1752/1971 1648/1976 1652/1988 1756/1985 
f 1753/1975 1649/1980 1653/1990 1757/1987 
f 1754/1979 1650/1984 1654/1992 1758/1989 
f 1655/2189 1759/1999 1755/1991 1651/2188 
f 1756/1985 1652/1988 1656/1996 1760/1993 
f 1757/1987 1653/1990 1657/1998 1761/1995 
f 1758/1989 1654/1992 1658/2000 1762/1997 
f 1659/2190 1763/2007 1759/1999 1655/2189 
f 1760/1993 1656/1996 1660/2004 1764/2001 
f 1761/1995 1657/1998 1661/2006 1765/2003 
f 1762/1997 1658/2000 1662/2008 1766/2005 
f 1663/2191 1767/2015 1763/2007 1659/2190 
f 1764/2001 1660/2004 1664/2012 1768/2009 
f 1765/2003 1661/2006 1665/2014 1769/2011 
f 1766/2005 1662/2008 1666/2016 1770/2013 
f 1667/2192 1771/2023 1767/2015 1663/2191 
f 1768/2009 1664/2012 1668/2020 1772/2017 
f 1769/2011 1665/2014 1669/2022 1773/2019 
f 1770/2013 1666/2016 1670/2024 1774/2021 
f 1671/2193 1775/2031 1771/2023 1667/2192 
f 1772/2017 1668/2020 1672/2028 1776/2025 
f 1773/2019 1669/2022 1673/2030 1777/2027 
f 1774/2021 1670/2024 1674/2032 1778/2029 
f 1675/2194 1779/2039 1775/2031 1671/2193 
f 1776/2025 1672/2028 1676/2036 1780/2033 
f 1777/2027 1673/2030 1677/2038 1781/2035 
f 1778/2029 1674/2032 1678/2040 1782/2037 
f 1679/2195 1783/2047 1779/2039 1675/2194 
f 1780/2033 1676/2036 1680/2044 1784/2041 
f 1781/2035 1677/2038 1681/2046 1785/2043 
f 1782/2037 1678/2040 1682/2048 1786/2045 
f 1683/2196 1787/2055 1783/2047 1679/2195 
f 1784/2041 1680/2044 1684/2052 1788/2049 
f 1785/2043 1681/2046 1685/2054 1789/2051 
f 1786/2045 1682/2048 1686/2056 1790/2053 
f 1687/2197 1791/2063 1787/2055 1683/2196 
f 1788/2049 1684/2052 1688/2060 1792/2057 
f 1789/2051 1685/2054 1689/2062 1793/2059 
f 1790/2053 1686/2056 1690/2064 1794/2061 
f 1691/2198 1795/2071 1791/2063 1687/2197 
f 1792/2057 1688/2060 1692/2068 1796/2065 
f 1793/2059 1689/2062 1693/2070 1797/2067 
f 1794/2061 1690/2064 1694/2072 1798/2069 
f 1695/2199 1799/2079 1795/2071 1691/2198 
f 1796/2065 1692/2068 1696/2076 1800/2073 
f 1797/2067 1693/2070 1697/2078 1801/2075 
f 1798/2069 1694/2072 1698/2080 1802/2077 
f 1699/2200 1803/2087 1799/2079 1695/2199 
f 1800/2073 1696/2076 1700/2084 1804/2081 
f 1801/2075 1697/2078 1701/2086 1805/2083 
f 1802/2077 1698/2080 1702/2088 1806/2085 
f 1703/2201 1807/2095 1803/2087 1699/2200 
f 1804/2081 1700/2084 1704/2092 1808/2089 
f 1805/2083 1701/2086 1705/2094 1809/2091 
f 1806/2085 1702/2088 1706/2096 1810/2093 
f 1707/2202 1811/2103 1807/2095 1703/2201 
f 1808/2089 1704/2092 1708/2100 1812/2097 
f 1809/2091 1705/2094 1709/2102 1813/2099 
f 1810/2093 1706/2096 1710/2104 1814/2101 
f 1711/2203 1815/2111 1811/2103 1707/2202 
f 1812/2097 1708/2100 1712/2108 1816/2105 
f 1813/2099 1709/2102 1713/2110 1817/2107 
f 1814/2101 1710/2104 1714/2112 1818/2109 
f 1715/2204 1819/2119 1815/2111 1711/2203 
f 1816/2105 1712/2108 1716/2116 1820/2113 
f 1817/2107 1713/2110 1717/2118 1821/2115 
f 1818/2109 1714/2112 1718/2120 1822/2117 
f 1719/2205 1823/2127 1819/2119 1715/2204 
f 1820/2113 1716/2116 1720/2124 1824/2121 
f 1821/2115 1717/2118 1721/2126 1825/2123 
f 1822/2117 1718/2120 1722/2128 1826/2125 
f 1723/2206 1827/2135 1823/2127 1719/2205 
f 1824/2121 1720/2124 1724/2132 1828/2129 
f 1825/2123 1721/2126 1725/2134 1829/2131 
f 1826/2125 1722/2128 1726/2136 1830/2133 
f 1727/2207 1831/2143 1827/2135 1723/2206 
f 1828/2129 1724/2132 1728/2140 1832/2137 
f 1829/2131 1725/2134 1729/2142 1833/2139 
f 1830/2133 1726/2136 1730/2144 1834/2141 
f 1731/2208 1835/2151 1831/2143 1727/2207 
f 1832/2137 1728/2140 1732/2148 1836/2145 
f 1833/2139 1729/2142 1733/2150 1837/2147 
f 1834/2141 1730/2144 1734/2152 1838/2149 
f 1735/2209 1839/2159 1835/2151 1731/2208 
f 1836/2145 1732/2148 1736/2156 1840/2153 
f 1837/2147 1733/2150 1737/2158 1841/2155 
f 1838/2149 1734/2152 1738/2160 1842/2157 
f 1739/2210 1843/2167 1839/2159 1735/2209 
f 1840/2153 1736/2156 1740/2164 1844/2161 
f 1841/2155 1737/2158 1741/2166 1845/2163 
f 1842/2157 1738/2160 1742/2168 1846/2165 
f 1847/2211 1743/2175 1843/2167 1739/2210 
f 1844/2161 1740/2164 1848/2172 1744/2169 
f 1845/2163 1741/2166 1849/2174 1745/2171 
f 1846/2165 1742/2168 1850/2176 1746/2173 
f 1643/2179 1747/2187 1743/2175 1847/2211 
f 1744/2169 1848/2172 1748/2182 1644/2180 
f 1745/2171 1849/2174 1749/2184 1645/2183 
f 1746/2173 1850/2176 1646/2186 1750/2185 
f 1851/2212 1852/2224 1853/2225 
f 1851/2213 1853/2225 1854/2226 
f 1851/2214 1854/2226 1855/2227 
f 1851/2215 1855/2227 1856/2228 
f 1851/2216 1856/2228 1857/2229 
f 1851/2217 1857/2229 1858/2230 
f 1851/2218 1858/2230 1859/2231 
f 1851/2219 1859/2231 1860/2232 
f 1851/2220 1860/2232 1861/2233 
f 1851/2221 1861/2233 1862/2234 
f 1851/2222 1862/2234 1863/2235 
f 1851/2223 1863/2235 1852/2236 
f 1865/2238 1853/2225 1852/2224 1864/2237 
f 1866/2239 1854/2226 1853/2225 1865/2238 
f 1867/2240 1855/2227 1854/2226 1866/2239 
f 1868/2241 1856/2228 1855/2227 1867/2240 
f 1869/2242 1857/2229 1856/2228 1868/2241 
f 1870/2243 1858/2230 1857/2229 1869/2242 
f 1871/2244 1859/2231 1858/2230 1870/2243 
f 1872/2245 1860/2232 1859/2231 1871/2244 
f 1873/2246 1861/2233 1860/2232 1872/2245 
f 1874/2247 1862/2234 1861/2233 1873/2246 
f 1875/2248 1863/2235 1862/2234 1874/2247 
f 1864/2249 1852/2236 1863/2235 1875/2248 
f 1877/2251 1865/2238 1864/2237 1876/2250 
f 1878/2252 1866/2239 1865/2238 1877/2251 
f 1879/2253 1867/2240 1866/2239 1878/2252 
f 1880/2254 1868/2241 1867/2240 1879/2253 
f 1881/2255 1869/2242 1868/2241 1880/2254 
f 1882/2256 1870/2243 1869/2242 1881/2255 
f 1883/2257 1871/2244 1870/2243 1882/2256 
f 1884/2258 1872/2245 1871/2244 1883/2257 
f 1885/2259 1873/2246 1872/2245 1884/2258 
f 1886/2260 1874/2247 1873/2246 1885/2259 
f 1887/2261 1875/2248 1874/2247 1886/2260 
f 1876/2262 1864/2249 1875/2248 1887/2261 
f 1889/2264 1877/2251 1876/2250 1888/2263 
f 1890/2265 1878/2252 1877/2251 1889/2264 
f 1891/2266 1879/2253 1878/2252 1890/2265 
f 1892/2267 1880/2254 1879/2253 1891/2266 
f 1893/2268 1881/2255 1880/2254 1892/2267 
f 1894/2269 1882/2256 1881/2255 1893/2268 
f 1895/2270 1883/2257 1882/2256 1894/2269 
f 1896/2271 1884/2258 1883/2257 1895/2270 
f 1897/2272 1885/2259 1884/2258 1896/2271 
f 1898/2273 1886/2260 1885/2259 1897/2272 
f 1899/2274 1887/2261 1886/2260 1898/2273 
f 1888/2275 1876/2262 1887/2261 1899/2274 
f 1901/2277 1889/2264 1888/2263 1900/2276 
f 1902/2278 1890/2265 1889/2264 1901/2277 
f 1903/2279 1891/2266 1890/2265 1902/2278 
f 1904/2280 1892/2267 1891/2266 1903/2279 
f 1905/2281 1893/2268 1892/2267 1904/2280 
f 1906/2282 1894/2269 1893/2268 1905/2281 
f 1907/2283 1895/2270 1894/2269 1906/2282 
f 1908/2284 1896/2271 1895/2270 1907/2283 
f 1909/2285 1897/2272 1896/2271 1908/2284 
f 1910/2286 1898/2273 1897/2272 1909/2285 
f 1911/2287 1899/2274 1898/2273 1910/2286 
f 1900/2288 1888/2275 1899/2274 1911/2287 
f 1912/2289 1901/2277 1900/2276 
f 1912/2290 1902/2278 1901/2277 
f 1912/2291 1903/2279 1902/2278 
f 1912/2292 1904/2280 1903/2279 
f 1912/2293 1905/2281 1904/2280 
f 1912/2294 1906/2282 1905/2281 
f 1912/2295 1907/2283 1906/2282 
f 1912/2296 1908/2284 1907/2283 
f 1912/2297 1909/2285 1908/2284 
f 1912/2298 1910/2286 1909/2285 
f 1912/2299 1911/2287 1910/2286 
f 1912/2300 1900/2288 1911/2287 
f 1913/2301 1914/2313 1915/2314 
f 1913/2302 1915/2314 1916/2315 
f 1913/2303 1916/2315 1917/2316 
f 1913/2304 1917/2316 1918/2317 
f 1913/2305 1918/2317 1919/2318 
f 1913/2306 1919/2318 1920/2319 
f 1913/2307 1920/2319 1921/2320 
f 1913/2308 1921/2320 1922/2321 
f 1913/2309 1922/2321 1923/2322 
f 1913/2310 1923/2322 1924/2323 
f 1913/2311 1924/2323 1925/2324 
f 1913/2312 1925/2324 1914/2325 
f 1927/2327 1915/2314 1914/2313 1926/2326 
f 1928/2328 1916/2315 1915/2314 1927/2327 
f 1929/2329 1917/2316 1916/2315 1928/2328 
f 1930/2330 1918/2317 1917/2316 1929/2329 
f 1931/2331 1919/2318 1918/2317 1930/2330 
f 1932/2332 1920/2319 1919/2318 1931/2331 
f 1933/2333 1921/2320 1920/2319 1932/2332 
f 1934/2334 1922/2321 1921/2320 1933/2333 
f 1935/2335 1923/2322 1922/2321 1934/2334 
f 1936/2336 1924/2323 1923/2322 1935/2335 
f 1937/2337 1925/2324 1924/2323 1936/2336 
f 1926/2338 1914/2325 1925/2324 1937/2337 
f 1939/2340 1927/2327 1926/2326 1938/2339 
f 1940/2341 1928/2328 1927/2327 1939/2340 
f 1941/2342 1929/2329 1928/2328 1940/2341 
f 1942/2343 1930/2330 1929/2329 1941/2342 
f 1943/2344 1931/2331 1930/2330 1942/2343 
f 1944/2345 1932/2332 1931/2331 1943/2344 
f 1945/2346 1933/2333 1932/2332 1944/2345 
f 1946/2347 1934/2334 1933/2333 1945/2346 
f 1947/2348 1935/2335 1934/2334 1946/2347 
f 1948/2349 1936/2336 1935/2335 1947/2348 
f 1949/2350 1937/2337 1936/2336 1948/2349 
f 1938/2351 1926/2338 1937/2337 1949/2350 
f 1951/2353 1939/2340 1938/2339 1950/2352 
f 1952/2354 1940/2341 1939/2340 1951/2353 
f 1953/2355 1941/2342 1940/2341 1952/2354 
f 1954/2356 1942/2343 1941/2342 1953/2355 
f 1955/2357 1943/2344 1942/2343 1954/2356 
f 1956/2358 1944/2345 1943/2344 1955/2357 
f 1957/2359 1945/2346 1944/2345 1956/2358 
f 1958/2360 1946/2347 1945/2346 1957/2359 
f 1959/2361 1947/2348 1946/2347 1958/2360 
f 1960/2362 1948/2349 1947/2348 1959/2361 
f 1961/2363 1949/2350 1948/2349 1960/2362 
f 1950/2364 1938/2351 1949/2350 1961/2363 
f 1963/2366 1951/2353 1950/2352 1962/2365 
f 1964/2367 1952/2354 1951/2353 1963/2366 
f 1965/2368 1953/2355 1952/2354 1964/2367 
f 1966/2369 1954/2356 1953/2355 1965/2368 
f 1967/2370 1955/2357 1954/2356 1966/2369 
f 1968/2371 1956/2358 1955/2357 1967/2370 
f 1969/2372 1957/2359 1956/2358 1968/2371 
f 1970/2373 1958/2360 1957/2359 1969/2372 
f 1971/2374 1959/2361 1958/2360 1970/2373 
f 1972/2375 1960/2362 1959/2361 1971/2374 
f 1973/2376 1961/2363 1960/2362 1972/2375 
f 1962/2377 1950/2364 1961/2363 1973/2376 
f 1974/2378 1963/2366 1962/2365 
f 1974/2379 1964/2367 1963/2366 
f 1974/2380 1965/2368 1964/2367 
f 1974/2381 1966/2369 1965/2368 
f 1974/2382 1967/2370 1966/2369 
f 1974/2383 1968/2371 1967/2370 
f 1974/2384 1969/2372 1968/2371 
f 1974/2385 1970/2373 1969/2372 
f 1974/2386 1971/2374 1970/2373 
f 1974/2387 1972/2375 1971/2374 
f 1974/2388 1973/2376 1972/2375 
f 1974/2389 1962/2377 1973/2376 
f 1975/2390 1976/2402 1977/2403 
f 1975/2391 1977/2403 1978/2404 
f 1975/2392 1978/2404 1979/2405 
f 1975/2393 1979/2405 1980/2406 
f 1975/2394 1980/2406 1981/2407 
f 1975/2395 1981/2407 1982/2408 
f 1975/2396 1982/2408 1983/2409 
f 1975/2397 1983/2409 1984/2410 
f 1975/2398 1984/2410 1985/2411 
f 1975/2399 1985/2411 1986/2412 
f 1975/2400 1986/2412 1987/2413 
f 1975/2401 1987/2413 1976/2414 
f 1989/2416 1977/2403 1976/2402 1988/2415 
f 1990/2417 1978/2404 1977/2403 1989/2416 
f 1991/2418 1979/2405 1978/2404 1990/2417 
f 1992/2419 1980/2406 1979/2405 1991/2418 
f 1993/2420 1981/2407 1980/2406 1992/2419 
f 1994/2421 1982/2408 1981/2407 1993/2420 
f 1995/2422 1983/2409 1982/2408 1994/2421 
f 1996/2423 1984/2410 1983/2409 1995/2422 
f 1997/2424 1985/2411 1984/2410 1996/2423 
f 1998/2425 1986/2412 1985/2411 1997/2424 
f 1999/2426 1987/2413 1986/2412 1998/2425 
f 1988/2427 1976/2414 1987/2413 1999/2426 
f 2001/2429 1989/2416 1988/2415 2000/2428 
f 2002/2430 1990/2417 1989/2416 2001/2429 
f 2003/2431 1991/2418 1990/2417 2002/2430 
f 2004/2432 1992/2419 1991/2418 2003/2431 
f 2005/2433 1993/2420 1992/2419 2004/2432 
f 2006/2434 1994/2421 1993/2420 2005/2433 
f 2007/2435 1995/2422 1994/2421 2006/2434 
f 2008/2436 1996/2423 1995/2422 2007/2435 
f 2009/2437 1997/2424 1996/2423 2008/2436 
f 2010/2438 1998/2425 1997/2424 2009/2437 
f 2011/2439 1999/2426 1998/2425 2010/2438 
f 2000/2440 1988/2427 1999/2426 2011/2439 
f 2013/2442 2001/2429 2000/2428 2012/2441 
f 2014/2443 2002/2430 2001/2429 2013/2442 
f 2015/2444 2003/2431 2002/2430 2014/2443 
f 2016/2445 2004/2432 2003/2431 2015/2444 
f 2017/2446 2005/2433 2004/2432 2016/2445 
f 2018/2447 2006/2434 2005/2433 2017/2446 
f 2019/2448 2007/2435 2006/2434 2018/2447 
f 2020/2449 2008/2436 2007/2435 2019/2448 
f 2021/2450 2009/2437 2008/2436 2020/2449 
f 2022/2451 2010/2438 2009/2437 2021/2450 
f 2023/2452 2011/2439 2010/2438 2022/2451 
f 2012/2453 2000/2440 2011/2439 2023/2452 
f 2025/2455 2013/2442 2012/2441 2024/2454 
f 2026/2456 2014/2443 2013/2442 2025/2455 
f 2027/2457 2015/2444 2014/2443 2026/2456 
f 2028/2458 2016/2445 2015/2444 2027/2457 
f 2029/2459 2017/2446 2016/2445 2028/2458 
f 2030/2460 2018/2447 2017/2446 2029/2459 
f 2031/2461 2019/2448 2018/2447 2030/2460 
f 2032/2462 2020/2449 2019/2448 2031/2461 
f 2033/2463 2021/2450 2020/2449 2032/2462 
f 2034/2464 2022/2451 2021/2450 2033/2463 
f 2035/2465 2023/2452 2022/2451 2034/2464 
f 2024/2466 2012/2453 2023/2452 2035/2465 
f 2036/2467 2025/2455 2024/2454 
f 2036/2468 2026/2456 2025/2455 
f 2036/2469 2027/2457 2026/2456 
f 2036/2470 2028/2458 2027/2457 
f 2036/2471 2029/2459 2028/2458 
f 2036/2472 2030/2460 2029/2459 
f 2036/2473 2031/2461 2030/2460 
f 2036/2474 2032/2462 2031/2461 
f 2036/2475 2033/2463 2032/2462 
f 2036/2476 2034/2464 2033/2463 
f 2036/2477 2035/2465 2034/2464 
f 2036/2478 2024/2466 2035/2465 
f 2037/2479 2038/2480 2146/2481 2041/2482 
f 2142/2483 2039/2484 2147/2485 2042/2486 
f 2143/2487 2144/2488 2148/2489 2043/2490 
f 2040/2491 2141/2492 2145/2493 2044/2494 
f 2041/2482 2146/2481 2150/2495 2045/2496 
f 2042/2486 2147/2485 2151/2497 2046/2498 
f 2043/2490 2148/2489 2152/2499 2047/2500 
f 2044/2494 2145/2493 2149/2501 2048/2502 
f 2045/2496 2150/2495 2154/2503 2049/2504 
f 2046/2498 2151/2497 2155/2505 2050/2506 
f 2047/2500 2152/2499 2156/2507 2051/2508 
f 2048/2502 2149/2501 2153/2509 2052/2510 
f 2049/2504 2154/2503 2158/2511 2053/2512 
f 2050/2506 2155/2505 2159/2513 2054/2514 
f 2051/2508 2156/2507 2160/2515 2055/2516 
f 2052/2510 2153/2509 2157/2517 2056/2518 
f 2053/2512 2158/2511 2162/2519 2057/2520 
f 2054/2514 2159/2513 2163/2521 2058/2522 
f 2055/2516 2160/2515 2164/2523 2059/2524 
f 2056/2518 2157/2517 2161/2525 2060/2526 
f 2057/2520 2162/2519 2166/2527 2061/2528 
f 2058/2522 2163/2521 2167/2529 2062/2530 
f 2059/2524 2164/2523 2168/2531 2063/2532 
f 2060/2526 2161/2525 2165/2533 2064/2534 
f 2061/2528 2166/2527 2170/2535 2065/2536 
f 2062/2530 2167/2529 2171/2537 2066/2538 
f 2063/2532 2168/2531 2172/2539 2067/2540 
f 2064/2534 2165/2533 2169/2541 2068/2542 
f 2065/2536 2170/2535 2174/2543 2069/2544 
f 2066/2538 2171/2537 2175/2545 2070/2546 
f 2067/2540 2172/2539 2176/2547 2071/2548 
f 2068/2542 2169/2541 2173/2549 2072/2550 
f 2069/2544 2174/2543 2178/2551 2073/2552 
f 2070/2546 2175/2545 2179/2553 2074/2554 
f 2071/2548 2176/2547 2180/2555 2075/2556 
f 2072/2550 2173/2549 2177/2557 2076/2558 
f 2073/2552 2178/2551 2182/2559 2077/2560 
f 2074/2554 2179/2553 2183/2561 2078/2562 
f 2075/2556 2180/2555 2184/2563 2079/2564 
f 2076/2558 2177/2557 2181/2565 2080/2566 
f 2077/2560 2182/2559 2186/2567 2081/2568 
f 2078/2562 2183/2561 2187/2569 2082/2570 
f 2079/2564 2184/2563 2188/2571 2083/2572 
f 2080/2566 2181/2565 2185/2573 2084/2574 
f 2081/2568 2186/2567 2190/2575 2085/2576 
f 2082/2570 2187/2569 2191/2577 2086/2578 
f 2083/2572 2188/2571 2192/2579 2087/2580 
f 2084/2574 2185/2573 2189/2581 2088/2582 
f 2085/2576 2190/2575 2194/2583 2089/2584 
f 2086/2578 2191/2577 2195/2585 2090/2586 
f 2087/2580 2192/2579 2196/2587 2091/2588 
f 2088/2582 2189/2581 2193/2589 2092/2590 
f 2089/2584 2194/2583 2198/2591 2093/2592 
f 2090/2586 2195/2585 2199/2593 2094/2594 
f 2091/2588 2196/2587 2200/2595 2095/2596 
f 2092/2590 2193/2589 2197/2597 2096/2598 
f 2093/2592 2198/2591 2202/2599 2097/2600 
f 2094/2594 2199/2593 2203/2601 2098/2602 
f 2095/2596 2200/2595 2204/2603 2099/2604 
f 2096/2598 2197/2597 2201/2605 2100/2606 
f 2097/2600 2202/2599 2206/2607 2101/2608 
f 2098/2602 2203/2601 2207/2609 2102/2610 
f 2099/2604 2204/2603 2208/2611 2103/2612 
f 2100/2606 2201/2605 2205/2613 2104/2614 
f 2101/2608 2206/2607 2210/2615 2105/2616 
f 2102/2610 2207/2609 2211/2617 2106/2618 
f 2103/2612 2208/2611 2212/2619 2107/2620 
f 2104/2614 2205/2613 2209/2621 2108/2622 
f 2105/2616 2210/2615 2214/2623 2109/2624 
f 2106/2618 2211/2617 2215/2625 2110/2626 
f 2107/2620 2212/2619 2216/2627 2111/2628 
f 2108/2622 2209/2621 2213/2629 2112/2630 
f 2109/2624 2214/2623 2218/2631 2113/2632 
f 2110/2626 2215/2625 2219/2633 2114/2634 
f 2111/2628 2216/2627 2220/2635 2115/2636 
f 2112/2630 2213/2629 2217/2637 2116/2638 
f 2113/2632 2218/2631 2222/2639 2117/2640 
f 2114/2634 2219/2633 2223/2641 2118/2642 
f 2115/2636 2220/2635 2224/2643 2119/2644 
f 2116/2638 2217/2637 2221/2645 2120/2646 
f 2117/2640 2222/2639 2226/2647 2121/2648 
f 2118/2642 2223/2641 2227/2649 2122/2650 
f 2119/2644 2224/2643 2228/2651 2123/2652 
f 2120/2646 2221/2645 2225/2653 2124/2654 
f 2121/2648 2226/2647 2230/2655 2125/2656 
f 2122/2650 2227/2649 2231/2657 2126/2658 
f 2123/2652 2228/2651 2232/2659 2127/2660 
f 2124/2654 2225/2653 2229/2661 2128/2662 
f 2125/2656 2230/2655 2234/2663 2129/2664 
f 2126/2658 2231/2657 2235/2665 2130/2666 
f 2127/2660 2232/2659 2236/2667 2131/2668 
f 2128/2662 2229/2661 2233/2669 2132/2670 
f 2129/2664 2234/2663 2238/2671 2133/2672 
f 2130/2666 2235/2665 2239/2673 2134/2674 
f 2131/2668 2236/2667 2240/2675 2135/2676 
f 2132/2670 2233/2669 2237/2677 2136/2678 
f 2133/2672 2238/2671 2138/2679 2241/2680 
f 2134/2674 2239/2673 2139/2681 2242/2682 
f 2135/2676 2240/2675 2140/2683 2243/2684 
f 2136/2678 2237/2677 2137/2685 2244/2686 
f 2241/2680 2138/2679 2038/2690 2037/2687 
f 2242/2682 2139/2681 2039/2693 2142/2692 
f 2243/2684 2140/2683 2144/2695 2143/2694 
f 2244/2686 2137/2685 2141/2697 2040/2696 
f 2041/2691 2145/2493 2141/2492 2037/2688 
f 2038/2480 2142/2483 2042/2486 2146/2481 
f 2039/2484 2143/2487 2043/2490 2147/2485 
f 2144/2488 2040/2491 2044/2494 2148/2489 
f 2045/2698 2149/2501 2145/2493 2041/2691 
f 2146/2481 2042/2486 2046/2498 2150/2495 
f 2147/2485 2043/2490 2047/2500 2151/2497 
f 2148/2489 2044/2494 2048/2502 2152/2499 
f 2049/2699 2153/2509 2149/2501 2045/2698 
f 2150/2495 2046/2498 2050/2506 2154/2503 
f 2151/2497 2047/2500 2051/2508 2155/2505 
f 2152/2499 2048/2502 2052/2510 2156/2507 
f 2053/2700 2157/2517 2153/2509 2049/2699 
f 2154/2503 2050/2506 2054/2514 2158/2511 
f 2155/2505 2051/2508 2055/2516 2159/2513 
f 2156/2507 2052/2510 2056/2518 2160/2515 
f 2057/2701 2161/2525 2157/2517 2053/2700 
f 2158/2511 2054/2514 2058/2522 2162/2519 
f 2159/2513 2055/2516 2059/2524 2163/2521 
f 2160/2515 2056/2518 2060/2526 2164/2523 
f 2061/2702 2165/2533 2161/2525 2057/2701 
f 2162/2519 2058/2522 2062/2530 2166/2527 
f 2163/2521 2059/2524 2063/2532 2167/2529 
f 2164/2523 2060/2526 2064/2534 2168/2531 
f 2065/2703 2169/2541 2165/2533 2061/2702 
f 2166/2527 2062/2530 2066/2538 2170/2535 
f 2167/2529 2063/2532 2067/2540 2171/2537 
f 2168/2531 2064/2534 2068/2542 2172/2539 
f 2069/2704 2173/2549 2169/2541 2065/2703 
f 2170/2535 2066/2538 2070/2546 2174/2543 
f 2171/2537 2067/2540 2071/2548 2175/2545 
f 2172/2539 2068/2542 2072/2550 2176/2547 
f 2073/2705 2177/2557 2173/2549 2069/2704 
f 2174/2543 2070/2546 2074/2554 2178/2551 
f 2175/2545 2071/2548 2075/2556 2179/2553 
f 2176/2547 2072/2550 2076/2558 2180/2555 
f 2077/2706 2181/2565 2177/2557 2073/2705 
f 2178/2551 2074/2554 2078/2562 2182/2559 
f 2179/2553 2075/2556 2079/2564 2183/2561 
f 2180/2555 2076/2558 2080/2566 2184/2563 
f 2081/2707 2185/2573 2181/2565 2077/2706 
f 2182/2559 2078/2562 2082/2570 2186/2567 
f 2183/2561 2079/2564 2083/2572 2187/2569 
f 2184/2563 2080/2566 2084/2574 2188/2571 
f 2085/2708 2189/2581 2185/2573 2081/2707 
f 2186/2567 2082/2570 2086/2578 2190/2575 
f 2187/2569 2083/2572 2087/2580 2191/2577 
f 2188/2571 2084/2574 2088/2582 2192/2579 
f 2089/2709 2193/2589 2189/2581 2085/2708 
f 2190/2575 2086/2578 2090/2586 2194/2583 
f 2191/2577 2087/2580 2091/2588 2195/2585 
f 2192/2579 2088/2582 2092/2590 2196/2587 
f 2093/2710 2197/2597 2193/2589 2089/2709 
f 2194/2583 2090/2586 2094/2594 2198/2591 
f 2195/2585 2091/2588 2095/2596 2199/2593 
f 2196/2587 2092/2590 2096/2598 2200/2595 
f 2097/2711 2201/2605 2197/2597 2093/2710 
f 2198/2591 2094/2594 2098/2602 2202/2599 
f 2199/2593 2095/2596 2099/2604 2203/2601 
f 2200/2595 2096/2598 2100/2606 2204/2603 
f 2101/2712 2205/2613 2201/2605 2097/2711 
f 2202/2599 2098/2602 2102/2610 2206/2607 
f 2203/2601 2099/2604 2103/2612 2207/2609 
f 2204/2603 2100/2606 2104/2614 2208/2611 
f 2105/2713 2209/2621 2205/2613 2101/2712 
f 2206/2607 2102/2610 2106/2618 2210/2615 
f 2207/2609 2103/2612 2107/2620 2211/2617 
f 2208/2611 2104/2614 2108/2622 2212/2619 
f 2109/2714 2213/2629 2209/2621 2105/2713 
f 2210/2615 2106/2618 2110/2626 2214/2623 
f 2211/2617 2107/2620 2111/2628 2215/2625 
f 2212/2619 2108/2622 2112/2630 2216/2627 
f 2113/2715 2217/2637 2213/2629 2109/2714 
f 2214/2623 2110/2626 2114/2634 2218/2631 
f 2215/2625 2111/2628 2115/2636 2219/2633 
f 2216/2627 2112/2630 2116/2638 2220/2635 
f 2117/2716 2221/2645 2217/2637 2113/2715 
f 2218/2631 2114/2634 2118/2642 2222/2639 
f 2219/2633 2115/2636 2119/2644 2223/2641 
f 2220/2635 2116/2638 2120/2646 2224/2643 
f 2121/2717 2225/2653 2221/2645 2117/2716 
f 2222/2639 2118/2642 2122/2650 2226/2647 
f 2223/2641 2119/2644 2123/2652 2227/2649 
f 2224/2643 2120/2646 2124/2654 2228/2651 
f 2125/2718 2229/2661 2225/2653 2121/2717 
f 2226/2647 2122/2650 2126/2658 2230/2655 
f 2227/2649 2123/2652 2127/2660 2231/2657 
f 2228/2651 2124/2654 2128/2662 2232/2659 
f 2129/2719 2233/2669 2229/2661 2125/2718 
f 2230/2655 2126/2658 2130/2666 2234/2663 
f 2231/2657 2127/2660 2131/2668 2235/2665 
f 2232/2659 2128/2662 2132/2670 2236/2667 
f 2133/2720 2237/2677 2233/2669 2129/2719 
f 2234/2663 2130/2666 2134/2674 2238/2671 
f 2235/2665 2131/2668 2135/2676 2239/2673 
f 2236/2667 2132/2670 2136/2678 2240/2675 
f 2241/2721 2137/2685 2237/2677 2133/2720 
f 2238/2671 2134/2674 2242/2682 2138/2679 
f 2239/2673 2135/2676 2243/2684 2139/2681 
f 2240/2675 2136/2678 2244/2686 2140/2683 
f 2037/2689 2141/2697 2137/2685 2241/2721 
f 2138/2679 2242/2682 2142/2692 2038/2690 
f 2139/2681 2243/2684 2143/2694 2039/2693 
f 2140/2683 2244/2686 2040/2696 2144/2695 
f 2245/2722 2246/2723 2354/2724 2249/2725 
f 2350/2726 2247/2727 2355/2728 2250/2729 
f 2351/2730 2352/2731 2356/2732 2251/2733 
f 2248/2734 2349/2735 2353/2736 2252/2737 
f 2249/2725 2354/2724 2358/2738 2253/2739 
f 2250/2729 2355/2728 2359/2740 2254/2741 
f 2251/2733 2356/2732 2360/2742 2255/2743 
f 2252/2737 2353/2736 2357/2744 2256/2745 
f 2253/2739 2358/2738 2362/2746 2257/2747 
f 2254/2741 2359/2740 2363/2748 2258/2749 
f 2255/2743 2360/2742 2364/2750 2259/2751 
f 2256/2745 2357/2744 2361/2752 2260/2753 
f 2257/2747 2362/2746 2366/2754 2261/2755 
f 2258/2749 2363/2748 2367/2756 2262/2757 
f 2259/2751 2364/2750 2368/2758 2263/2759 
f 2260/2753 2361/2752 2365/2760 2264/2761 
f 2261/2755 2366/2754 2370/2762 2265/2763 
f 2262/2757 2367/2756 2371/2764 2266/2765 
f 2263/2759 2368/2758 2372/2766 2267/2767 
f 2264/2761 2365/2760 2369/2768 2268/2769 
f 2265/2763 2370/2762 2374/2770 2269/2771 
f 2266/2765 2371/2764 2375/2772 2270/2773 
f 2267/2767 2372/2766 2376/2774 2271/2775 
f 2268/2769 2369/2768 2373/2776 2272/2777 
f 2269/2771 2374/2770 2378/2778 2273/2779 
f 2270/2773 2375/2772 2379/2780 2274/2781 
f 2271/2775 2376/2774 2380/2782 2275/2783 
f 2272/2777 2373/2776 2377/2784 2276/2785 
f 2273/2779 2378/2778 2382/2786 2277/2787 
f 2274/2781 2379/2780 2383/2788 2278/2789 
f 2275/2783 2380/2782 2384/2790 2279/2791 
f 2276/2785 2377/2784 2381/2792 2280/2793 
f 2277/2787 2382/2786 2386/2794 2281/2795 
f 2278/2789 2383/2788 2387/2796 2282/2797 
f 2279/2791 2384/2790 2388/2798 2283/2799 
f 2280/2793 2381/2792 2385/2800 2284/2801 
f 2281/2795 2386/2794 2390/2802 2285/2803 
f 2282/2797 2387/2796 2391/2804 2286/2805 
f 2283/2799 2388/2798 2392/2806 2287/2807 
f 2284/2801 2385/2800 2389/2808 2288/2809 
f 2285/2803 2390/2802 2394/2810 2289/2811 
f 2286/2805 2391/2804 2395/2812 2290/2813 
f 2287/2807 2392/2806 2396/2814 2291/2815 
f 2288/2809 2389/2808 2393/2816 2292/2817 
f 2289/2811 2394/2810 2398/2818 2293/2819 
f 2290/2813 2395/2812 2399/2820 2294/2821 
f 2291/2815 2396/2814 2400/2822 2295/2823 
f 2292/2817 2393/2816 2397/2824 2296/2825 
f 2293/2819 2398/2818 2402/2826 2297/2827 
f 2294/2821 2399/2820 2403/2828 2298/2829 
f 2295/2823 2400/2822 2404/2830 2299/2831 
f 2296/2825 2397/2824 2401/2832 2300/2833 
f 2297/2827 2402/2826 2406/2834 2301/2835 
f 2298/2829 2403/2828 2407/2836 2302/2837 
f 2299/2831 2404/2830 2408/2838 2303/2839 
f 2300/2833 2401/2832 2405/2840 2304/2841 
f 2301/2835 2406/2834 2410/2842 2305/2843 
f 2302/2837 2407/2836 2411/2844 2306/2845 
f 2303/2839 2408/2838 2412/2846 2307/2847 
f 2304/2841 2405/2840 2409/2848 2308/2849 
f 2305/2843 2410/2842 2414/2850 2309/2851 
f 2306/2845 2411/2844 2415/2852 2310/2853 
f 2307/2847 2412/2846 2416/2854 2311/2855 
f 2308/2849 2409/2848 2413/2856 2312/2857 
f 2309/2851 2414/2850 2418/2858 2313/2859 
f 2310/2853 2415/2852 2419/2860 2314/2861 
f 2311/2855 2416/2854 2420/2862 2315/2863 
f 2312/2857 2413/2856 2417/2864 2316/2865 
f 2313/2859 2418/2858 2422/2866 2317/2867 
f 2314/2861 2419/2860 2423/2868 2318/2869 
f 2315/2863 2420/2862 2424/2870 2319/2871 
f 2316/2865 2417/2864 2421/2872 2320/2873 
f 2317/2867 2422/2866 2426/2874 2321/2875 
f 2318/2869 2423/2868 2427/2876 2322/2877 
f 2319/2871 2424/2870 2428/2878 2323/2879 
f 2320/2873 2421/2872 2425/2880 2324/2881 
f 2321/2875 2426/2874 2430/2882 2325/2883 
f 2322/2877 2427/2876 2431/2884 2326/2885 
f 2323/2879 2428/2878 2432/2886 2327/2887 
f 2324/2881 2425/2880 2429/2888 2328/2889 
f 2325/2883 2430/2882 2434/2890 2329/2891 
f 2326/2885 2431/2884 2435/2892 2330/2893 
f 2327/2887 2432/2886 2436/2894 2331/2895 
f 2328/2889 2429/2888 2433/2896 2332/2897 
f 2329/2891 2434/2890 2438/2898 2333/2899 
f 2330/2893 2435/2892 2439/2900 2334/2901 
f 2331/2895 2436/2894 2440/2902 2335/2903 
f 2332/2897 2433/2896 2437/2904 2336/2905 
f 2333/2899 2438/2898 2442/2906 2337/2907 
f 2334/2901 2439/2900 2443/2908 2338/2909 
f 2335/2903 2440/2902 2444/2910 2339/2911 
f 2336/2905 2437/2904 2441/2912 2340/2913 
f 2337/2907 2442/2906 2446/2914 2341/2915 
f 2338/2909 2443/2908 2447/2916 2342/2917 
f 2339/2911 2444/2910 2448/2918 2343/2919 
f 2340/2913 2441/2912 2445/2920 2344/2921 
f 2341/2915 2446/2914 2346/2922 2449/2923 
f 2342/2917 2447/2916 2347/2924 2450/2925 
f 2343/2919 2448/2918 2348/2926 2451/2927 
f 2344/2921 2445/2920 2345/2928 2452/2929 
f 2449/2923 2346/2922 2246/2933 2245/2930 
f 2450/2925 2347/2924 2247/2936 2350/2935 
f 2451/2927 2348/2926 2352/2938 2351/2937 
f 2452/2929 2345/2928 2349/2940 2248/2939 
f 2249/2934 2353/2736 2349/2735 2245/2931 
f 2246/2723 2350/2726 2250/2729 2354/2724 
f 2247/2727 2351/2730 2251/2733 2355/2728 
f 2352/2731 2248/2734 2252/2737 2356/2732 
f 2253/2941 2357/2744 2353/2736 2249/2934 
f 2354/2724 2250/2729 2254/2741 2358/2738 
f 2355/2728 2251/2733 2255/2743 2359/2740 
f 2356/2732 2252/2737 2256/2745 2360/2742 
f 2257/2942 2361/2752 2357/2744 2253/2941 
f 2358/2738 2254/2741 2258/2749 2362/2746 
f 2359/2740 2255/2743 2259/2751 2363/2748 
f 2360/2742 2256/2745 2260/2753 2364/2750 
f 2261/2943 2365/2760 2361/2752 2257/2942 
f 2362/2746 2258/2749 2262/2757 2366/2754 
f 2363/2748 2259/2751 2263/2759 2367/2756 
f 2364/2750 2260/2753 2264/2761 2368/2758 
f 2265/2944 2369/2768 2365/2760 2261/2943 
f 2366/2754 2262/2757 2266/2765 2370/2762 
f 2367/2756 2263/2759 2267/2767 2371/2764 
f 2368/2758 2264/2761 2268/2769 2372/2766 
f 2269/2945 2373/2776 2369/2768 2265/2944 
f 2370/2762 2266/2765 2270/2773 2374/2770 
f 2371/2764 2267/2767 2271/2775 2375/2772 
f 2372/2766 2268/2769 2272/2777 2376/2774 
f 2273/2946 2377/2784 2373/2776 2269/2945 
f 2374/2770 2270/2773 2274/2781 2378/2778 
f 2375/2772 2271/2775 2275/2783 2379/2780 
f 2376/2774 2272/2777 2276/2785 2380/2782 
f 2277/2947 2381/2792 2377/2784 2273/2946 
f 2378/2778 2274/2781 2278/2789 2382/2786 
f 2379/2780 2275/2783 2279/2791 2383/2788 
f 2380/2782 2276/2785 2280/2793 2384/2790 
f 2281/2948 2385/2800 2381/2792 2277/2947 
f 2382/2786 2278/2789 2282/2797 2386/2794 
f 2383/2788 2279/2791 2283/2799 2387/2796 
f 2384/2790 2280/2793 2284/2801 2388/2798 
f 2285/2949 2389/2808 2385/2800 2281/2948 
f 2386/2794 2282/2797 2286/2805 2390/2802 
f 2387/2796 2283/2799 2287/2807 2391/2804 
f 2388/2798 2284/2801 2288/2809 2392/2806 
f 2289/2950 2393/2816 2389/2808 2285/2949 
f 2390/2802 2286/2805 2290/2813 2394/2810 
f 2391/2804 2287/2807 2291/2815 2395/2812 
f 2392/2806 2288/2809 2292/2817 2396/2814 
f 2293/2951 2397/2824 2393/2816 2289/2950 
f 2394/2810 2290/2813 2294/2821 2398/2818 
f 2395/2812 2291/2815 2295/2823 2399/2820 
f 2396/2814 2292/2817 2296/2825 2400/2822 
f 2297/2952 2401/2832 2397/2824 2293/2951 
f 2398/2818 2294/2821 2298/2829 2402/2826 
f 2399/2820 2295/2823 2299/2831 2403/2828 
f 2400/2822 2296/2825 2300/2833 2404/2830 
f 2301/2953 2405/2840 2401/2832 2297/2952 
f 2402/2826 2298/2829 2302/2837 2406/2834 
f 2403/2828 2299/2831 2303/2839 2407/2836 
f 2404/2830 2300/2833 2304/2841 2408/2838 
f 2305/2954 2409/2848 2405/2840 2301/2953 
f 2406/2834 2302/2837 2306/2845 2410/2842 
f 2407/2836 2303/2839 2307/2847 2411/2844 
f 2408/2838 2304/2841 2308/2849 2412/2846 
f 2309/2955 2413/2856 2409/2848 2305/2954 
f 2410/2842 2306/2845 2310/2853 2414/2850 
f 2411/2844 2307/2847 2311/2855 2415/2852 
f 2412/2846 2308/2849 2312/2857 2416/2854 
f 2313/2956 2417/2864 2413/2856 2309/2955 
f 2414/2850 2310/2853 2314/2861 2418/2858 
f 2415/2852 2311/2855 2315/2863 2419/2860 
f 2416/2854 2312/2857 2316/2865 2420/2862 
f 2317/2957 2421/2872 2417/2864 2313/2956 
f 2418/2858 2314/2861 2318/2869 2422/2866 
f 2419/2860 2315/2863 2319/2871 2423/2868 
f 2420/2862 2316/2865 2320/2873 2424/2870 
f 2321/2958 2425/2880 2421/2872 2317/2957 
f 2422/2866 2318/2869 2322/2877 2426/2874 
f 2423/2868 2319/2871 2323/2879 2427/2876 
f 2424/2870 2320/2873 2324/2881 2428/2878 
f 2325/2959 2429/2888 2425/2880 2321/2958 
f 2426/2874 2322/2877 2326/2885 2430/2882 
f 2427/2876 2323/2879 2327/2887 2431/2884 
f 2428/2878 2324/2881 2328/2889 2432/2886 
f 2329/2960 2433/2896 2429/2888 2325/2959 
f 2430/2882 2326/2885 2330/2893 2434/2890 
f 2431/2884 2327/2887 2331/2895 2435/2892 
f 2432/2886 2328/2889 2332/2897 2436/2894 
f 2333/2961 2437/2904 2433/2896 2329/2960 
f 2434/2890 2330/2893 2334/2901 2438/2898 
f 2435/2892 2331/2895 2335/2903 2439/2900 
f 2436/2894 2332/2897 2336/2905 2440/2902 
f 2337/2962 2441/2912 2437/2904 2333/2961 
f 2438/2898 2334/2901 2338/2909 2442/2906 
f 2439/2900 2335/2903 2339/2911 2443/2908 
f 2440/2902 2336/2905 2340/2913 2444/2910 
f 2341/2963 2445/2920 2441/2912 2337/2962 
f 2442/2906 2338/2909 2342/2917 2446/2914 
f 2443/2908 2339/2911 2343/2919 2447/2916 
f 2444/2910 2340/2913 2344/2921 2448/2918 
f 2449/2964 2345/2928 2445/2920 2341/2963 
f 2446/2914 2342/2917 2450/2925 2346/2922 
f 2447/2916 2343/2919 2451/2927 2347/2924 
f 2448/2918 2344/2921 2452/2929 2348/2926 
f 2245/2932 2349/2940 2345/2928 2449/2964 
f 2346/2922 2450/2925 2350/2935 2246/2933 
f 2347/2924 2451/2927 2351/2937 2247/2936 
f 2348/2926 2452/2929 2248/2939 2352/2938 
f 2453/2965 2454/2966 2562/2967 2457/2968 
f 2558/2969 2455/2970 2563/2971 2458/2972 
f 2559/2973 2560/2974 2564/2975 2459/2976 
f 2456/2977 2557/2978 2561/2979 2460/2980 
f 2457/2968 2562/2967 2566/2981 2461/2982 
f 2458/2972 2563/2971 2567/2983 2462/2984 
f 2459/2976 2564/2975 2568/2985 2463/2986 
f 2460/2980 2561/2979 2565/2987 2464/2988 
f 2461/2982 2566/2981 2570/2989 2465/2990 
f 2462/2984 2567/2983 2571/2991 2466/2992 
f 2463/2986 2568/2985 2572/2993 2467/2994 
f 2464/2988 2565/2987 2569/2995 2468/2996 
f 2465/2990 2570/2989 2574/2997 2469/2998 
f 2466/2992 2571/2991 2575/2999 2470/3000 
f 2467/2994 2572/2993 2576/3001 2471/3002 
f 2468/2996 2569/2995 2573/3003 2472/3004 
f 2469/2998 2574/2997 2578/3005 2473/3006 
f 2470/3000 2575/2999 2579/3007 2474/3008 
f 2471/3002 2576/3001 2580/3009 2475/3010 
f 2472/3004 2573/3003 2577/3011 2476/3012 
f 2473/3006 2578/3005 2582/3013 2477/3014 
f 2474/3008 2579/3007 2583/3015 2478/3016 
f 2475/3010 2580/3009 2584/3017 2479/3018 
f 2476/3012 2577/3011 2581/3019 2480/3020 
f 2477/3014 2582/3013 2586/3021 2481/3022 
f 2478/3016 2583/3015 2587/3023 2482/3024 
f 2479/3018 2584/3017 2588/3025 2483/3026 
f 2480/3020 2581/3019 2585/3027 2484/3028 
f 2481/3022 2586/3021 2590/3029 2485/3030 
f 2482/3024 2587/3023 2591/3031 2486/3032 
f 2483/3026 2588/3025 2592/3033 2487/3034 
f 2484/3028 2585/3027 2589/3035 2488/3036 
f 2485/3030 2590/3029 2594/3037 2489/3038 
f 2486/3032 2591/3031 2595/3039 2490/3040 
f 2487/3034 2592/3033 2596/3041 2491/3042 
f 2488/3036 2589/3035 2593/3043 2492/3044 
f 2489/3038 2594/3037 2598/3045 2493/3046 
f 2490/3040 2595/3039 2599/3047 2494/3048 
f 2491/3042 2596/3041 2600/3049 2495/3050 
f 2492/3044 2593/3043 2597/3051 2496/3052 
f 2493/3046 2598/3045 2602/3053 2497/3054 
f 2494/3048 2599/3047 2603/3055 2498/3056 
f 2495/3050 2600/3049 2604/3057 2499/3058 
f 2496/3052 2597/3051 2601/3059 2500/3060 
f 2497/3054 2602/3053 2606/3061 2501/3062 
f 2498/3056 2603/3055 2607/3063 2502/3064 
f 2499/3058 2604/3057 2608/3065 2503/3066 
f 2500/3060 2601/3059 2605/3067 2504/3068 
f 2501/3062 2606/3061 2610/3069 2505/3070 
f 2502/3064 2607/3063 2611/3071 2506/3072 
f 2503/3066 2608/3065 2612/3073 2507/3074 
f 2504/3068 2605/3067 2609/3075 2508/3076 
f 2505/3070 2610/3069 2614/3077 2509/3078 
f 2506/3072 2611/3071 2615/3079 2510/3080 
f 2507/3074 2612/3073 2616/3081 2511/3082 
f 2508/3076 2609/3075 2613/3083 2512/3084 
f 2509/3078 2614/3077 2618/3085 2513/3086 
f 2510/3080 2615/3079 2619/3087 2514/3088 
f 2511/3082 2616/3081 2620/3089 2515/3090 
f 2512/3084 2613/3083 2617/3091 2516/3092 
f 2513/3086 2618/3085 2622/3093 2517/3094 
f 2514/3088 2619/3087 2623/3095 2518/3096 
f 2515/3090 2620/3089 2624/3097 2519/3098 
f 2516/3092 2617/3091 2621/3099 2520/3100 
f 2517/3094 2622/3093 2626/3101 2521/3102 
f 2518/3096 2623/3095 2627/3103 2522/3104 
f 2519/3098 2624/3097 2628/3105 2523/3106 
f 2520/3100 2621/3099 2625/3107 2524/3108 
f 2521/3102 2626/3101 2630/3109 2525/3110 
f 2522/3104 2627/3103 2631/3111 2526/3112 
f 2523/3106 2628/3105 2632/3113 2527/3114 
f 2524/3108 2625/3107 2629/3115 2528/3116 
f 2525/3110 2630/3109 2634/3117 2529/3118 
f 2526/3112 2631/3111 2635/3119 2530/3120 
f 2527/3114 2632/3113 2636/3121 2531/3122 
f 2528/3116 2629/3115 2633/3123 2532/3124 
f 2529/3118 2634/3117 2638/3125 2533/3126 
f 2530/3120 2635/3119 2639/3127 2534/3128 
f 2531/3122 2636/3121 2640/3129 2535/3130 
f 2532/3124 2633/3123 2637/3131 2536/3132 
f 2533/3126 2638/3125 2642/3133 2537/3134 
f 2534/3128 2639/3127 2643/3135 2538/3136 
f 2535/3130 2640/3129 2644/3137 2539/3138 
f 2536/3132 2637/3131 2641/3139 2540/3140 
f 2537/3134 2642/3133 2646/3141 2541/3142 
f 2538/3136 2643/3135 2647/3143 2542/3144 
f 2539/3138 2644/3137 2648/3145 2543/3146 
f 2540/3140 2641/3139 2645/3147 2544/3148 
f 2541/3142 2646/3141 2650/3149 2545/3150 
f 2542/3144 2647/3143 2651/3151 2546/3152 
f 2543/3146 2648/3145 2652/3153 2547/3154 
f 2544/3148 2645/3147 2649/3155 2548/3156 
f 2545/3150 2650/3149 2654/3157 2549/3158 
f 2546/3152 2651/3151 2655/3159 2550/3160 
f 2547/3154 2652/3153 2656/3161 2551/3162 
f 2548/3156 2649/3155 2653/3163 2552/3164 
f 2549/3158 2654/3157 2554/3165 2657/3166 
f 2550/3160 2655/3159 2555/3167 2658/3168 
f 2551/3162 2656/3161 2556/3169 2659/3170 
f 2552/3164 2653/3163 2553/3171 2660/3172 
f 2657/3166 2554/3165 2454/3176 2453/3173 
f 2658/3168 2555/3167 2455/3179 2558/3178 
f 2659/3170 2556/3169 2560/3181 2559/3180 
f 2660/3172 2553/3171 2557/3183 2456/3182 
f 2457/3177 2561/2979 2557/2978 2453/3174 
f 2454/2966 2558/2969 2458/2972 2562/2967 
f 2455/2970 2559/2973 2459/2976 2563/2971 
f 2560/2974 2456/2977 2460/2980 2564/2975 
f 2461/3184 2565/2987 2561/2979 2457/3177 
f 2562/2967 2458/2972 2462/2984 2566/2981 
f 2563/2971 2459/2976 2463/2986 2567/2983 
f 2564/2975 2460/2980 2464/2988 2568/2985 
f 2465/3185 2569/2995 2565/2987 2461/3184 
f 2566/2981 2462/2984 2466/2992 2570/2989 
f 2567/2983 2463/2986 2467/2994 2571/2991 
f 2568/2985 2464/2988 2468/2996 2572/2993 
f 2469/3186 2573/3003 2569/2995 2465/3185 
f 2570/2989 2466/2992 2470/3000 2574/2997 
f 2571/2991 2467/2994 2471/3002 2575/2999 
f 2572/2993 2468/2996 2472/3004 2576/3001 
f 2473/3187 2577/3011 2573/3003 2469/3186 
f 2574/2997 2470/3000 2474/3008 2578/3005 
f 2575/2999 2471/3002 2475/3010 2579/3007 
f 2576/3001 2472/3004 2476/3012 2580/3009 
f 2477/3188 2581/3019 2577/3011 2473/3187 
f 2578/3005 2474/3008 2478/3016 2582/3013 
f 2579/3007 2475/3010 2479/3018 2583/3015 
f 2580/3009 2476/3012 2480/3020 2584/3017 
f 2481/3189 2585/3027 2581/3019 2477/3188 
f 2582/3013 2478/3016 2482/3024 2586/3021 
f 2583/3015 2479/3018 2483/3026 2587/3023 
f 2584/3017 2480/3020 2484/3028 2588/3025 
f 2485/3190 2589/3035 2585/3027 2481/3189 
f 2586/3021 2482/3024 2486/3032 2590/3029 
f 2587/3023 2483/3026 2487/3034 2591/3031 
f 2588/3025 2484/3028 2488/3036 2592/3033 
f 2489/3191 2593/3043 2589/3035 2485/3190 
f 2590/3029 2486/3032 2490/3040 2594/3037 
f 2591/3031 2487/3034 2491/3042 2595/3039 
f 2592/3033 2488/3036 2492/3044 2596/3041 
f 2493/3192 2597/3051 2593/3043 2489/3191 
f 2594/3037 2490/3040 2494/3048 2598/3045 
f 2595/3039 2491/3042 2495/3050 2599/3047 
f 2596/3041 2492/3044 2496/3052 2600/3049 
f 2497/3193 2601/3059 2597/3051 2493/3192 
f 2598/3045 2494/3048 2498/3056 2602/3053 
f 2599/3047 2495/3050 2499/3058 2603/3055 
f 2600/3049 2496/3052 2500/3060 2604/3057 
f 2501/3194 2605/3067 2601/3059 2497/3193 
f 2602/3053 2498/3056 2502/3064 2606/3061 
f 2603/3055 2499/3058 2503/3066 2607/3063 
f 2604/3057 2500/3060 2504/3068 2608/3065 
f 2505/3195 2609/3075 2605/3067 2501/3194 
f 2606/3061 2502/3064 2506/3072 2610/3069 
f 2607/3063 2503/3066 2507/3074 2611/3071 
f 2608/3065 2504/3068 2508/3076 2612/3073 
f 2509/3196 2613/3083 2609/3075 2505/3195 
f 2610/3069 2506/3072 2510/3080 2614/3077 
f 2611/3071 2507/3074 2511/3082 2615/3079 
f 2612/3073 2508/3076 2512/3084 2616/3081 
f 2513/3197 2617/3091 2613/3083 2509/3196 
f 2614/3077 2510/3080 2514/3088 2618/3085 
f 2615/3079 2511/3082 2515/3090 2619/3087 
f 2616/3081 2512/3084 2516/3092 2620/3089 
f 2517/3198 2621/3099 2617/3091 2513/3197 
f 2618/3085 2514/3088 2518/3096 2622/3093 
f 2619/3087 2515/3090 2519/3098 2623/3095 
f 2620/3089 2516/3092 2520/3100 2624/3097 
f 2521/3199 2625/3107 2621/3099 2517/3198 
f 2622/3093 2518/3096 2522/3104 2626/3101 
f 2623/3095 2519/3098 2523/3106 2627/3103 
f 2624/3097 2520/3100 2524/3108 2628/3105 
f 2525/3200 2629/3115 2625/3107 2521/3199 
f 2626/3101 2522/3104 2526/3112 2630/3109 
f 2627/3103 2523/3106 2527/3114 2631/3111 
f 2628/3105 2524/3108 2528/3116 2632/3113 
f 2529/3201 2633/3123 2629/3115 2525/3200 
f 2630/3109 2526/3112 2530/3120 2634/3117 
f 2631/3111 2527/3114 2531/3122 2635/3119 
f 2632/3113 2528/3116 2532/3124 2636/3121 
f 2533/3202 2637/3131 2633/3123 2529/3201 
f 2634/3117 2530/3120 2534/3128 2638/3125 
f 2635/3119 2531/3122 2535/3130 2639/3127 
f 2636/3121 2532/3124 2536/3132 2640/3129 
f 2537/3203 2641/3139 2637/3131 2533/3202 
f 2638/3125 2534/3128 2538/3136 2642/3133 
f 2639/3127 2535/3130 2539/3138 2643/3135 
f 2640/3129 2536/3132 2540/3140 2644/3137 
f 2541/3204 2645/3147 2641/3139 2537/3203 
f 2642/3133 2538/3136 2542/3144 2646/3141 
f 2643/3135 2539/3138 2543/3146 2647/3143 
f 2644/3137 2540/3140 2544/3148 2648/3145 
f 2545/3205 2649/3155 2645/3147 2541/3204 
f 2646/3141 2542/3144 2546/3152 2650/3149 
f 2647/3143 2543/3146 2547/3154 2651/3151 
f 2648/3145 2544/3148 2548/3156 2652/3153 
f 2549/3206 2653/3163 2649/3155 2545/3205 
f 2650/3149 2546/3152 2550/3160 2654/3157 
f 2651/3151 2547/3154 2551/3162 2655/3159 
f 2652/3153 2548/3156 2552/3164 2656/3161 
f 2657/3207 2553/3171 2653/3163 2549/3206 
f 2654/3157 2550/3160 2658/3168 2554/3165 
f 2655/3159 2551/3162 2659/3170 2555/3167 
f 2656/3161 2552/3164 2660/3172 2556/3169 
f 2453/3175 2557/3183 2553/3171 2657/3207 
f 2554/3165 2658/3168 2558/3178 2454/3176 
f 2555/3167 2659/3170 2559/3180 2455/3179 
f 2556/3169 2660/3172 2456/3182 2560/3181 
f 2661/3208 2662/3209 2770/3210 2665/3211 
f 2766/3212 2663/3213 2771/3214 2666/3215 
f 2767/3216 2768/3217 2772/3218 2667/3219 
f 2664/3220 2765/3221 2769/3222 2668/3223 
f 2665/3211 2770/3210 2774/3224 2669/3225 
f 2666/3215 2771/3214 2775/3226 2670/3227 
f 2667/3219 2772/3218 2776/3228 2671/3229 
f 2668/3223 2769/3222 2773/3230 2672/3231 
f 2669/3225 2774/3224 2778/3232 2673/3233 
f 2670/3227 2775/3226 2779/3234 2674/3235 
f 2671/3229 2776/3228 2780/3236 2675/3237 
f 2672/3231 2773/3230 2777/3238 2676/3239 
f 2673/3233 2778/3232 2782/3240 2677/3241 
f 2674/3235 2779/3234 2783/3242 2678/3243 
f 2675/3237 2780/3236 2784/3244 2679/3245 
f 2676/3239 2777/3238 2781/3246 2680/3247 
f 2677/3241 2782/3240 2786/3248 2681/3249 
f 2678/3243 2783/3242 2787/3250 2682/3251 
f 2679/3245 2784/3244 2788/3252 2683/3253 
f 2680/3247 2781/3246 2785/3254 2684/3255 
f 2681/3249 2786/3248 2790/3256 2685/3257 
f 2682/3251 2787/3250 2791/3258 2686/3259 
f 2683/3253 2788/3252 2792/3260 2687/3261 
f 2684/3255 2785/3254 2789/3262 2688/3263 
f 2685/3257 2790/3256 2794/3264 2689/3265 
f 2686/3259 2791/3258 2795/3266 2690/3267 
f 2687/3261 2792/3260 2796/3268 2691/3269 
f 2688/3263 2789/3262 2793/3270 2692/3271 
f 2689/3265 2794/3264 2798/3272 2693/3273 
f 2690/3267 2795/3266 2799/3274 2694/3275 
f 2691/3269 2796/3268 2800/3276 2695/3277 
f 2692/3271 2793/3270 2797/3278 2696/3279 
f 2693/3273 2798/3272 2802/3280 2697/3281 
f 2694/3275 2799/3274 2803/3282 2698/3283 
f 2695/3277 2800/3276 2804/3284 2699/3285 
f 2696/3279 2797/3278 2801/3286 2700/3287 
f 2697/3281 2802/3280 2806/3288 2701/3289 
f 2698/3283 2803/3282 2807/3290 2702/3291 
f 2699/3285 2804/3284 2808/3292 2703/3293 
f 2700/3287 2801/3286 2805/3294 2704/3295 
f 2701/3289 2806/3288 2810/3296 2705/3297 
f 2702/3291 2807/3290 2811/3298 2706/3299 
f 2703/3293 2808/3292 2812/3300 2707/3301 
f 2704/3295 2805/3294 2809/3302 2708/3303 
f 2705/3297 2810/3296 2814/3304 2709/3305 
f 2706/3299 2811/3298 2815/3306 2710/3307 
f 2707/3301 2812/3300 2816/3308 2711/3309 
f 2708/3303 2809/3302 2813/3310 2712/3311 
f 2709/3305 2814/3304 2818/3312 2713/3313 
f 2710/3307 2815/3306 2819/3314 2714/3315 
f 2711/3309 2816/3308 2820/3316 2715/3317 
f 2712/3311 2813/3310 2817/3318 2716/3319 
f 2713/3313 2818/3312 2822/3320 2717/3321 
f 2714/3315 2819/3314 2823/3322 2718/3323 
f 2715/3317 2820/3316 2824/3324 2719/3325 
f 2716/3319 2817/3318 2821/3326 2720/3327 
f 2717/3321 2822/3320 2826/3328 2721/3329 
f 2718/3323 2823/3322 2827/3330 2722/3331 
f 2719/3325 2824/3324 2828/3332 2723/3333 
f 2720/3327 2821/3326 2825/3334 2724/3335 
f 2721/3329 2826/3328 2830/3336 2725/3337 
f 2722/3331 2827/3330 2831/3338 2726/3339 
f 2723/3333 2828/3332 2832/3340 2727/3341 
f 2724/3335 2825/3334 2829/3342 2728/3343 
f 2725/3337 2830/3336 2834/3344 2729/3345 
f 2726/3339 2831/3338 2835/3346 2730/3347 
f 2727/3341 2832/3340 2836/3348 2731/3349 
f 2728/3343 2829/3342 2833/3350 2732/3351 
f 2729/3345 2834/3344 2838/3352 2733/3353 
f 2730/3347 2835/3346 2839/3354 2734/3355 
f 2731/3349 2836/3348 2840/3356 2735/3357 
f 2732/3351 2833/3350 2837/3358 2736/3359 
f 2733/3353 2838/3352 2842/3360 2737/3361 
f 2734/3355 2839/3354 2843/3362 2738/3363 
f 2735/3357 2840/3356 2844/3364 2739/3365 
f 2736/3359 2837/3358 2841/3366 2740/3367 
f 2737/3361 2842/3360 2846/3368 2741/3369 
f 2738/3363 2843/3362 2847/3370 2742/3371 
f 2739/3365 2844/3364 2848/3372 2743/3373 
f 2740/3367 2841/3366 2845/3374 2744/3375 
f 2741/3369 2846/3368 2850/3376 2745/3377 
f 2742/3371 2847/3370 2851/3378 2746/3379 
f 2743/3373 2848/3372 2852/3380 2747/3381 
f 2744/3375 2845/3374 2849/3382 2748/3383 
f 2745/3377 2850/3376 2854/3384 2749/3385 
f 2746/3379 2851/3378 2855/3386 2750/3387 
f 2747/3381 2852/3380 2856/3388 2751/3389 
f 2748/3383 2849/3382 2853/3390 2752/3391 
f 2749/3385 2854/3384 2858/3392 2753/3393 
f 2750/3387 2855/3386 2859/3394 2754/3395 
f 2751/3389 2856/3388 2860/3396 2755/3397 
f 2752/3391 2853/3390 2857/3398 2756/3399 
f 2753/3393 2858/3392 2862/3400 2757/3401 
f 2754/3395 2859/3394 2863/3402 2758/3403 
f 2755/3397 2860/3396 2864/3404 2759/3405 
f 2756/3399 2857/3398 2861/3406 2760/3407 
f 2757/3401 2862/3400 2762/3408 2865/3409 
f 2758/3403 2863/3402 2763/3410 2866/3411 
f 2759/3405 2864/3404 2764/3412 2867/3413 
f 2760/3407 2861/3406 2761/3414 2868/3415 
f 2865/3409 2762/3408 2662/3419 2661/3416 
f 2866/3411 2763/3410 2663/3422 2766/3421 
f 2867/3413 2764/3412 2768/3424 2767/3423 
f 2868/3415 2761/3414 2765/3426 2664/3425 
f 2665/3420 2769/3222 2765/3221 2661/3417 
f 2662/3209 2766/3212 2666/3215 2770/3210 
f 2663/3213 2767/3216 2667/3219 2771/3214 
f 2768/3217 2664/3220 2668/3223 2772/3218 
f 2669/3427 2773/3230 2769/3222 2665/3420 
f 2770/3210 2666/3215 2670/3227 2774/3224 
f 2771/3214 2667/3219 2671/3229 2775/3226 
f 2772/3218 2668/3223 2672/3231 2776/3228 
f 2673/3428 2777/3238 2773/3230 2669/3427 
f 2774/3224 2670/3227 2674/3235 2778/3232 
f 2775/3226 2671/3229 2675/3237 2779/3234 
f 2776/3228 2672/3231 2676/3239 2780/3236 
f 2677/3429 2781/3246 2777/3238 2673/3428 
f 2778/3232 2674/3235 2678/3243 2782/3240 
f 2779/3234 2675/3237 2679/3245 2783/3242 
f 2780/3236 2676/3239 2680/3247 2784/3244 
f 2681/3430 2785/3254 2781/3246 2677/3429 
f 2782/3240 2678/3243 2682/3251 2786/3248 
f 2783/3242 2679/3245 2683/3253 2787/3250 
f 2784/3244 2680/3247 2684/3255 2788/3252 
f 2685/3431 2789/3262 2785/3254 2681/3430 
f 2786/3248 2682/3251 2686/3259 2790/3256 
f 2787/3250 2683/3253 2687/3261 2791/3258 
f 2788/3252 2684/3255 2688/3263 2792/3260 
f 2689/3432 2793/3270 2789/3262 2685/3431 
f 2790/3256 2686/3259 2690/3267 2794/3264 
f 2791/3258 2687/3261 2691/3269 2795/3266 
f 2792/3260 2688/3263 2692/3271 2796/3268 
f 2693/3433 2797/3278 2793/3270 2689/3432 
f 2794/3264 2690/3267 2694/3275 2798/3272 
f 2795/3266 2691/3269 2695/3277 2799/3274 
f 2796/3268 2692/3271 2696/3279 2800/3276 
f 2697/3434 2801/3286 2797/3278 2693/3433 
f 2798/3272 2694/3275 2698/3283 2802/3280 
f 2799/3274 2695/3277 2699/3285 2803/3282 
f 2800/3276 2696/3279 2700/3287 2804/3284 
f 2701/3435 2805/3294 2801/3286 2697/3434 
f 2802/3280 2698/3283 2702/3291 2806/3288 
f 2803/3282 2699/3285 2703/3293 2807/3290 
f 2804/3284 2700/3287 2704/3295 2808/3292 
f 2705/3436 2809/3302 2805/3294 2701/3435 
f 2806/3288 2702/3291 2706/3299 2810/3296 
f 2807/3290 2703/3293 2707/3301 2811/3298 
f 2808/3292 2704/3295 2708/3303 2812/3300 
f 2709/3437 2813/3310 2809/3302 2705/3436 
f 2810/3296 2706/3299 2710/3307 2814/3304 
f 2811/3298 2707/3301 2711/3309 2815/3306 
f 2812/3300 2708/3303 2712/3311 2816/3308 
f 2713/3438 2817/3318 2813/3310 2709/3437 
f 2814/3304 2710/3307 2714/3315 2818/3312 
f 2815/3306 2711/3309 2715/3317 2819/3314 
f 2816/3308 2712/3311 2716/3319 2820/3316 
f 2717/3439 2821/3326 2817/3318 2713/3438 
f 2818/3312 2714/3315 2718/3323 2822/3320 
f 2819/3314 2715/3317 2719/3325 2823/3322 
f 2820/3316 2716/3319 2720/3327 2824/3324 
f 2721/3440 2825/3334 2821/3326 2717/3439 
f 2822/3320 2718/3323 2722/3331 2826/3328 
f 2823/3322 2719/3325 2723/3333 2827/3330 
f 2824/3324 2720/3327 2724/3335 2828/3332 
f 2725/3441 2829/3342 2825/3334 2721/3440 
f 2826/3328 2722/3331 2726/3339 2830/3336 
f 2827/3330 2723/3333 2727/3341 2831/3338 
f 2828/3332 2724/3335 2728/3343 2832/3340 
f 2729/3442 2833/3350 2829/3342 2725/3441 
f 2830/3336 2726/3339 2730/3347 2834/3344 
f 2831/3338 2727/3341 2731/3349 2835/3346 
f 2832/3340 2728/3343 2732/3351 2836/3348 
f 2733/3443 2837/3358 2833/3350 2729/3442 
f 2834/3344 2730/3347 2734/3355 2838/3352 
f 2835/3346 2731/3349 2735/3357 2839/3354 
f 2836/3348 2732/3351 2736/3359 2840/3356 
f 2737/3444 2841/3366 2837/3358 2733/3443 
f 2838/3352 2734/3355 2738/3363 2842/3360 
f 2839/3354 2735/3357 2739/3365 2843/3362 
f 2840/3356 2736/3359 2740/3367 2844/3364 
f 2741/3445 2845/3374 2841/3366 2737/3444 
f 2842/3360 2738/3363 2742/3371 2846/3368 
f 2843/3362 2739/3365 2743/3373 2847/3370 
f 2844/3364 2740/3367 2744/3375 2848/3372 
f 2745/3446 2849/3382 2845/3374 2741/3445 
f 2846/3368 2742/3371 2746/3379 2850/3376 
f 2847/3370 2743/3373 2747/3381 2851/3378 
f 2848/3372 2744/3375 2748/3383 2852/3380 
f 2749/3447 2853/3390 2849/3382 2745/3446 
f 2850/3376 2746/3379 2750/3387 2854/3384 
f 2851/3378 2747/3381 2751/3389 2855/3386 
f 2852/3380 2748/3383 2752/3391 2856/3388 
f 2753/3448 2857/3398 2853/3390 2749/3447 
f 2854/3384 2750/3387 2754/3395 2858/3392 
f 2855/3386 2751/3389 2755/3397 2859/3394 
f 2856/3388 2752/3391 2756/3399 2860/3396 
f 2757/3449 2861/3406 2857/3398 2753/3448 
f 2858/3392 2754/3395 2758/3403 2862/3400 
f 2859/3394 2755/3397 2759/3405 2863/3402 
f 2860/3396 2756/3399 2760/3407 2864/3404 
f 2865/3450 2761/3414 2861/3406 2757/3449 
f 2862/3400 2758/3403 2866/3411 2762/3408 
f 2863/3402 2759/3405 2867/3413 2763/3410 
f 2864/3404 2760/3407 2868/3415 2764/3412 
f 2661/3418 2765/3426 2761/3414 2865/3450 
f 2762/3408 2866/3411 2766/3421 2662/3419 
f 2763/3410 2867/3413 2767/3423 2663/3422 
f 2764/3412 2868/3415 2664/3425 2768/3424 
f 2869/3451 2870/3463 2871/3464 
f 2869/3452 2871/3464 2872/3465 
f 2869/3453 2872/3465 2873/3466 
f 2869/3454 2873/3466 2874/3467 
f 2869/3455 2874/3467 2875/3468 
f 2869/3456 2875/3468 2876/3469 
f 2869/3457 2876/3469 2877/3470 
f 2869/3458 2877/3470 2878/3471 
f 2869/3459 2878/3471 2879/3472 
f 2869/3460 2879/3472 2880/3473 
f 2869/3461 2880/3473 2881/3474 
f 2869/3462 2881/3474 2870/3475 
f 2883/3477 2871/3464 2870/3463 2882/3476 
f 2884/3478 2872/3465 2871/3464 2883/3477 
f 2885/3479 2873/3466 2872/3465 2884/3478 
f 2886/3480 2874/3467 2873/3466 2885/3479 
f 2887/3481 2875/3468 2874/3467 2886/3480 
f 2888/3482 2876/3469 2875/3468 2887/3481 
f 2889/3483 2877/3470 2876/3469 2888/3482 
f 2890/3484 2878/3471 2877/3470 2889/3483 
f 2891/3485 2879/3472 2878/3471 2890/3484 
f 2892/3486 2880/3473 2879/3472 2891/3485 
f 2893/3487 2881/3474 2880/3473 2892/3486 
f 2882/3488 2870/3475 2881/3474 2893/3487 
f 2895/3490 2883/3477 2882/3476 2894/3489 
f 2896/3491 2884/3478 2883/3477 2895/3490 
f 2897/3492 2885/3479 2884/3478 2896/3491 
f 2898/3493 2886/3480 2885/3479 2897/3492 
f 2899/3494 2887/3481 2886/3480 2898/3493 
f 2900/3495 2888/3482 2887/3481 2899/3494 
f 2901/3496 2889/3483 2888/3482 2900/3495 
f 2902/3497 2890/3484 2889/3483 2901/3496 
f 2903/3498 2891/3485 2890/3484 2902/3497 
f 2904/3499 2892/3486 2891/3485 2903/3498 
f 2905/3500 2893/3487 2892/3486 2904/3499 
f 2894/3501 2882/3488 2893/3487 2905/3500 
f 2907/3503 2895/3490 2894/3489 2906/3502 
f 2908/3504 2896/3491 2895/3490 2907/3503 
f 2909/3505 2897/3492 2896/3491 2908/3504 
f 2910/3506 2898/3493 2897/3492 2909/3505 
f 2911/3507 2899/3494 2898/3493 2910/3506 
f 2912/3508 2900/3495 2899/3494 2911/3507 
f 2913/3509 2901/3496 2900/3495 2912/3508 
f 2914/3510 2902/3497 2901/3496 2913/3509 
f 2915/3511 2903/3498 2902/3497 2914/3510 
f 2916/3512 2904/3499 2903/3498 2915/3511 
f 2917/3513 2905/3500 2904/3499 2916/3512 
f 2906/3514 2894/3501 2905/3500 2917/3513 
f 2919/3516 2907/3503 2906/3502 2918/3515 
f 2920/3517 2908/3504 2907/3503 2919/3516 
f 2921/3518 2909/3505 2908/3504 2920/3517 
f 2922/3519 2910/3506 2909/3505 2921/3518 
f 2923/3520 2911/3507 2910/3506 2922/3519 
f 2924/3521 2912/3508 2911/3507 2923/3520 
f 2925/3522 2913/3509 2912/3508 2924/3521 
f 2926/3523 2914/3510 2913/3509 2925/3522 
f 2927/3524 2915/3511 2914/3510 2926/3523 
f 2928/3525 2916/3512 2915/3511 2927/3524 
f 2929/3526 2917/3513 2916/3512 2928/3525 
f 2918/3527 2906/3514 2917/3513 2929/3526 
f 2930/3528 2919/3516 2918/3515 
f 2930/3529 2920/3517 2919/3516 
f 2930/3530 2921/3518 2920/3517 
f 2930/3531 2922/3519 2921/3518 
f 2930/3532 2923/3520 2922/3519 
f 2930/3533 2924/3521 2923/3520 
f 2930/3534 2925/3522 2924/3521 
f 2930/3535 2926/3523 2925/3522 
f 2930/3536 2927/3524 2926/3523 
f 2930/3537 2928/3525 2927/3524 
f 2930/3538 2929/3526 2928/3525 
f 2930/3539 2918/3527 2929/3526 
f 2931/3540 2932/3552 2933/3553 
f 2931/3541 2933/3553 2934/3554 
f 2931/3542 2934/3554 2935/3555 
f 2931/3543 2935/3555 2936/3556 
f 2931/3544 2936/3556 2937/3557 
f 2931/3545 2937/3557 2938/3558 
f 2931/3546 2938/3558 2939/3559 
f 2931/3547 2939/3559 2940/3560 
f 2931/3548 2940/3560 2941/3561 
f 2931/3549 2941/3561 2942/3562 
f 2931/3550 2942/3562 2943/3563 
f 2931/3551 2943/3563 2932/3564 
f 2945/3566 2933/3553 2932/3552 2944/3565 
f 2946/3567 2934/3554 2933/3553 2945/3566 
f 2947/3568 2935/3555 2934/3554 2946/3567 
f 2948/3569 2936/3556 2935/3555 2947/3568 
f 2949/3570 2937/3557 2936/3556 2948/3569 
f 2950/3571 2938/3558 2937/3557 2949/3570 
f 2951/3572 2939/3559 2938/3558 2950/3571 
f 2952/3573 2940/3560 2939/3559 2951/3572 
f 2953/3574 2941/3561 2940/3560 2952/3573 
f 2954/3575 2942/3562 2941/3561 2953/3574 
f 2955/3576 2943/3563 2942/3562 2954/3575 
f 2944/3577 2932/3564 2943/3563 2955/3576 
f 2957/3579 2945/3566 2944/3565 2956/3578 
f 2958/3580 2946/3567 2945/3566 2957/3579 
f 2959/3581 2947/3568 2946/3567 2958/3580 
f 2960/3582 2948/3569 2947/3568 2959/3581 
f 2961/3583 2949/3570 2948/3569 2960/3582 
f 2962/3584 2950/3571 2949/3570 2961/3583 
f 2963/3585 2951/3572 2950/3571 2962/3584 
f 2964/3586 2952/3573 2951/3572 2963/3585 
f 2965/3587 2953/3574 2952/3573 2964/3586 
f 2966/3588 2954/3575 2953/3574 2965/3587 
f 2967/3589 2955/3576 2954/3575 2966/3588 
f 2956/3590 2944/3577 2955/3576 2967/3589 
f 2969/3592 2957/3579 2956/3578 2968/3591 
f 2970/3593 2958/3580 2957/3579 2969/3592 
f 2971/3594 2959/3581 2958/3580 2970/3593 
f 2972/3595 2960/3582 2959/3581 2971/3594 
f 2973/3596 2961/3583 2960/3582 2972/3595 
f 2974/3597 2962/3584 2961/3583 2973/3596 
f 2975/3598 2963/3585 2962/3584 2974/3597 
f 2976/3599 2964/3586 2963/3585 2975/3598 
f 2977/3600 2965/3587 2964/3586 2976/3599 
f 2978/3601 2966/3588 2965/3587 2977/3600 
f 2979/3602 2967/3589 2966/3588 2978/3601 
f 2968/3603 2956/3590 2967/3589 2979/3602 
f 2981/3605 2969/3592 2968/3591 2980/3604 
f 2982/3606 2970/3593 2969/3592 2981/3605 
f 2983/3607 2971/3594 2970/3593 2982/3606 
f 2984/3608 2972/3595 2971/3594 2983/3607 
f 2985/3609 2973/3596 2972/3595 2984/3608 
f 2986/3610 2974/3597 2973/3596 2985/3609 
f 2987/3611 2975/3598 2974/3597 2986/3610 
f 2988/3612 2976/3599 2975/3598 2987/3611 
f 2989/3613 2977/3600 2976/3599 2988/3612 
f 2990/3614 2978/3601 2977/3600 2989/3613 
f 2991/3615 2979/3602 2978/3601 2990/3614 
f 2980/3616 2968/3603 2979/3602 2991/3615 
f 2992/3617 2981/3605 2980/3604 
f 2992/3618 2982/3606 2981/3605 
f 2992/3619 2983/3607 2982/3606 
f 2992/3620 2984/3608 2983/3607 
f 2992/3621 2985/3609 2984/3608 
f 2992/3622 2986/3610 2985/3609 
f 2992/3623 2987/3611 2986/3610 
f 2992/3624 2988/3612 2987/3611 
f 2992/3625 2989/3613 2988/3612 
f 2992/3626 2990/3614 2989/3613 
f 2992/3627 2991/3615 2990/3614 
f 2992/3628 2980/3616 2991/3615 
f 2993/3629 2994/3641 2995/3642 
f 2993/3630 2995/3642 2996/3643 
f 2993/3631 2996/3643 2997/3644 
f 2993/3632 2997/3644 2998/3645 
f 2993/3633 2998/3645 2999/3646 
f 2993/3634 2999/3646 3000/3647 
f 2993/3635 3000/3647 3001/3648 
f 2993/3636 3001/3648 3002/3649 
f 2993/3637 3002/3649 3003/3650 
f 2993/3638 3003/3650 3004/3651 
f 2993/3639 3004/3651 3005/3652 
f 2993/3640 3005/3652 2994/3653 
f 3007/3655 2995/3642 2994/3641 3006/3654 
f 3008/3656 2996/3643 2995/3642 3007/3655 
f 3009/3657 2997/3644 2996/3643 3008/3656 
f 3010/3658 2998/3645 2997/3644 3009/3657 
f 3011/3659 2999/3646 2998/3645 3010/3658 
f 3012/3660 3000/3647 2999/3646 3011/3659 
f 3013/3661 3001/3648 3000/3647 3012/3660 
f 3014/3662 3002/3649 3001/3648 3013/3661 
f 3015/3663 3003/3650 3002/3649 3014/3662 
f 3016/3664 3004/3651 3003/3650 3015/3663 
f 3017/3665 3005/3652 3004/3651 3016/3664 
f 3006/3666 2994/3653 3005/3652 3017/3665 
f 3019/3668 3007/3655 3006/3654 3018/3667 
f 3020/3669 3008/3656 3007/3655 3019/3668 
f 3021/3670 3009/3657 3008/3656 3020/3669 
f 3022/3671 3010/3658 3009/3657 3021/3670 
f 3023/3672 3011/3659 3010/3658 3022/3671 
f 3024/3673 3012/3660 3011/3659 3023/3672 
f 3025/3674 3013/3661 3012/3660 3024/3673 
f 3026/3675 3014/3662 3013/3661 3025/3674 
f 3027/3676 3015/3663 3014/3662 3026/3675 
f 3028/3677 3016/3664 3015/3663 3027/3676 
f 3029/3678 3017/3665 3016/3664 3028/3677 
f 3018/3679 3006/3666 3017/3665 3029/3678 
f 3031/3681 3019/3668 3018/3667 3030/3680 
f 3032/3682 3020/3669 3019/3668 3031/3681 
f 3033/3683 3021/3670 3020/3669 3032/3682 
f 3034/3684 3022/3671 3021/3670 3033/3683 
f 3035/3685 3023/3672 3022/3671 3034/3684 
f 3036/3686 3024/3673 3023/3672 3035/3685 
f 3037/3687 3025/3674 3024/3673 3036/3686 
f 3038/3688 3026/3675 3025/3674 3037/3687 
f 3039/3689 3027/3676 3026/3675 3038/3688 
f 3040/3690 3028/3677 3027/3676 3039/3689 
f 3041/3691 3029/3678 3028/3677 3040/3690 
f 3030/3692 3018/3679 3029/3678 3041/3691 
f 3043/3694 3031/3681 3030/3680 3042/3693 
f 3044/3695 3032/3682 3031/3681 3043/3694 
f 3045/3696 3033/3683 3032/3682 3044/3695 
f 3046/3697 3034/3684 3033/3683 3045/3696 
f 3047/3698 3035/3685 3034/3684 3046/3697 
f 3048/3699 3036/3686 3035/3685 3047/3698 
f 3049/3700 3037/3687 3036/3686 3048/3699 
f 3050/3701 3038/3688 3037/3687 3049/3700 
f 3051/3702 3039/3689 3038/3688 3050/3701 
f 3052/3703 3040/3690 3039/3689 3051/3702 
f 3053/3704 3041/3691 3040/3690 3052/3703 
f 3042/3705 3030/3692 3041/3691 3053/3704 
f 3054/3706 3043/3694 3042/3693 
f 3054/3707 3044/3695 3043/3694 
f 3054/3708 3045/3696 3044/3695 
f 3054/3709 3046/3697 3045/3696 
f 3054/3710 3047/3698 3046/3697 
f 3054/3711 3048/3699 3047/3698 
f 3054/3712 3049/3700 3048/3699 
f 3054/3713 3050/3701 3049/3700 
f 3054/3714 3051/3702 3050/3701 
f 3054/3715 3052/3703 3051/3702 
f 3054/3716 3053/3704 3052/3703 
f 3054/3717 3042/3705 3053/3704 
f 3055/3718 3056/3730 3057/3731 
f 3055/3719 3057/3731 3058/3732 
f 3055/3720 3058/3732 3059/3733 
f 3055/3721 3059/3733 3060/3734 
f 3055/3722 3060/3734 3061/3735 
f 3055/3723 3061/3735 3062/3736 
f 3055/3724 3062/3736 3063/3737 
f 3055/3725 3063/3737 3064/3738 
f 3055/3726 3064/3738 3065/3739 
f 3055/3727 3065/3739 3066/3740 
f 3055/3728 3066/3740 3067/3741 
f 3055/3729 3067/3741 3056/3742 
f 3069/3744 3057/3731 3056/3730 3068/3743 
f 3070/3745 3058/3732 3057/3731 3069/3744 
f 3071/3746 3059/3733 3058/3732 3070/3745 
f 3072/3747 3060/3734 3059/3733 3071/3746 
f 3073/3748 3061/3735 3060/3734 3072/3747 
f 3074/3749 3062/3736 3061/3735 3073/3748 
f 3075/3750 3063/3737 3062/3736 3074/3749 
f 3076/3751 3064/3738 3063/3737 3075/3750 
f 3077/3752 3065/3739 3064/3738 3076/3751 
f 3078/3753 3066/3740 3065/3739 3077/3752 
f 3079/3754 3067/3741 3066/3740 3078/3753 
f 3068/3755 3056/3742 3067/3741 3079/3754 
f 3081/3757 3069/3744 3068/3743 3080/3756 
f 3082/3758 3070/3745 3069/3744 3081/3757 
f 3083/3759 3071/3746 3070/3745 3082/3758 
f 3084/3760 3072/3747 3071/3746 3083/3759 
f 3085/3761 3073/3748 3072/3747 3084/3760 
f 3086/3762 3074/3749 3073/3748 3085/3761 
f 3087/3763 3075/3750 3074/3749 3086/3762 
f 3088/3764 3076/3751 3075/3750 3087/3763 
f 3089/3765 3077/3752 3076/3751 3088/3764 
f 3090/3766 3078/3753 3077/3752 3089/3765 
f 3091/3767 3079/3754 3078/3753 3090/3766 
f 3080/3768 3068/3755 3079/3754 3091/3767 
f 3093/3770 3081/3757 3080/3756 3092/3769 
f 3094/3771 3082/3758 3081/3757 3093/3770 
f 3095/3772 3083/3759 3082/3758 3094/3771 
f 3096/3773 3084/3760 3083/3759 3095/3772 
f 3097/3774 3085/3761 3084/3760 3096/3773 
f 3098/3775 3086/3762 3085/3761 3097/3774 
f 3099/3776 3087/3763 3086/3762 3098/3775 
f 3100/3777 3088/3764 3087/3763 3099/3776 
f 3101/3778 3089/3765 3088/3764 3100/3777 
f 3102/3779 3090/3766 3089/3765 3101/3778 
f 3103/3780 3091/3767 3090/3766 3102/3779 
f 3092/3781 3080/3768 3091/3767 3103/3780 
f 3105/3783 3093/3770 3092/3769 3104/3782 
f 3106/3784 3094/3771 3093/3770 3105/3783 
f 3107/3785 3095/3772 3094/3771 3106/3784 
f 3108/3786 3096/3773 3095/3772 3107/3785 
f 3109/3787 3097/3774 3096/3773 3108/3786 
f 3110/3788 3098/3775 3097/3774 3109/3787 
f 3111/3789 3099/3776 3098/3775 3110/3788 
f 3112/3790 3100/3777 3099/3776 3111/3789 
f 3113/3791 3101/3778 3100/3777 3112/3790 
f 3114/3792 3102/3779 3101/3778 3113/3791 
f 3115/3793 3103/3780 3102/3779 3114/3792 
f 3104/3794 3092/3781 3103/3780 3115/3793 
f 3116/3795 3105/3783 3104/3782 
f 3116/3796 3106/3784 3105/3783 
f 3116/3797 3107/3785 3106/3784 
f 3116/3798 3108/3786 3107/3785 
f 3116/3799 3109/3787 3108/3786 
f 3116/3800 3110/3788 3109/3787 
f 3116/3801 3111/3789 3110/3788 
f 3116/3802 3112/3790 3111/3789 
f 3116/3803 3113/3791 3112/3790 
f 3116/3804 3114/3792 3113/3791 
f 3116/3805 3115/3793 3114/3792 
f 3116/3806 3104/3794 3115/3793 
f 3117/3807 3118/3819 3119/3820 
f 3117/3808 3119/3820 3120/3821 
f 3117/3809 3120/3821 3121/3822 
f 3117/3810 3121/3822 3122/3823 
f 3117/3811 3122/3823 3123/3824 
f 3117/3812 3123/3824 3124/3825 
f 3117/3813 3124/3825 3125/3826 
f 3117/3814 3125/3826 3126/3827 
f 3117/3815 3126/3827 3127/3828 
f 3117/3816 3127/3828 3128/3829 
f 3117/3817 3128/3829 3129/3830 
f 3117/3818 3129/3830 3118/3831 
f 3131/3833 3119/3820 3118/3819 3130/3832 
f 3132/3834 3120/3821 3119/3820 3131/3833 
f 3133/3835 3121/3822 3120/3821 3132/3834 
f 3134/3836 3122/3823 3121/3822 3133/3835 
f 3135/3837 3123/3824 3122/3823 3134/3836 
f 3136/3838 3124/3825 3123/3824 3135/3837 
f 3137/3839 3125/3826 3124/3825 3136/3838 
f 3138/3840 3126/3827 3125/3826 3137/3839 
f 3139/3841 3127/3828 3126/3827 3138/3840 
f 3140/3842 3128/3829 3127/3828 3139/3841 
f 3141/3843 3129/3830 3128/3829 3140/3842 
f 3130/3844 3118/3831 3129/3830 3141/3843 
f 3143/3846 3131/3833 3130/3832 3142/3845 
f 3144/3847 3132/3834 3131/3833 3143/3846 
f 3145/3848 3133/3835 3132/3834 3144/3847 
f 3146/3849 3134/3836 3133/3835 3145/3848 
f 3147/3850 3135/3837 3134/3836 3146/3849 
f 3148/3851 3136/3838 3135/3837 3147/3850 
f 3149/3852 3137/3839 3136/3838 3148/3851 
f 3150/3853 3138/3840 3137/3839 3149/3852 
f 3151/3854 3139/3841 3138/3840 3150/3853 
f 3152/3855 3140/3842 3139/3841 3151/3854 
f 3153/3856 3141/3843 3140/3842 3152/3855 
f 3142/3857 3130/3844 3141/3843 3153/3856 
f 3155/3859 3143/3846 3142/3845 3154/3858 
f 3156/3860 3144/3847 3143/3846 3155/3859 
f 3157/3861 3145/3848 3144/3847 3156/3860 
f 3158/3862 3146/3849 3145/3848 3157/3861 
f 3159/3863 3147/3850 3146/3849 3158/3862 
f 3160/3864 3148/3851 3147/3850 3159/3863 
f 3161/3865 3149/3852 3148/3851 3160/3864 
f 3162/3866 3150/3853 3149/3852 3161/3865 
f 3163/3867 3151/3854 3150/3853 3162/3866 
f 3164/3868 3152/3855 3151/3854 3163/3867 
f 3165/3869 3153/3856 3152/3855 3164/3868 
f 3154/3870 3142/3857 3153/3856 3165/3869 
f 3167/3872 3155/3859 3154/3858 3166/3871 
f 3168/3873 3156/3860 3155/3859 3167/3872 
f 3169/3874 3157/3861 3156/3860 3168/3873 
f 3170/3875 3158/3862 3157/3861 3169/3874 
f 3171/3876 3159/3863 3158/3862 3170/3875 
f 3172/3877 3160/3864 3159/3863 3171/3876 
f 3173/3878 3161/3865 3160/3864 3172/3877 
f 3174/3879 3162/3866 3161/3865 3173/3878 
f 3175/3880 3163/3867 3162/3866 3174/3879 
f 3176/3881 3164/3868 3163/3867 3175/3880 
f 3177/3882 3165/3869 3164/3868 3176/3881 
f 3166/3883 3154/3870 3165/3869 3177/3882 
f 3178/3884 3167/3872 3166/3871 
f 3178/3885 3168/3873 3167/3872 
f 3178/3886 3169/3874 3168/3873 
f 3178/3887 3170/3875 3169/3874 
f 3178/3888 3171/3876 3170/3875 
f 3178/3889 3172/3877 3171/3876 
f 3178/3890 3173/3878 3172/3877 
f 3178/3891 3174/3879 3173/3878 
f 3178/3892 3175/3880 3174/3879 
f 3178/3893 3176/3881 3175/3880 
f 3178/3894 3177/3882 3176/3881 
f 3178/3895 3166/3883 3177/3882 
f 3179/3896 3180/3908 3181/3909 
f 3179/3897 3181/3909 3182/3910 
f 3179/3898 3182/3910 3183/3911 
f 3179/3899 3183/3911 3184/3912 
f 3179/3900 3184/3912 3185/3913 
f 3179/3901 3185/3913 3186/3914 
f 3179/3902 3186/3914 3187/3915 
f 3179/3903 3187/3915 3188/3916 
f 3179/3904 3188/3916 3189/3917 
f 3179/3905 3189/3917 3190/3918 
f 3179/3906 3190/3918 3191/3919 
f 3179/3907 3191/3919 3180/3920 
f 3193/3922 3181/3909 3180/3908 3192/3921 
f 3194/3923 3182/3910 3181/3909 3193/3922 
f 3195/3924 3183/3911 3182/3910 3194/3923 
f 3196/3925 3184/3912 3183/3911 3195/3924 
f 3197/3926 3185/3913 3184/3912 3196/3925 
f 3198/3927 3186/3914 3185/3913 3197/3926 
f 3199/3928 3187/3915 3186/3914 3198/3927 
f 3200/3929 3188/3916 3187/3915 3199/3928 
f 3201/3930 3189/3917 3188/3916 3200/3929 
f 3202/3931 3190/3918 3189/3917 3201/3930 
f 3203/3932 3191/3919 3190/3918 3202/3931 
f 3192/3933 3180/3920 3191/3919 3203/3932 
f 3205/3935 3193/3922 3192/3921 3204/3934 
f 3206/3936 3194/3923 3193/3922 3205/3935 
f 3207/3937 3195/3924 3194/3923 3206/3936 
f 3208/3938 3196/3925 3195/3924 3207/3937 
f 3209/3939 3197/3926 3196/3925 3208/3938 
f 3210/3940 3198/3927 3197/3926 3209/3939 
f 3211/3941 3199/3928 3198/3927 3210/3940 
f 3212/3942 3200/3929 3199/3928 3211/3941 
f 3213/3943 3201/3930 3200/3929 3212/3942 
f 3214/3944 3202/3931 3201/3930 3213/3943 
f 3215/3945 3203/3932 3202/3931 3214/3944 
f 3204/3946 3192/3933 3203/3932 3215/3945 
f 3217/3948 3205/3935 3204/3934 3216/3947 
f 3218/3949 3206/3936 3205/3935 3217/3948 
f 3219/3950 3207/3937 3206/3936 3218/3949 
f 3220/3951 3208/3938 3207/3937 3219/3950 
f 3221/3952 3209/3939 3208/3938 3220/3951 
f 3222/3953 3210/3940 3209/3939 3221/3952 
f 3223/3954 3211/3941 3210/3940 3222/3953 
f 3224/3955 3212/3942 3211/3941 3223/3954 
f 3225/3956 3213/3943 3212/3942 3224/3955 
f 3226/3957 3214/3944 3213/3943 3225/3956 
f 3227/3958 3215/3945 3214/3944 3226/3957 
f 3216/3959 3204/3946 3215/3945 3227/3958 
f 3229/3961 3217/3948 3216/3947 3228/3960 
f 3230/3962 3218/3949 3217/3948 3229/3961 
f 3231/3963 3219/3950 3218/3949 3230/3962 
f 3232/3964 3220/3951 3219/3950 3231/3963 
f 3233/3965 3221/3952 3220/3951 3232/3964 
f 3234/3966 3222/3953 3221/3952 3233/3965 
f 3235/3967 3223/3954 3222/3953 3234/3966 
f 3236/3968 3224/3955 3223/3954 3235/3967 
f 3237/3969 3225/3956 3224/3955 3236/3968 
f 3238/3970 3226/3957 3225/3956 3237/3969 
f 3239/3971 3227/3958 3226/3957 3238/3970 
f 3228/3972 3216/3959 3227/3958 3239/3971 
f 3240/3973 3229/3961 3228/3960 
f 3240/3974 3230/3962 3229/3961 
f 3240/3975 3231/3963 3230/3962 
f 3240/3976 3232/3964 3231/3963 
f 3240/3977 3233/3965 3232/3964 
f 3240/3978 3234/3966 3233/3965 
f 3240/3979 3235/3967 3234/3966 
f 3240/3980 3236/3968 3235/3967 
f 3240/3981 3237/3969 3236/3968 
f 3240/3982 3238/3970 3237/3969 
f 3240/3983 3239/3971 3238/3970 
f 3240/3984 3228/3972 3239/3971 
# 3072 polygons - 288 triangles

